timestamp_abrigo;tbs;ur;tgn;tpo
1476587169;22274;66062;26769;15652
1476588069;22250;66347;26695;15696
1476588969;22178;66565;26695;15679
1476589869;22106;66927;26598;15696
1476590769;22058;67292;26573;15735
1476591669;22034;67689;26524;15805
1476592569;22011;67827;26573;15814
1476593469;21987;68052;26524;15843
1476594369;21939;68385;26524;15874
1476595269;21915;68722;26475;15928
1476596169;21891;69057;26524;15981
1476597069;21891;69284;26524;16032
1476597969;21795;69295;26402;15944
1476598869;21700;69419;26280;15880
1476599769;21652;69692;26256;15896
1476600669;21604;69936;26207;15905
1476601569;21604;70245;26256;15974
1476602469;21604;70441;26231;16018
1476603369;21509;70480;26256;15935
1476604269;21461;70527;26158;15899
1476605169;21390;70681;26207;15865
1476606069;21318;70891;26182;15843
1476606969;21294;71054;26109;15856
1476607869;21437;72080;26182;16218
1476608769;21581;71580;26256;16247
1476609669;21604;71390;26207;16228
1476610569;21652;71371;26231;16269
1476611469;21724;71357;26280;16335
1476612369;21772;71338;26280;16377
1476613269;21819;71458;26426;16449
1476614169;22011;71717;26500;16690
1476615069;22274;71599;26769;16917
1476615969;22561;71262;26965;17118
1476616869;22872;70788;27112;17311
1476617769;23184;69915;27161;17413
1476618669;23400;69216;27407;17461
1476619569;23713;69102;27530;17733
1476620469;24653;65712;28122;17830
1476621369;26036;59438;28941;17541
1476622269;26598;57426;29140;17520
1476623169;26916;55631;29414;17313
1476624069;27284;54833;29715;17426
1476624969;29040;59803;30874;20456
1476625869;31382;50823;32304;19993
1476626769;31919;47257;32717;19310
1476627669;32098;46978;32717;19378
1476628569;33600;40166;33783;18218
1476629469;35075;33963;34704;16857
1476630369;39403;32459;37453;19892
1476631269;40631;33074;38365;21260
1476632169;42031;26857;39065;19084
1476633069;41385;25646;38812;17803
1476633969;40171;26049;37866;17031
1476634869;39149;27506;37398;17028
1476635769;39431;29896;37535;18594
1476636669;39829;30112;37838;19049
1476637569;39886;27858;37728;17854
1476638469;38700;26804;36851;16240
1476639369;37866;28004;36335;16222
1476640269;36960;28526;35904;15740
1476641169;36579;29781;35662;16089
1476642069;36688;29277;35716;15914
1476642969;36119;29708;35155;15657
1476643869;35797;29683;35288;15366
1476644769;35368;29868;34836;15096
1476645669;34466;28739;34308;13726
1476646569;28122;47461;30217;15921
1476647469;25065;55242;28320;15481
1476648369;24171;56915;27850;15113
1476649269;23328;57713;27382;14543
1476650169;22848;59738;26989;14628
1476651069;22345;62708;26769;14908
1476651969;21891;65765;26524;15218
1476652869;21509;68904;26134;15581
1476653769;21127;70911;25987;15664
1476654669;20698;73966;25768;15912
1476655569;20365;76082;25453;16031
1476656469;19960;79653;25258;16359
1476657369;19627;80971;25137;16292
1476658269;19413;81967;25186;16275
1476659169;19389;82341;25331;16323
1476660069;19436;82149;25307;16333
1476660969;19484;81246;25186;16206
1476661869;19294;82722;25380;16303
1476662769;19222;83058;25453;16297
1476663669;18842;84266;25841;16151
1476664569;18771;84718;26109;16165
1476665469;19032;82186;25234;15945
1476666369;18818;82742;25210;15841
1476667269;18771;83156;25501;15873
1476668169;18723;83594;25744;15909
1476669069;18557;83953;25817;15813
1476669969;18438;84173;25866;15737
1476670869;18105;85397;26500;15636
1476671769;17986;86097;27063;15647
1476672669;18010;86176;27112;15685
1476673569;17867;85900;26720;15495
1476674469;17748;86186;27087;15430
1476675369;17605;86466;27161;15340
1476676269;17867;86214;27136;15552
1476677169;17701;86537;27481;15446
1476678069;17534;86953;27751;15357
1476678969;17558;87245;28023;15433
1476679869;17249;87695;28419;15209
1476680769;17296;88486;29890;15395
1476681669;17082;88833;29966;15245
1476682569;17011;89026;30469;15209
1476683469;16915;89073;30394;15123
1476684369;16773;89340;30748;15028
1476685269;16939;89707;31306;15257
1476686169;16915;89747;31510;15240
1476687069;17082;89881;31893;15428
1476687969;17153;89899;31944;15502
1476688869;17011;89863;32073;15355
1476689769;17320;89731;32587;15637
1476690669;17344;88568;30874;15457
1476691569;17153;88168;30976;15199
1476692469;17106;88440;31331;15200
1476693369;17701;87637;30192;15644
1476694269;18366;85165;26695;15851
1476695169;18818;83391;25453;15964
1476696069;19008;83559;25720;16182
1476696969;19698;80243;24726;16220
1476697869;21485;72613;26036;16380
1476698769;23016;65986;27136;16340
1476699669;25113;59022;28419;16564
1476700569;24339;59544;27899;15977
1476701469;26475;51221;29265;15605
1476702369;26695;51955;29389;16031
1476703269;27628;49332;29941;16076
1476704169;27825;47754;30192;15747
1476705069;26818;50234;29439;15616
1476705969;29140;44658;30874;15891
1476706869;30192;42957;31714;16231
1476707769;30217;43027;31663;16279
1476708669;29515;44265;31306;16091
1476709569;30318;42563;31765;16200
1476710469;29916;44411;31433;16505
1476711369;31970;38716;32768;16187
1476712269;32536;38215;33079;16484
1476713169;32355;38336;32872;16374
1476714069;30849;40502;32098;15896
1476714969;31996;37463;32794;15694
1476715869;33391;35095;33730;15900
1476716769;33105;35918;33574;16012
1476717669;32820;35467;33443;15564
1476718569;33783;32416;34019;15002
1476719469;34413;32542;34413;15609
1476720369;35102;31047;34783;15470
1476721269;34995;30639;34704;15172
1476722169;33626;32833;33835;15065
1476723069;36498;29225;35636;15724
1476723969;34863;31931;34466;15703
1476724869;32330;35280;33105;15052
1476725769;31612;36130;32484;14791
1476726669;35368;31032;35075;15693
1476727569;33783;34134;33940;15808
1476728469;33574;34472;33626;15779
1476729369;29715;42701;31204;15708
1476730269;30243;42555;31663;16129
1476731169;30419;43929;31637;16788
1476732069;28221;49179;30369;16569
1476732969;27284;51391;29740;16402
1476733869;26916;53357;29439;16653
1476734769;24823;59405;28221;16394
1476735669;23545;62874;27456;16082
1476736569;22848;66335;26965;16263
1476737469;22369;67805;26793;16151
1476738369;21891;69256;26378;16026
1476739269;21485;70755;26134;15973
1476740169;21103;72540;25963;15997
1476741069;20746;74030;25647;15971
1476741969;20365;75306;25331;15871
1476742869;20103;77224;25186;16011
1476743769;19770;79042;24944;16053
1476744669;19888;79249;25186;16209
1476745569;19960;78639;25186;16158
1476746469;19936;79051;25186;16217
1476747369;19888;79767;25210;16312
1476748269;19793;80057;25258;16276
1476749169;19722;80042;25089;16204
1476750069;19484;80863;25210;16132
1476750969;19674;80725;25283;16291
1476751869;19389;80689;25137;16005
1476752769;18842;81967;25453;15718
1476753669;19222;82405;25817;16173
1476754569;19341;81926;25574;16198
1476755469;19199;81742;25428;16023
1476756369;19199;82097;25598;16091
1476757269;19199;83352;26622;16329
1476758169;18985;84150;27456;16269
1476759069;18771;83853;26867;16004
1476759969;18675;84573;27998;16045
1476760869;18438;86107;29040;16093
1476761769;18604;86364;28742;16304
1476762669;18628;86490;28816;16350
1476763569;18699;85608;27481;16259
1476764469;18319;85520;28245;15869
1476765369;18057;86042;29040;15707
1476766269;17867;86624;30343;15626
1476767169;17772;87225;31535;15640
1476768069;17796;87326;31561;15682
1476768969;18152;87531;31970;16070
1476769869;18343;86737;30192;16114
1476770769;18176;87082;31535;16013
1476771669;18010;87377;32021;15902
1476772569;18081;87729;32639;16035
1476773469;18343;87744;32691;16295
1476774369;18414;87474;32355;16317
1476775269;18461;87438;32253;16358
1476776169;18461;87342;31996;16340
1476777069;18343;87313;32330;16218
1476777969;18295;87350;31944;16178
1476778869;18366;86983;31281;16182
1476779769;18509;86873;30697;16302
1476780669;18842;85763;29190;16428
1476781569;19698;86281;28196;17364
1476782469;21342;83684;26426;18491
1476783369;22657;77295;26622;18503
1476784269;22489;75432;26598;17951
1476785169;26109;64601;29015;18939
1476786069;27333;59482;29815;18768
1476786969;24847;65393;28270;17936
1476787869;29991;58769;31637;21063
1476788769;34071;47717;34097;21425
1476789669;35555;47121;34969;22569
1476790569;36796;42996;35931;22180
1476791469;38170;42277;36742;23133
1476792369;39346;37821;37563;22337
1476793269;41268;35887;38700;23159
1476794169;41707;34078;38840;22685
1476795069;42684;31115;39403;22031
1476795969;44411;27330;40688;21375
1476796869;46067;26958;41795;22547
1476797769;44688;24239;40862;19659
1476798669;45719;26098;41590;21722
1476799569;47385;25680;42445;22851
1476800469;33783;37461;33809;17272
1476801369;34176;35592;34097;16810
1476802269;33992;37059;34071;17287
1476803169;34202;34671;34255;16419
1476804069;30748;39700;31944;15493
1476804969;34757;32355;34519;15817
1476805869;34730;31956;34466;15600
1476806769;35422;31327;35022;15887
1476807669;33105;34358;33469;15318
1476808569;31893;35769;32665;14883
1476809469;33365;33669;33678;15229
1476810369;30444;39358;31842;15088
1476811269;29315;41059;31077;14738
1476812169;29240;41699;30900;14911
1476813069;29190;41625;30925;14839
1476813969;31306;37361;32098;15042
1476814869;31001;38376;32098;15189
1476815769;30369;41137;31740;15711
1476816669;29540;43830;31281;15959
1476817569;28816;47941;30798;16712
1476818469;27456;51671;29690;16646
1476819369;26061;58089;28916;17200
1476820269;25914;59633;28916;17478
1476821169;24581;65054;27974;17601
1476822069;23761;68682;27579;17682
1476822969;23112;70269;27210;17424
1476823869;22896;72606;27087;17736
1476824769;22369;73691;26671;17464
1476825669;21843;75708;26158;17385
1476826569;21509;77301;26085;17391
1476827469;21127;78701;25939;17305
1476828369;20913;78734;25890;17103
1476829269;20460;79396;25623;16795
1476830169;20174;79854;25598;16607
1476831069;19936;80294;25404;16462
1476831969;19888;80258;25355;16408
1476832869;19793;80494;25477;16362
1476833769;19651;80258;25162;16176
1476834669;19460;80525;25113;16043
1476835569;19413;80643;25186;16020
1476836469;19460;80371;25162;16013
1476837369;19365;80402;25113;15926
1476838269;18842;81360;25186;15601
1476839169;18509;82271;25210;15450
1476840069;18295;82900;25647;15360
1476840969;18152;83440;25939;15321
1476841869;18010;83581;25987;15208
1476842769;17962;83818;26353;15205
1476843669;17843;84087;26524;15139
1476844569;17701;84448;26989;15065
1476845469;18010;85009;27579;15472
1476846369;18343;84127;26451;15636
1476847269;18461;83585;26182;15651
1476848169;18414;83474;26061;15584
1476849069;18366;83662;26231;15572
1476849969;18485;83739;26061;15703
1476850869;18247;83486;25841;15423
1476851769;17796;84641;27014;15194
1476852669;17819;85452;27776;15366
1476853569;17819;85501;28147;15375
1476854469;17605;85451;27850;15156
1476855369;17463;86336;28965;15176
1476856269;17701;86969;29941;15524
1476857169;17796;86943;30243;15613
1476858069;17724;86831;29640;15523
1476858969;17249;86717;29140;15034
1476859869;16987;87133;29890;14851
1476860769;17106;87565;31179;15045
1476861669;17296;87943;31255;15300
1476862569;17272;88008;31128;15288
1476863469;17058;88051;31077;15084
1476864369;17082;88434;31561;15175
1476865269;17629;88708;32484;15763
1476866169;17915;88613;32717;16028
1476867069;18461;88367;32433;16524
1476867969;19103;86820;31842;16878
1476868869;20246;82783;26280;17246
1476869769;22369;75949;26012;17944
1476870669;22393;73475;26304;17441
1476871569;27382;61111;29815;19248
1476872469;29715;53098;31433;19163
1476873369;26671;56316;29389;17279
1476874269;24412;62657;27924;16847
1476875169;26965;53013;29565;16597
1476876069;25987;56311;28941;16641
1476876969;27210;51767;29715;16449
1476877869;27776;50487;29966;16575
1476878769;28568;47647;30495;16388
1476879669;29315;46148;31077;16565
1476880569;29590;45045;31128;16433
1476881469;30142;43594;31561;16417
1476882369;30900;41056;32098;16155
1476883269;31255;41471;32304;16631
1476884169;32433;39040;33131;16729
1476885069;32587;37766;33183;16344
1476885969;32536;37481;33157;16179
1476886869;33914;34858;33992;16251
1476887769;34572;33346;34492;16129
1476888669;34545;33988;34519;16406
1476889569;34757;33290;34519;16264
1476890469;36444;31339;35662;16774
1476891369;36281;31034;35502;16481
1476892269;33783;33348;33914;15444
1476893169;36525;30252;35662;16289
1476894069;34916;31936;34730;15751
1476894969;34942;32443;34492;16021
1476895869;36525;30106;35689;16213
1476896769;34413;32829;34387;15747
1476897669;32665;35982;33417;15653
1476898569;31306;38059;32150;15330
1476899469;31637;37324;32458;15320
1476900369;32047;37118;32794;15595
1476901269;32613;35942;33183;15591
1476902169;29941;42997;31459;16019
1476903069;29540;44838;31230;16316
1476903969;27456;51382;29765;16557
1476904869;26671;55314;29265;16994
1476905769;25671;59931;28692;17329
1476906669;24871;62732;28245;17299
1476907569;24315;65244;27776;17395
1476908469;23593;67935;27505;17348
1476909369;23040;70058;27112;17308
1476910269;22681;71229;27014;17225
1476911169;22345;74697;26426;17657
1476912069;21819;76751;26304;17578
1476912969;21366;78619;26036;17520
1476913869;21103;78879;25890;17317
1476914769;20746;80235;25890;17239
1476915669;20579;80329;25720;17095
1476916569;20555;81173;25914;17237
1476917469;20531;81398;26036;17258
1476918369;20531;82036;26304;17381
1476919269;20365;82709;26622;17348
1476920169;20341;82602;26426;17304
1476921069;20079;83099;26671;17143
1476921969;20055;83144;26695;17128
1476922869;19888;82981;26378;16934
1476923769;19722;83320;26500;16836
1476924669;19698;83540;26720;16854
1476925569;19365;83938;27063;16603
1476926469;18985;84471;27358;16329
1476927369;18747;85155;27949;16222
1476928269;18652;85426;28122;16179
1476929169;18652;85646;28394;16219
1476930069;18699;85901;28816;16313
1476930969;18889;85799;28742;16481
1476931869;19032;84901;27554;16456
1476932769;19008;84748;27382;16404
1476933669;18771;84988;27604;16215
1476934569;18747;85497;28221;16285
1476935469;18366;86138;28841;16029
1476936369;18200;87088;30268;16037
1476937269;18200;87662;31382;16140
1476938169;18390;87229;29740;16250
1476939069;18152;86788;29365;15936
1476939969;17986;87539;30748;15907
1476940869;17677;87631;30646;15619
1476941769;17463;88314;31433;15529
1476942669;17510;88797;31893;15662
1476943569;17677;89025;31970;15866
1476944469;17701;88961;31919;15878
1476945369;17701;88820;31816;15853
1476946269;17748;88643;31689;15869
1476947169;17701;88254;31052;15753
1476948069;17677;88390;31281;15754
1476948969;17701;88702;31893;15833
1476949869;17605;89031;32150;15797
1476950769;17653;89371;32227;15903
1476951669;17843;89418;32201;16099
1476952569;17986;88890;31944;16147
1476953469;18509;88022;30950;16509
1476954369;18985;86283;28072;16663
1476955269;19413;84544;27014;16763
1476956169;20531;79515;24847;16888
1476957069;20531;79099;25016;16805
1476957969;21867;73456;25404;16930
1476958869;21700;72129;26182;16482
1476959769;23448;66409;27382;16852
1476960669;23713;65347;27604;16849
1476961569;24532;63064;28023;17063
1476962469;25671;58677;28816;16995
1476963369;26524;54884;29340;16735
1476964269;26989;54918;29439;17177
1476965169;26134;55864;29040;16651
1476966069;28320;49713;30495;16830
1476966969;30091;45906;31637;17187
1476967869;31255;41300;32381;16566
1476968769;31484;41632;32717;16898
1476969669;31433;40494;32536;16415
1476970569;31637;41717;32742;17067
1476971469;33079;37288;33626;16578
1476972369;34360;34328;34360;16401
1476973269;32949;36643;33548;16189
1476974169;37563;31722;36389;17933
1476975069;35689;32507;35128;16699
1476975969;31689;38305;32691;15770
1476976869;37370;28262;36308;15944
1476977769;35288;31026;34863;15620
1476978669;33365;34453;33730;15588
1476979569;38728;26806;37124;16265
1476980469;40429;24676;38254;16393
1476981369;39601;24620;37590;15666
1476982269;32021;34969;32820;14644
1476983169;32098;35224;32872;14824
1476984069;32587;33636;33209;14536
1476984969;37976;26975;36661;15728
1476985869;37178;27213;36146;15190
1476986769;35102;29336;34704;14588
1476987669;36769;27627;35931;15078
1476988569;36092;27355;35422;14350
1476989469;35850;28074;35235;14546
1476990369;34624;29518;34519;14275
1476991269;33027;31453;33600;13881
1476992169;31816;34738;32717;14362
1476993069;29490;41726;31204;15145
1476993969;27456;53080;29941;17070
1476994869;25453;60627;28593;17307
1476995769;24677;64038;28270;17443
1476996669;23881;68589;27825;17776
1476997569;23136;71061;27186;17625
1476998469;22585;73595;26818;17651
1476999369;22058;75536;26280;17556
1477000269;21891;75826;26134;17455
1477001169;21700;77100;25939;17535
1477002069;21437;78766;25768;17619
1477002969;21246;78883;25671;17457
1477003869;20913;80271;25647;17409
1477004769;20770;80653;25695;17345
1477005669;20650;81424;25890;17379
1477006569;20579;81893;25963;17400
1477007469;20650;81935;26207;17478
1477008369;20484;82355;26256;17397
1477009269;20293;82895;26353;17314
1477010169;20317;82648;26158;17290
1477011069;20293;82895;26207;17314
1477011969;20222;82677;26231;17202
1477012869;20103;83154;26475;17177
1477013769;20055;83570;26867;17209
1477014669;19912;83788;26989;17110
1477015569;19817;84315;27727;17116
1477016469;19817;84587;27998;17167
1477017369;19817;84687;27974;17186
1477018269;19841;84692;28097;17210
1477019169;19793;84953;28394;17212
1477020069;19793;84953;28419;17212
1477020969;19746;84917;27850;17159
1477021869;19318;85213;28444;16794
1477022769;19056;86325;30192;16741
1477023669;19032;86876;30722;16818
1477024569;19080;87441;31281;16967
1477025469;19127;87308;30925;16990
1477026369;19080;87201;30167;16924
1477027269;19080;86887;29991;16867
1477028169;19080;86451;28916;16787
1477029069;19127;85512;28023;16662
1477029969;19175;85425;28245;16693
1477030869;19151;85420;28419;16668
1477031769;19222;85681;28642;16787
1477032669;19199;86090;29340;16838
1477033569;19222;85877;28667;16822
1477034469;19127;85243;28048;16612
1477035369;18628;86345;31103;16324
1477036269;18533;87239;31893;16392
1477037169;18580;87610;31740;16506
1477038069;18771;87703;31689;16710
1477038969;19008;87520;31128;16911
1477039869;19484;86547;28617;17203
1477040769;19722;84887;26940;17130
1477041669;20007;83434;26158;17137
1477042569;20126;83135;26304;17196
1477043469;20650;80962;25598;17289
1477044369;21151;78627;25307;17313
1477045269;21676;76935;25550;17478
1477046169;22441;74498;26061;17707
1477047069;23424;71030;27407;17895
1477047969;25404;64720;28667;18300
1477048869;25939;62364;29065;18214
1477049769;27382;58255;29865;18481
1477050669;28692;54141;30748;18529
1477051569;30824;48088;32201;18592
1477052469;31996;44580;32820;18444
1477053369;31663;45788;32639;18571
1477054269;34229;40092;34202;18749
1477055169;30900;45129;32278;17648
1477056069;31408;45826;32458;18353
1477056969;32924;41546;33469;18153
1477057869;34545;38448;34492;18360
1477058769;34942;37221;34572;18194
1477059669;37645;33180;36417;18722
1477060569;38504;31727;36933;18748
1477061469;40602;27986;38337;18535
1477062369;41619;26640;38896;18607
1477063269;35743;33160;35128;17060
1477064169;33992;37411;34045;17436
1477065069;39573;28355;37673;17870
1477065969;39177;28436;37508;17579
1477066869;39149;27581;37288;17071
1477067769;36498;30396;35662;16340
1477068669;36417;29659;35689;15885
1477069569;35931;31514;35288;16420
1477070469;35342;33628;34889;16932
1477071369;30369;43315;31765;16520
1477072269;29090;51338;30925;18048
1477073169;29439;50442;31306;18088
1477074069;31740;45158;32794;18419
1477074969;29515;50907;31357;18304
1477075869;28097;55768;30369;18450
1477076769;25939;62544;28891;18260
1477077669;25671;62741;28791;18057
1477078569;25647;62797;28742;18048
1477079469;25162;64473;28369;18009
1477080369;24702;66159;28171;17983
1477081269;24363;67176;28023;17905
1477082169;24002;69695;27776;18146
1477083069;23545;71137;27505;18034
1477083969;23184;71742;27259;17823
1477084869;22872;73348;26891;17875
1477085769;22417;74575;26695;17700
1477086669;21867;76359;26134;17543
1477087569;21604;76787;26061;17378
1477088469;21485;76549;25963;17213
1477089369;21151;78101;25890;17207
1477090269;21127;77461;25841;17053
1477091169;20793;76035;25501;16437
1477092069;20412;77763;25283;16421
1477092969;20150;79305;25162;16475
1477093869;20103;80818;25501;16727
1477094769;20055;81396;25574;16793
1477095669;19888;81945;25720;16736
1477096569;19793;82657;26012;16779
1477097469;19746;82773;25987;16755
1477098369;19770;83155;26304;16851
1477099269;19817;83116;26256;16890
1477100169;19817;83191;26158;16904
1477101069;19674;83460;26353;16815
1477101969;19508;83846;26720;16725
1477102869;19460;84134;26842;16733
1477103769;19341;83833;26451;16560
1477104669;19199;84545;27382;16553
1477105569;19127;85267;27924;16617
1477106469;19127;84972;27431;16562
1477107369;19008;85240;27751;16495
1477108269;19056;85765;28468;16638
1477109169;19199;85773;28593;16780
1477110069;19222;86023;28990;16849
1477110969;19270;86058;29040;16903
1477111869;19199;86552;30293;16923
1477112769;18937;87767;31893;16885
1477113669;18842;88720;31663;16962
1477114569;18842;89311;31179;17067
1477115469;18675;89576;30874;16949
1477116369;18652;89804;30646;16966
1477117269;18675;89904;30495;17007
1477118169;18580;90067;30469;16942
1477119069;18604;90166;30293;16983
1477119969;18509;90236;29540;16901
1477120869;18390;90299;29389;16794
1477121769;18343;90357;28916;16757
1477122669;18224;90397;29490;16647
1477123569;18271;90409;30142;16696
1477124469;18366;90433;30672;16794
1477125369;18485;90416;31077;16909
1477126269;18747;90388;31944;17163
1477127169;19222;90086;33261;17580
1477128069;19984;87536;29290;17875
1477128969;20722;82078;25647;17576
1477129869;21008;79121;24774;17273
1477130769;20889;80240;25210;17379
1477131669;21676;77866;25137;17669
1477132569;21772;76473;25137;17475
1477133469;22011;75310;25113;17463
1477134369;22417;73453;25647;17459
1477135269;25234;61439;28543;17312
1477136169;26671;56316;29414;17279
1477137069;26867;55875;29715;17336
1477137969;26207;57926;29240;17292
1477138869;27677;52663;30192;17150
1477139769;27530;54836;30117;17655
1477140669;29490;48748;31433;17591
1477141569;29240;50156;31052;17814
1477142469;29490;50644;31331;18198
1477143369;30495;48741;31919;18507
1477144269;30874;45361;32150;17707
1477145169;30369;47999;31842;18147
1477146069;28692;50476;30646;17413
1477146969;31382;43563;32665;17524
1477147869;31510;42455;32433;17230
1477148769;29916;45585;31535;16916
1477149669;29690;44922;31433;16481
1477150569;29690;44587;31382;16363
1477151469;31433;42003;32665;16992
1477152369;31153;42246;32330;16832
1477153269;30874;43066;32047;16884
1477154169;32253;41234;33131;17433
1477155069;33313;38536;33704;17305
1477155969;33730;38158;34045;17518
1477156869;31306;41887;32381;16834
1477157769;33809;36866;34097;17042
1477158669;33574;37019;33809;16900
1477159569;29715;43917;31331;16148
1477160469;34308;37336;34281;17683
1477161369;29165;46429;31077;16524
1477162269;28097;47787;30394;16005
1477163169;28270;49250;30520;16638
1477164069;27677;52567;30016;17122
1477164969;26280;57720;29215;17304
1477165869;25744;59607;28816;17312
1477166769;25089;61868;28419;17285
1477167669;24436;66754;27974;17873
1477168569;23088;71668;27235;17714
1477169469;22561;72929;26867;17484
1477170369;22298;75475;26353;17775
1477171269;21772;77434;25963;17673
1477172169;21223;77348;25501;17123
1477173069;20770;79826;25525;17181
1477173969;20579;80380;25453;17105
1477174869;20484;79946;25331;16927
1477175769;20269;80262;25720;16780
1477176669;20126;80926;25939;16771
1477177569;19936;81828;25939;16760
1477178469;19698;82762;26426;16706
1477179369;19532;83077;26524;16603
1477180269;19413;82673;26158;16410
1477181169;19532;82423;25841;16479
1477182069;19651;82550;25987;16619
1477182969;19722;82717;26134;16721
1477183869;19698;83039;26402;16759
1477184769;19603;83368;26695;16728
1477185669;19674;83535;26940;16830
1477186569;19508;84368;27751;16823
1477187469;19555;84106;27530;16821
1477188369;19532;84076;27702;16792
1477189269;19222;85583;29015;16768
1477190169;18794;86312;29414;16481
1477191069;18794;86940;30469;16596
1477191969;18842;86589;30142;16579
1477192869;18319;86635;29890;16072
1477193769;18366;86887;30192;16165
1477194669;18176;86986;30773;15995
1477195569;17819;87594;31179;15753
1477196469;17534;88119;31561;15565
1477197369;17558;88455;31612;15648
1477198269;17391;88580;31586;15506
1477199169;17249;88780;31561;15400
1477200069;17320;89102;31612;15527
1477200969;17201;89166;31689;15421
1477201869;17296;89283;32021;15535
1477202769;17439;89365;32278;15691
1477203669;17582;89306;32458;15822
1477204569;17558;89207;32562;15781
1477205469;17486;89330;32510;15732
1477206369;17320;89545;32304;15605
1477207269;17296;89563;32510;15584
1477208169;17296;89376;32665;15552
1477209069;17201;89399;32639;15462
1477209969;17153;89481;32536;15429
1477210869;17439;89598;32717;15732
1477211769;17701;89078;32872;15899
1477212669;18152;88126;31996;16176
1477213569;19103;84523;27899;16455
1477214469;19413;84346;27899;16726
1477215369;20579;79525;25501;16936
1477216269;21604;74089;25113;16812
1477217169;22609;70289;26646;16946
1477218069;23905;64706;27850;16875
1477218969;24484;62639;28023;16911
1477219869;24532;61779;28221;16738
1477220769;25623;56040;29040;16225
1477221669;26304;55136;29265;16603
1477222569;27038;52641;29765;16553
1477223469;27063;52516;29815;16539
1477224369;28072;49681;30520;16594
1477225269;28916;48315;30824;16925
1477226169;29115;46655;31179;16556
1477227069;29690;44788;31535;16434
1477227969;30217;41736;31868;15801
1477228869;31663;37291;32587;15329
1477229769;32691;36020;33469;15693
1477230669;32820;33657;33600;14748
1477231569;32691;30596;33365;13165
1477232469;33600;30344;33887;13821
1477233369;34097;31434;33966;14796
1477234269;33574;34614;34229;15844
1477235169;32124;38000;33027;16031
1477236069;32536;42464;32975;18154
1477236969;32047;43093;32820;17950
1477237869;31919;42943;32794;17779
1477238769;30596;46099;31944;17711
1477239669;31561;43956;32536;17827
1477240569;31357;42983;32381;17288
1477241469;27481;54291;29815;17451
1477242369;30520;46890;31970;17913
1477243269;30444;46748;31816;17795
1477244169;31128;44751;32304;17721
1477245069;29690;51060;31357;18513
1477245969;26426;59344;29140;17881
1477246869;24557;67355;28072;18131
1477247769;23232;72253;27235;17982
1477248669;22250;73503;26646;17309
1477249569;21867;72714;26426;16770
1477250469;19888;84157;28866;17157
1477251369;19389;86839;32639;17162
1477252269;19318;87498;32846;17212
1477253169;19603;87566;32949;17505
1477254069;19793;87153;32613;17618
1477254969;19603;85549;29290;17136
1477255869;19508;85992;31153;17124
1477256769;19413;87617;33652;17327
1477257669;19365;88228;33730;17390
1477258569;19270;88515;34229;17348
1477259469;19127;88718;34019;17243
1477260369;19127;88505;33678;17205
1477261269;19246;88009;33600;17233
1477262169;19222;88337;34097;17269
1477263069;19175;88421;34071;17237
1477263969;19222;88647;34466;17324
1477264869;19270;88634;34413;17369
1477265769;19294;88497;33992;17368
1477266669;19365;88061;33261;17360
1477267569;19365;87941;33730;17339
1477268469;19294;88044;33704;17287
1477269369;19294;88569;34492;17381
1477270269;19222;88884;34387;17367
1477271169;19199;88807;33887;17330
1477272069;19246;88605;34071;17340
1477272969;19199;88522;33861;17279
1477273869;19056;87963;33235;17038
1477274769;18842;87768;33027;16792
1477275669;18747;87673;32665;16681
1477276569;18652;87866;32898;16622
1477277469;18580;88420;33809;16651
1477278369;18533;88692;33861;16652
1477279269;18461;88793;33730;16600
1477280169;18652;88769;33757;16783
1477281069;18652;88080;32613;16660
1477281969;18652;87579;32098;16570
1477282869;18652;87675;32433;16588
1477283769;18580;87082;30824;16411
1477284669;18390;87397;32150;16280
1477285569;18081;88156;32846;16111
1477286469;17867;88719;33209;16000
1477287369;17701;89055;33209;15895
1477288269;17510;89219;33131;15736
1477289169;17510;89476;32639;15781
1477290069;17415;89592;33001;15707
1477290969;17368;89743;32872;15686
1477291869;17272;90021;32175;15641
1477292769;17249;90293;31663;15664
1477293669;17249;90454;31230;15692
1477294569;17130;90586;31535;15597
1477295469;17082;90689;31459;15568
1477296369;17058;90752;31408;15555
1477297269;17201;90811;31868;15707
1477298169;17320;90680;31970;15802
1477299069;17772;90238;33574;16172
1477299969;18461;88486;31637;16545
1477300869;18961;84663;26989;16341
1477301769;20031;81033;25113;16699
1477302669;19984;80946;25016;16635
1477303569;21270;76879;25137;17073
1477304469;21413;74731;24508;16764
1477305369;22465;71885;25162;17164
1477306269;24871;63000;28394;17367
1477307169;23424;66550;27382;16862
1477308069;24098;61710;27924;16311
1477308969;26329;53752;29265;16226
1477309869;26989;51417;29590;16138
1477310769;27014;51066;29715;16054
1477311669;26549;51295;29414;15695
1477312569;26916;49891;29740;15599
1477313469;26940;50121;29540;15693
1477314369;29490;44127;31459;16020
1477315269;30243;40918;31637;15515
1477316169;30041;41580;31689;15585
1477317069;29290;42959;31204;15419
1477317969;30495;39018;32021;14998
1477318869;30495;39777;31996;15298
1477319769;31077;38175;32562;15175
1477320669;30444;38736;31919;14841
1477321569;31893;35840;32846;14913
1477322469;30824;37593;32047;14712
1477323369;30369;38140;31893;14533
1477324269;33521;34609;33861;15796
1477325169;33495;32750;33887;14912
1477326069;35904;27046;35262;14014
1477326969;32742;31753;33261;13780
1477327869;31204;36302;32227;14506
1477328769;32484;33484;33131;14376
1477329669;33809;30868;34019;14266
1477330569;31944;33757;32898;14031
1477331469;31204;38188;32175;15293
1477332369;30066;38560;31689;14434
1477333269;29991;40344;31612;15069
1477334169;28766;44180;30748;15385
1477335069;28394;45906;30469;15647
1477335969;27677;47539;29815;15541
1477336869;27161;47869;29615;15178
1477337769;25963;49866;28990;14717
1477338669;25550;50971;28717;14677
1477339569;25065;52533;28345;14698
1477340469;24002;56921;27850;14958
1477341369;23376;58514;27382;14802
1477342269;22968;60480;27235;14932
1477343169;22441;64314;26867;15392
1477344069;21891;67549;26549;15635
1477344969;21509;69553;26280;15728
1477345869;21127;71855;25963;15871
1477346769;20770;73681;25550;15920
1477347669;20484;75973;24968;16124
1477348569;20198;77138;24774;16086
1477349469;19817;79390;24823;16168
1477350369;19698;80705;24847;16310
1477351269;19722;80582;24895;16309
1477352169;19484;81348;25016;16226
1477353069;19318;82148;25501;16217
1477353969;18937;82793;26036;15968
1477354869;18604;83144;26207;15708
1477355769;18438;83678;26842;15645
1477356669;18390;84680;27825;15785
1477357569;18414;84513;27505;15777
1477358469;18105;83603;25817;15305
1477359369;17891;84687;27161;15296
1477360269;18033;84327;26671;15370
1477361169;18057;83864;25939;15307
1477362069;18176;83669;25793;15387
1477362969;18081;83894;26036;15336
1477363869;17938;84502;26891;15309
1477364769;17724;85479;28196;15278
1477365669;17629;86399;29890;15351
1477366569;17558;87030;30925;15395
1477367469;17510;87520;31791;15435
1477368369;17486;87823;32355;15466
1477369269;17344;88450;32820;15436
1477370169;17439;88850;32820;15600
1477371069;17510;88938;32949;15686
1477371969;17320;88727;33053;15461
1477372869;17534;89014;32975;15723
1477373769;17605;88891;32872;15772
1477374669;17439;88803;32846;15592
1477375569;17558;89067;33027;15756
1477376469;17368;89113;33027;15576
1477377369;17320;89335;32924;15568
1477378269;17486;89447;33001;15752
1477379169;17510;89242;33105;15740
1477380069;17677;88978;33079;15858
1477380969;17819;88896;33313;15984
1477381869;18010;88683;33131;16134
1477382769;18081;88441;33131;16162
1477383669;18176;88179;32949;16209
1477384569;18295;88161;32768;16323
1477385469;18319;88048;33235;16326
1477386369;18414;87952;32150;16403
1477387269;18842;86129;29240;16495
1477388169;18961;85376;28270;16473
1477389069;19175;85082;27974;16629
1477389969;19555;83932;26353;16788
1477390869;21581;77182;24871;17436
1477391769;22106;73804;24605;17235
1477392669;20531;81475;25890;17273
1477393569;20579;81178;25550;17261
1477394469;21127;79224;25525;17410
1477395369;21437;78371;25355;17539
1477396269;20627;85515;31689;18135
1477397169;21246;83914;28023;18441
1477398069;20507;82816;26842;17508
1477398969;20460;83234;27382;17542
1477399869;21987;78115;25453;18021
1477400769;23954;69430;27530;18039
1477401669;26182;61468;29240;18213
1477402569;26818;56868;29640;17570
1477403469;28468;52769;30824;17913
1477404369;26549;59638;29439;18075
1477405269;26818;59065;29615;18173
1477406169;28097;54757;30545;18158
1477407069;27751;53916;30243;17592
1477407969;27825;54117;30243;17719
1477408869;28866;52051;31103;18061
1477409769;31510;46173;32639;18566
1477410669;32510;43008;33287;18334
1477411569;30192;48440;31714;18132
1477412469;31306;45310;32665;18080
1477413369;28617;52211;30849;17881
1477414269;29665;49589;31357;18023
1477415169;29414;49460;31179;17753
1477416069;28023;52517;30343;17425
1477416969;26451;58487;29315;17673
1477417869;27702;54512;30091;17720
1477418769;26720;59235;29439;18127
1477419669;25234;62850;28717;17672
1477420569;25113;63843;28468;17807
1477421469;25283;63425;28593;17863
1477422369;24750;67243;28171;18289
1477423269;23857;70547;27801;18201
1477424169;23376;72391;27333;18151
1477425069;22920;74346;26867;18136
1477425969;22489;75784;26378;18025
1477426869;21724;78114;26231;17765
1477427769;21199;80177;26304;17669
1477428669;20865;81163;26378;17538
1477429569;20770;81245;26378;17461
1477430469;20555;82193;26818;17435
1477431369;20269;82965;27136;17304
1477432269;20150;83767;27998;17340
1477433169;19984;84477;28742;17310
1477434069;19841;84742;29015;17220
1477434969;19984;84576;28816;17329
1477435869;19912;84758;28717;17293
1477436769;19508;84170;27825;16786
1477437669;19222;85142;28965;16687
1477438569;19151;85591;29565;16700
1477439469;19127;86171;30293;16783
1477440369;19175;85817;30142;16765
1477441269;19008;85534;29590;16549
1477442169;18794;86433;31230;16503
1477443069;18866;86522;31433;16590
1477443969;18842;86565;31459;16574
1477444869;18747;86736;31842;16512
1477445769;18533;87071;31996;16362
1477446669;18461;87533;32794;16375
1477447569;18438;87575;32846;16359
1477448469;18224;87715;32717;16173
1477449369;18081;87895;33131;16065
1477450269;18105;88067;33027;16119
1477451169;18081;87919;32846;16069
1477452069;18129;87859;32742;16105
1477452969;18200;87662;32536;16140
1477453869;18176;87345;31842;16060
1477454769;17962;87366;32278;15853
1477455669;17962;87652;32433;15904
1477456569;18010;87640;32691;15949
1477457469;17843;87743;32742;15803
1477458369;17796;88040;33157;15809
1477459269;17819;87903;32562;15808
1477460169;17867;87772;32536;15832
1477461069;17701;88159;33261;15737
1477461969;17629;88614;33495;15747
1477462869;17463;88949;33548;15641
1477463769;17439;89318;33365;15683
1477464669;17534;89528;33417;15813
1477465569;17510;89569;34255;15797
1477466469;17653;89744;34492;15969
1477467369;17701;89826;33678;16030
1477468269;17819;89832;33730;16148
1477469169;17867;89704;33783;16173
1477470069;18081;89523;33914;16353
1477470969;18247;88765;33313;16383
1477471869;18343;87409;31689;16235
1477472769;18723;86392;30192;16426
1477473669;20031;80828;25428;16659
1477474569;20889;77439;25089;16817
1477475469;22202;72391;24895;17021
1477476369;22776;69359;26744;16897
1477477269;22513;71113;26451;17039
1477478169;23665;67603;27677;17339
1477479069;25162;59944;28742;16854
1477479969;24871;59229;28419;16392
1477480869;25939;56771;29140;16723
1477481769;24968;59853;28518;16648
1477482669;26036;56037;29190;16609
1477483569;27308;50233;29890;16066
1477484469;27235;51610;29941;16423
1477485369;28518;48003;30824;16460
1477486269;29590;44038;31459;16078
1477487169;30142;41455;31740;15628
1477488069;30697;38276;32330;14879
1477488969;31612;37321;32665;15296
1477489869;31842;37274;33053;15479
1477490769;32924;34058;33548;15023
1477491669;33079;33358;33626;14836
1477492569;34071;32081;33992;15090
1477493469;34097;31795;34308;14974
1477494369;34334;30513;34440;14539
1477495269;34492;30308;34519;14570
1477496169;34942;29725;34757;14656
1477497069;34783;29311;34651;14302
1477497969;34995;29693;34757;14685
1477498869;35155;29705;34810;14828
1477499769;35395;29140;35102;14735
1477500669;36688;28285;35958;15375
1477501569;35102;29519;34916;14685
1477502469;35529;29004;35049;14777
1477503369;35797;28437;35342;14699
1477504269;34413;30156;34466;14425
1477505169;32381;33511;33105;14299
1477506069;32175;33813;33105;14258
1477506969;32768;33081;33521;14436
1477507869;31893;34108;32717;14146
1477508769;30722;35449;32124;13715
1477509669;29991;35907;31561;13269
1477510569;28196;39472;30369;13131
1477511469;27161;42218;29740;13236
1477512369;26256;45125;29090;13441
1477513269;24798;50552;28245;13858
1477514169;23905;56072;27825;14634
1477515069;23256;59681;27431;14996
1477515969;22729;61312;27136;14919
1477516869;22202;63570;26818;14984
1477517769;21652;65231;26353;14864
1477518669;21246;67207;26182;14942
1477519569;20841;70049;25890;15199
1477520469;20388;72568;25501;15315
1477521369;19984;74719;25016;15380
1477522269;19651;76311;24726;15387
1477523169;19365;77625;24532;15377
1477524069;19103;79212;24581;15438
1477524969;18842;80953;24992;15523
1477525869;18628;82147;25574;15543
1477526769;18366;83364;26500;15517
1477527669;18081;84191;27456;15391
1477528569;17915;84497;27628;15284
1477529469;17772;84562;27505;15156
1477530369;17653;84535;27382;15035
1477531269;17582;84763;27604;15007
1477532169;17415;85406;28543;14961
1477533069;17249;85924;29414;14891
1477533969;17130;86113;29140;14808
1477534869;17201;85720;28617;14807
1477535769;17225;85362;27825;14766
1477536669;17058;85565;28394;14639
1477537569;17153;86143;29340;14837
1477538469;16987;86224;29290;14688
1477539369;16749;86981;30925;14589
1477540269;16606;87540;31612;14548
1477541169;16582;88053;32304;14615
1477542069;16677;88218;32433;14738
1477542969;16796;86586;28742;14566
1477543869;16915;85677;28444;14519
1477544769;16892;86441;30091;14633
1477545669;16868;87295;31791;14762
1477546569;16725;87497;31996;14658
1477547469;16701;87846;32253;14696
1477548369;16773;87651;31919;14732
1477549269;16773;87746;32073;14748
1477550169;16606;88177;32691;14660
1477551069;16534;88535;33053;14653
1477551969;16558;88821;33105;14726
1477552869;16749;89008;33235;14947
1477553769;17011;88768;32846;15163
1477554669;17011;87661;31510;14968
1477555569;17034;87619;32150;14984
1477556469;17201;87707;32253;15164
1477557369;17558;86983;30874;15386
1477558269;17962;86261;29765;15654
1477559169;18580;85141;28419;16056
1477560069;19151;83442;26646;16299
1477560969;19532;82196;25695;16435
1477561869;20031;80956;25380;16684
1477562769;20865;77169;24895;16739
1477563669;21270;76131;24968;16918
1477564569;21032;77017;25113;16870
1477565469;23232;66864;27333;16753
1477566369;25574;58724;28990;16916
1477567269;26036;54784;29240;16253
1477568169;26793;49486;29640;15359
1477569069;27308;49844;29966;15944
1477569969;27727;46787;29966;15337
1477570869;28221;42604;30646;14329
1477571769;28941;41122;31179;14427
1477572669;29240;41188;31204;14719
1477573569;29290;41159;31331;14753
1477574469;29640;40991;31663;15003
1477575369;30293;38548;31919;14631
1477576269;30495;38949;31586;14971
1477577169;31689;36769;32381;15131
1477578069;31382;37927;32536;15344
1477578969;31893;34816;32898;14464
1477579869;31128;38736;32433;15448
1477580769;31459;37586;32407;15271
1477581669;33131;36026;33521;16082
1477582569;33105;34643;33704;15447
1477583469;32458;41187;33365;17599
1477584369;31306;44097;32587;17648
1477585269;30520;46056;32047;17627
1477586169;30091;47602;31689;17762
1477587069;29740;48516;31510;17744
1477587969;29540;49148;31433;17766
1477588869;29414;49460;31306;17753
1477589769;29365;49650;31408;17768
1477590669;29290;49967;31230;17800
1477591569;29140;50241;31179;17750
1477592469;28965;50381;31153;17634
1477593369;28791;50424;30900;17488
1477594269;28816;46354;31001;16182
1477595169;28891;44496;31026;15609
1477596069;28568;43889;30824;15103
1477596969;28345;44065;30596;14964
1477597869;28122;44307;30495;14848
1477598769;27899;45050;30369;14905
1477599669;27628;45484;30142;14808
1477600569;27333;46244;29890;14797
1477601469;27038;46407;29715;14584
1477602369;26720;47126;29565;14533
1477603269;26402;48689;29315;14749
1477604169;26134;50307;29215;15011
1477605069;25866;52260;29090;15357
1477605969;25598;53809;29015;15566
1477606869;25331;56682;28766;16132
1477607769;25065;57108;28543;16001
1477608669;24677;57760;28345;15817
1477609569;24363;59456;27924;15976
1477610469;24171;60669;27998;16112
1477611369;24098;61290;27949;16204
1477612269;23930;61952;27850;16214
1477613169;23689;62778;27702;16194
1477614069;23472;64133;27702;16325
1477614969;23328;65107;27505;16425
1477615869;23184;65666;27407;16423
1477616769;23016;66277;27308;16409
1477617669;22872;66888;27210;16416
1477618569;22729;67295;27112;16375
1477619469;22561;67782;26989;16328
1477620369;22441;68275;27063;16328
1477621269;22298;68534;26940;16250
1477622169;22106;68926;26695;16157
1477623069;21891;69453;26598;16071
1477623969;21724;70042;26329;16043
1477624869;21604;70721;26256;16080
1477625769;21485;71395;26329;16114
1477626669;21390;71849;26256;16122
1477627569;21294;72108;26134;16087
1477628469;21127;72380;26134;15985
1477629369;21127;72462;26109;16003
1477630269;21199;72200;26158;16015
1477631169;21079;72012;26061;15859
1477632069;20984;71717;26036;15704
1477632969;20889;71616;25890;15590
1477633869;20746;71921;25914;15519
1477634769;20650;72371;25817;15525
1477635669;20603;72335;25793;15471
1477636569;20555;72326;25817;15423
1477637469;20507;72344;25720;15381
1477638369;20341;72724;25501;15303
1477639269;20293;72550;25525;15219
1477640169;20150;73015;25428;15181
1477641069;20150;73506;25355;15286
1477641969;20174;73293;25453;15263
1477642869;20150;73696;25404;15326
1477643769;20293;75076;25453;15754
1477644669;21199;73026;26109;16193
1477645569;21819;71792;26475;16522
1477646469;20889;76081;25623;16539
1477647369;20269;77232;25137;16175
1477648269;20198;75380;25089;15725
1477649169;20341;74628;25307;15706
1477650069;22274;72099;26720;17027
1477650969;22393;70193;26842;16718
1477651869;22633;68993;27063;16676
1477652769;23016;67057;27259;16593
1477653669;23472;65365;27579;16625
1477654569;23978;63004;27850;16524
1477655469;24484;60385;28221;16333
1477656369;24968;57957;28543;16142
1477657269;25550;56434;28866;16267
1477658169;28369;45770;30621;15578
1477659069;29740;42059;31484;15494
1477659969;30798;40256;32253;15756
1477660869;32304;37108;33261;15818
1477661769;45279;20933;41414;17797
1477662669;52059;15865;45405;18796
1477663569;54983;14350;47092;19460
1477664469;54983;14148;47125;19231
1477665369;55213;13752;47417;18953
1477666269;40458;21643;38337;14371
1477667169;34281;29199;34387;13813
1477668069;35770;27257;35182;14021
1477668969;36065;26873;35422;14052
1477669869;35689;27251;35636;13949
1477670769;33495;29429;33757;13260
1477671669;36389;26415;35689;14060
1477672569;35797;25779;35288;13185
1477673469;36742;25473;34229;13798
1477674369;35529;25686;35075;12904
1477675269;34281;28542;34677;13463
1477676169;36606;27245;35850;14723
1477677069;36254;26108;35797;13766
1477677969;37015;26013;36173;14351
1477678869;35958;27197;35448;14146
1477679769;34334;29203;34360;13861
1477680669;33469;30515;33730;13795
1477681569;33365;31012;33704;13955
1477682469;32201;33673;32949;14216
1477683369;31128;35592;32381;14133
1477684269;29991;37998;31510;14140
1477685169;28419;41441;30495;14079
1477686069;27112;44559;29690;14022
1477686969;26280;47957;29190;14402
1477687869;25671;50344;28717;14597
1477688769;25162;52292;28369;14717
1477689669;24581;55174;28072;15012
1477690569;24146;57743;27850;15316
1477691469;23713;59417;27579;15356
1477692369;23232;62258;27382;15633
1477693269;22824;64876;27063;15891
1477694169;22393;67838;26818;16181
1477695069;21891;71081;26426;16435
1477695969;21509;73305;26085;16552
1477696869;21032;75895;25744;16639
1477697769;20627;77992;25453;16675
1477698669;20198;79808;25428;16621
1477699569;19841;81273;25501;16560
1477700469;19555;82705;26304;16556
1477701369;19270;83817;27284;16487
1477702269;19032;85049;28816;16483
1477703169;18794;86045;30268;16433
1477704069;18604;87016;31740;16422
1477704969;18628;87238;31663;16485
1477705869;18461;87006;30874;16280
1477706769;18081;87251;31255;15949
1477707669;18200;87518;31893;16114
1477708569;18081;86675;30167;15846
1477709469;18081;86699;30469;15850
1477710369;18033;86615;30621;15788
1477711269;17915;86948;31433;15731
1477712169;17938;87241;31996;15807
1477713069;17986;87324;31128;15869
1477713969;18057;86669;30748;15821
1477714869;18200;86389;29865;15911
1477715769;18081;86458;30293;15806
1477716669;18200;86607;30672;15950
1477717569;18200;86317;30142;15898
1477718469;18129;85816;28816;15736
1477719369;18081;85974;29615;15719
1477720269;18081;86313;29966;15780
1477721169;18010;86127;28891;15676
1477722069;17938;86785;31179;15725
1477722969;17938;87169;31306;15794
1477723869;17915;86972;30697;15735
1477724769;18010;87162;31153;15863
1477725669;17938;87313;31484;15820
1477726569;17748;88123;32742;15777
1477727469;17891;88300;32794;15949
1477728369;17915;88069;32820;15932
1477729269;17796;88277;32949;15851
1477730169;17891;88536;33313;15991
1477731069;18200;88351;32949;16263
1477731969;18771;86621;31637;16514
1477732869;19032;85539;28171;16573
1477733769;19508;83622;26622;16683
1477734669;21413;77175;25137;17272
1477735569;21700;75004;24677;17098
1477736469;23256;69276;27087;17337
1477737369;23617;67277;27554;17217
1477738269;24195;64842;27924;17183
1477739169;25113;61239;28419;17146
1477740069;26134;57172;29090;17016
1477740969;26744;56264;29439;17332
1477741869;27702;51929;30066;16951
1477742769;27875;51082;30192;16851
1477743669;28345;50106;30495;16978
1477744569;28916;48775;30900;17075
1477745469;29615;46715;31357;17030
1477746369;30243;43436;31714;16451
1477747269;30571;41774;31816;16132
1477748169;31052;39869;32227;15831
1477749069;31586;37807;32587;15475
1477749969;32639;35380;33417;15367
1477750869;32872;36671;33521;16133
1477751769;33365;35730;33704;16158
1477752669;33313;34448;33678;15541
1477753569;34440;32760;34466;15737
1477754469;34519;31144;34413;15016
1477755369;34572;29513;34360;14227
1477756269;35448;29947;35022;15206
1477757169;34836;29023;34572;14195
1477758069;35395;29359;34995;14852
1477758969;34624;29882;34492;14465
1477759869;33704;30063;33992;13767
1477760769;34995;29364;34810;14512
1477761669;35931;25862;35448;13348
1477762569;35797;24662;35182;12508
1477763469;34889;26381;34757;12773
1477764369;34730;29453;34624;14332
1477765269;31408;38868;32433;15749
1477766169;31970;37845;32846;15830
1477767069;29740;42127;31433;15519
1477767969;29941;43267;31510;16118
1477768869;28941;45771;30824;16096
1477769769;28916;46897;30773;16456
1477770669;28295;49579;30495;16765
1477771569;27382;52175;29790;16731
1477772469;26720;54312;29365;16751
1477773369;26182;57241;29040;17081
1477774269;25671;60114;28816;17377
1477775169;25113;64406;28369;17946
1477776069;24388;69309;28072;18426
1477776969;23617;73877;27382;18707
1477777869;23064;76250;27087;18680
1477778769;22657;77962;27014;18640
1477779669;22082;80444;27259;18583
1477780569;21843;81169;27308;18493
1477781469;21891;80740;27087;18455
1477782369;21819;80387;26842;18315
1477783269;21127;82802;28245;18112
1477784169;20913;83613;28692;18057
1477785069;20746;83676;28866;17906
1477785969;20365;84115;29090;17615
1477786869;20293;84199;28990;17561
1477787769;19936;85134;30394;17386
1477788669;19865;85659;31077;17413
1477789569;19746;85950;31561;17350
1477790469;19603;86087;31484;17235
1477791369;19460;86468;31842;17165
1477792269;19222;87114;32613;17048
1477793169;19270;87439;33287;17154
1477794069;19294;87107;32510;17117
1477794969;19318;86895;32433;17102
1477795869;19603;85230;28990;17077
1477796769;19770;84453;28245;17095
1477797669;19984;82725;26622;16979
1477798569;20031;82179;26646;16921
1477799469;19936;83067;27063;16997
1477800369;19960;82896;27136;16988
1477801269;19984;82220;26475;16882
1477802169;19627;84296;28345;16926
1477803069;19579;84682;28642;16952
1477803969;19365;84929;28941;16787
1477804869;19341;85218;29115;16818
1477805769;19413;85774;30318;16991
1477806669;19199;85969;30369;16816
1477807569;19032;86027;30697;16663
1477808469;18889;86479;31408;16605
1477809369;18842;86613;31204;16583
1477810269;18699;86725;31510;16463
1477811169;18557;86353;30318;16255
1477812069;18461;86427;30318;16175
1477812969;18271;86888;31791;16071
1477813869;18176;87513;32381;16090
1477814769;18105;87424;31128;16004
1477815669;18794;84502;28122;16148
1477816569;18818;84112;26965;16099
1477817469;19508;81480;25647;16275
1477818369;20150;77128;24823;16038
1477819269;21032;73048;24798;16038
1477820169;21795;70448;26109;16203
1477821069;22896;64976;27136;15984
1477821969;22082;68411;26524;16016
1477822869;22776;68506;26867;16701
1477823769;23448;65944;27431;16741
1477824669;23617;64980;27604;16668
1477825569;23112;67074;27136;16689
1477826469;23954;65037;27801;17002
1477827369;25428;61560;28717;17526
1477828269;25234;60563;28642;17085
1477829169;27014;57612;29740;17960
1477830069;27038;55491;29765;17387
1477830969;27358;53703;29840;17164
1477831869;27136;54244;29840;17118
1477832769;27186;54819;29840;17330
1477833669;27087;53857;29615;16959
1477834569;27382;52559;29916;16846
1477835469;28891;48049;31026;16815
1477836369;28742;48655;30824;16877
1477837269;29414;47155;31103;16996
1477838169;29015;47900;31077;16880
1477839069;30520;44008;31919;16907
1477839969;30192;45114;31765;17003
1477840869;30091;44431;31689;16671
1477841769;28717;46774;30748;16233
1477842669;30697;42537;32073;16530
1477843569;31842;40123;32742;16635
1477844469;30142;44336;31663;16683
1477845369;29115;46390;31128;16466
1477846269;31255;41505;32330;16644
1477847169;31791;39980;32665;16533
1477848069;29315;45281;31255;16266
1477848969;29414;44354;31382;16032
1477849869;31103;39978;32201;15919
1477850769;28419;46241;30571;15783
1477851669;30697;41480;32021;16135
1477852569;30041;43684;31637;16359
1477853469;29615;43636;31255;15957
1477854369;28196;46115;30444;15538
1477855269;27481;47810;29865;15450
1477856169;26549;50135;29290;15338
1477857069;25234;53317;28568;15085
1477857969;24557;55887;28048;15189
1477858869;23593;59490;27579;15262
1477859769;22992;62487;27112;15464
1477860669;22513;64998;27038;15625
1477861569;22106;68699;26793;16105
1477862469;21628;69490;26256;15828
1477863369;21270;70966;26036;15814
1477864269;20960;71962;25914;15734
1477865169;20650;74147;25623;15904
1477866069;20269;76410;25307;16007
1477866969;19984;78147;25162;16082
1477867869;19746;80098;25477;16238
1477868769;19532;81638;25914;16328
1477869669;19341;81164;25501;16051
1477870569;19127;81676;25671;15941
1477871469;18985;82377;26085;15935
1477872369;18842;83272;26720;15965
1477873269;18747;83996;27579;16007
1477874169;18580;84305;27924;15902
1477875069;18414;85053;29090;15877
1477875969;18224;85838;29765;15834
1477876869;18129;86155;29865;15798
1477877769;18200;85346;28444;15721
1477878669;18200;84906;28295;15640
1477879569;18081;85025;28345;15545
1477880469;18010;85277;28518;15521
1477881369;18010;85521;28791;15566
1477882269;17962;85777;29640;15566
1477883169;18081;86313;30419;15780
1477884069;18200;86123;30041;15863
1477884969;18081;85562;29315;15643
1477885869;18010;86441;30495;15733
1477886769;18152;85821;29215;15761
1477887669;18247;85625;29265;15818
1477888569;18057;85605;29265;15628
1477889469;17938;86593;30976;15690
1477890369;18057;87006;31382;15882
1477891269;17772;87321;31637;15657
1477892169;18129;87406;31128;16024
1477893069;18438;85840;29590;16044
1477893969;18390;85072;28048;15857
1477894869;18438;84420;27530;15783
1477895769;18461;85064;28593;15926
1477896669;18533;85764;29790;16124
1477897569;18557;86207;30394;16228
1477898469;18652;86181;30444;16317
1477899369;18723;86076;30293;16368
1477900269;18818;86050;30343;16457
1477901169;18699;86338;30925;16393
1477902069;18699;86459;31052;16415
1477902969;19056;85471;29414;16584
1477903869;19555;83683;27136;16741
1477904769;20007;81615;26304;16789
1477905669;20269;80828;26134;16891
1477906569;21533;76130;25623;17172
1477907469;21318;75307;25307;16793
1477908369;22154;73731;25720;17265
1477909269;23304;68886;27235;17293
1477910169;23809;65393;27702;16951
1477911069;24122;64948;27899;17140
1477911969;24944;59758;28345;16600
1477912869;23930;62520;27875;16357
1477913769;24581;61697;28196;16762
1477914669;25453;55235;28692;15840
1477915569;26549;53592;29464;16383
1477916469;25283;55929;28667;15877
1477917369;25939;53572;29040;15812
1477918269;26916;51407;29590;16068
1477919169;28072;46465;30495;15544
1477920069;26720;49574;29439;15320
1477920969;28568;46524;30849;16014
1477921869;29865;40673;31535;15084
1477922769;28072;44536;30444;14883
1477923669;29490;43015;31408;15620
1477924569;29464;40289;31230;14578
1477925469;29966;39344;31637;14657
1477926369;31816;36886;32846;15294
1477927269;31408;34524;32562;13909
1477928169;31306;36802;32665;14808
1477929069;31919;35207;32846;14659
1477929969;31535;35912;32587;14630
1477930869;31714;36139;32768;14885
1477931769;31255;37566;32458;15082
1477932669;32717;34323;33469;14963
1477933569;31637;36132;32510;14815
1477934469;31612;37531;32717;15383
1477935369;30167;39261;31689;14803
1477936269;29240;41154;31255;14707
1477937169;30900;38713;32098;15236
1477938069;30167;40602;31689;15326
1477938969;29565;41257;31484;15036
1477939869;28866;42066;31001;14712
1477940769;29389;40828;31230;14718
1477941669;28072;44402;30444;14836
1477942569;26671;47973;29439;14764
1477943469;26891;47967;29665;14963
1477944369;25890;52486;29040;15447
1477945269;24847;58828;28394;16263
1477946169;23978;65070;27875;17033
1477947069;23328;68290;27407;17178
1477947969;22848;69938;27087;17097
1477948869;22609;71690;27038;17258
1477949769;22274;72487;26695;17111
1477950669;22011;73785;26280;17139
1477951569;21604;75364;26012;17082
1477952469;21175;76966;25914;16998
1477953369;20841;78010;25695;16887
1477954269;20507;78571;25647;16676
1477955169;20174;78684;25283;16375
1477956069;19912;79617;25380;16305
1477956969;19579;81165;25574;16283
1477957869;19270;82264;26085;16193
1477958769;19103;82956;26256;16161
1477959669;19008;82634;26012;16007
1477960569;18842;83322;26622;15974
1477961469;18747;84071;27358;16021
1477962369;18723;84732;27924;16121
1477963269;18794;84674;27801;16180
1477964169;18628;84956;28171;16069
1477965069;18604;85708;29165;16184
1477965969;18414;85688;28965;15993
1477966869;18247;86013;29740;15889
1477967769;18390;86265;30016;16075
1477968669;18438;86228;29740;16115
1477969569;18461;85650;29015;16033
1477970469;18533;84884;27727;15962
1477971369;18628;84266;27579;15941
1477972269;18628;84808;28072;16042
1477973169;18580;84280;27186;15897
1477974069;18461;84376;27333;15798
1477974969;18224;85205;28270;15718
1477975869;18129;85840;29265;15741
1477976769;18033;85939;29540;15665
1477977669;18081;86047;29290;15732
1477978569;18152;85603;29065;15721
1477979469;18010;86030;29464;15659
1477980369;18010;86224;29941;15694
1477981269;18033;85915;29165;15661
1477982169;17891;85760;29065;15493
1477983069;17701;86633;30167;15464
1477983969;17843;86185;29590;15523
1477984869;17891;86123;29414;15559
1477985769;17891;86437;30091;15615
1477986669;17701;86729;30343;15481
1477987569;17748;86932;30849;15564
1477988469;18081;85756;29115;15679
1477989369;18176;86505;30318;15908
1477990269;18747;84491;27875;16100
1477991169;18842;84661;28245;16224
1477992069;19817;82612;26744;16794
1477992969;20365;77753;25550;16373
1477993869;21652;74207;25283;16883
1477994769;21294;74626;25234;16626
1477995669;22154;72382;25744;16973
1477996569;22274;70873;26353;16756
1477997469;23232;66546;27358;16678
1477998369;24171;63184;28023;16751
1477999269;24074;63790;27875;16810
1478000169;24243;60257;28023;16073
1478001069;24171;60367;28023;16033
1478001969;24653;59592;28394;16284
1478002869;24968;57125;28543;15915
1478003769;25744;53038;28891;15475
1478004669;26012;54024;29165;16012
1478005569;26134;51753;29165;15452
1478006469;27850;46769;30419;15443
1478007369;27431;48459;30066;15616
1478008269;27702;46553;30117;15236
1478009169;27014;48374;29865;15207
1478010069;28543;45024;30849;15479
1478010969;27284;47261;29916;15091
1478011869;27530;46367;30142;15017
1478012769;29215;42239;31179;15089
1478013669;29165;41759;31179;14866
1478014569;29615;40339;31357;14731
1478015469;29240;41597;31179;14873
1478016369;30268;38649;31765;14649
1478017269;28891;41185;31103;14406
1478018169;30243;39545;31765;14982
1478019069;28493;42398;30798;14499
1478019969;29665;39761;31433;14552
1478020869;30293;37820;31919;14335
1478021769;27825;44908;30217;14789
1478022669;30293;40615;31765;15444
1478023569;32021;35675;33001;14954
1478024469;29640;41060;31459;15029
1478025369;31204;36792;32407;14714
1478026269;29215;40160;31153;14306
1478027169;30343;40174;31996;15318
1478028069;28990;41944;31179;14778
1478028969;27924;46579;30192;15447
1478029869;26573;49264;29365;15087
1478030769;25113;53805;28568;15115
1478031669;23833;55845;27850;14504
1478032569;23208;60879;27456;15260
1478033469;22800;63610;27161;15560
1478034369;22226;68777;26793;16237
1478035269;21700;72875;26769;16643
1478036169;21032;75331;25793;16521
1478037069;20627;77279;25380;16531
1478037969;20365;79168;25695;16657
1478038869;20293;78002;25380;16353
1478039769;19793;79255;25331;16118
1478040669;19413;80155;25137;15925
1478041569;19151;80663;25089;15768
1478042469;18985;80780;25089;15629
1478043369;18771;81395;25089;15538
1478044269;18533;82653;25477;15546
1478045169;18390;83816;26207;15624
1478046069;18247;84475;26646;15607
1478046969;18010;85326;27161;15530
1478047869;17819;85937;27702;15455
1478048769;17701;86489;28667;15438
1478049669;17605;86802;29015;15400
1478050569;17510;87162;29615;15371
1478051469;17510;87019;29590;15346
1478052369;17534;86977;29215;15362
1478053269;17510;87639;29815;15456
1478054169;17558;87888;30293;15548
1478055069;17463;88054;30343;15483
1478055969;17629;88378;30824;15705
1478056869;17582;88036;30394;15597
1478057769;17486;88155;30419;15525
1478058669;17534;88638;30722;15657
1478059569;17439;88662;30243;15567
1478060469;17391;88932;30444;15568
1478061369;17320;88821;30318;15478
1478062269;17201;88510;30142;15306
1478063169;17486;88438;30369;15575
1478064069;17724;87690;30066;15677
1478064969;17724;87524;30066;15647
1478065869;17605;87686;30016;15559
1478066769;17605;87733;30142;15567
1478067669;17748;87601;30217;15684
1478068569;17867;86792;29315;15656
1478069469;17986;85758;27974;15586
1478070369;17962;85583;27825;15530
1478071269;17938;86062;28419;15594
1478072169;18057;86283;28766;15751
1478073069;18081;86458;29190;15806
1478073969;18176;86311;29165;15873
1478074869;18842;84290;27751;16156
1478075769;20365;77911;25817;16405
1478076669;21461;74469;25428;16754
1478077569;20865;76610;25380;16625
1478078469;21223;73905;25162;16405
1478079369;22298;70793;25914;16761
1478080269;22393;69601;26500;16585
1478081169;23521;65081;27653;16601
1478082069;22800;66962;27186;16365
1478082969;22082;70810;26524;16558
1478083869;22657;67627;27038;16384
1478084769;23737;61323;27825;15872
1478085669;24605;58731;28245;16010
1478086569;26769;51645;29615;16005
1478087469;26207;51890;29265;15561
1478088369;26036;52856;29040;15692
1478089269;26134;51432;29040;15355
1478090169;27063;48315;29941;15233
1478091069;28394;43432;30950;14784
1478091969;29165;41009;31281;14585
1478092869;30091;38632;31612;14485
1478093769;30394;38350;31944;14640
1478094669;30545;38573;32175;14865
1478095569;31408;37406;32381;15151
1478096469;31179;37733;32407;15084
1478097369;31382;37648;32355;15229
1478098269;31612;36761;32820;15060
1478099169;32278;34922;33183;14848
1478100069;31740;34873;32846;14354
1478100969;31919;35877;32846;14952
1478101869;32150;34060;33287;14348
1478102769;32381;34719;33235;14848
1478103669;32639;33213;33495;14385
1478104569;32587;33672;33495;14552
1478105469;32949;32201;33783;14176
1478106369;32924;33059;32846;14560
1478107269;32355;33793;33235;14406
1478108169;32124;34270;33183;14421
1478109069;32098;33415;32820;14008
1478109969;31714;35259;32639;14502
1478110869;31052;37511;32355;14880
1478111769;30976;38339;32433;15152
1478112669;30217;39955;31791;15121
1478113569;30142;41659;31816;15705
1478114469;28916;43221;30950;15178
1478115369;26402;49469;29290;14995
1478116269;25331;52538;28444;14946
1478117169;24750;54854;28468;15079
1478118069;23208;60036;27382;15043
1478118969;22824;62371;27259;15276
1478119869;22369;62386;26916;14850
1478120769;22058;66314;26646;15506
1478121669;21485;69125;26426;15608
1478122569;21151;71027;26207;15713
1478123469;20698;74617;25695;16049
1478124369;20365;75332;25525;15876
1478125269;20150;77841;25137;16182
1478126169;19984;79035;25355;16260
1478127069;19912;80005;25331;16382
1478127969;19841;80119;25331;16335
1478128869;19603;80428;25137;16163
1478129769;19341;81444;25355;16105
1478130669;19151;81504;25137;15931
1478131569;19389;81378;25380;16139
1478132469;19365;81728;25550;16183
1478133369;19294;80001;24992;15779
1478134269;19199;81133;25137;15906
1478135169;19222;81596;25453;16018
1478136069;19056;82443;25598;16017
1478136969;19103;82579;25817;16090
1478137869;19103;82328;25793;16042
1478138769;19151;82263;25793;16076
1478139669;19008;83160;26231;16107
1478140569;18889;83532;26280;16060
1478141469;18842;83919;26720;16086
1478142369;19008;84229;27038;16307
1478143269;19032;84359;27235;16355
1478144169;19103;84696;27974;16488
1478145069;19103;84671;27924;16483
1478145969;19151;84830;28072;16559
1478146869;19103;84967;28097;16538
1478147769;19056;85398;28568;16571
1478148669;19080;85575;28791;16627
1478149569;19103;85702;29015;16674
1478150469;19175;85278;28568;16665
1478151369;19103;84868;27949;16520
1478152269;18961;85620;28766;16518
1478153169;18794;85728;28717;16375
1478154069;18675;86453;29365;16390
1478154969;18747;87073;30343;16573
1478155869;18652;87243;30672;16510
1478156769;18699;87925;31230;16679
1478157669;18842;87576;31179;16757
1478158569;19127;87308;31052;16990
1478159469;19008;86798;30192;16780
1478160369;18842;87192;30722;16688
1478161269;19698;83315;27186;16811
1478162169;19341;84578;27751;16699
1478163069;19270;85153;28543;16736
1478163969;19841;83096;26989;16909
1478164869;21127;78675;25963;17299
1478165769;20913;78472;25768;17050
1478166669;21294;77522;25768;17228
1478167569;21867;75632;25623;17392
1478168469;22154;75121;25720;17562
1478169369;22393;74951;25866;17757
1478170269;22896;73655;25963;17965
1478171169;22776;75787;26109;18304
1478172069;25453;66550;28766;18792
1478172969;24798;67773;28122;18460
1478173869;24412;68884;28122;18351
1478174769;23713;73288;27136;18672
1478175669;24122;69745;27924;18272
1478176569;27308;58770;30217;18553
1478177469;26304;61850;29389;18426
1478178369;24508;68126;28072;18266
1478179269;25574;64423;29040;18387
1478180169;25307;64822;28518;18233
1478181069;25113;67191;28617;18622
1478181969;24532;70161;28245;18760
1478182869;25477;69275;28568;19460
1478183769;27038;59099;29840;18389
1478184669;26720;60429;29540;18446
1478185569;24315;70913;27850;18723
1478186469;25525;66153;29090;18765
1478187369;21652;82359;27407;18539
1478188269;23424;77023;27259;19190
1478189169;25404;67937;28692;19077
1478190069;27579;56102;30318;18064
1478190969;25963;61856;29190;18106
1478191869;26353;59853;29439;17949
1478192769;27333;57783;30041;18305
1478193669;27727;54199;30343;17652
1478194569;28667;51444;30874;17691
1478195469;26916;54592;29640;17014
1478196369;24774;59611;28444;16403
1478197269;24871;61442;28493;16971
1478198169;25210;60164;28742;16957
1478199069;24992;62032;28568;17236
1478199969;24895;62377;28493;17232
1478200869;23954;66438;27899;17339
1478201769;23352;68294;27554;17202
1478202669;23088;70039;27284;17349
1478203569;22657;71727;27063;17313
1478204469;21891;73625;26451;16989
1478205369;21533;74266;26109;16780
1478206269;21366;75101;25841;16795
1478207169;20936;77077;25671;16790
1478208069;20865;78015;25817;16911
1478208969;20388;78990;25647;16644
1478209869;19936;79881;25355;16381
1478210769;19651;81155;25574;16351
1478211669;19413;82144;25720;16309
1478212569;19151;82565;25914;16134
1478213469;18961;82824;25914;15997
1478214369;18842;83147;25890;15941
1478215269;18675;83334;26207;15814
1478216169;18461;84352;26891;15794
1478217069;18366;84944;27456;15810
1478217969;18461;84745;27014;15867
1478218869;18414;84611;27063;15795
1478219769;18295;85099;27407;15769
1478220669;18461;85015;27481;15917
1478221569;18533;85423;28245;16062
1478222469;18557;85916;28866;16175
1478223369;18461;85650;28468;16033
1478224269;18438;86325;29340;16133
1478225169;18461;86934;30117;16267
1478226069;18580;86745;29715;16350
1478226969;18557;85746;28171;16144
1478227869;18271;85557;27998;15829
1478228769;18081;86337;29315;15784
1478229669;18343;86929;30243;16149
1478230569;18414;86850;29916;16205
1478231469;18366;86066;28766;16016
1478232369;18105;86729;29916;15879
1478233269;18033;87431;30571;15935
1478234169;17867;87128;30091;15717
1478235069;17748;87410;30469;15650
1478235969;17677;87750;30925;15640
1478236869;17629;88237;30976;15680
1478237769;17605;87947;30217;15605
1478238669;17653;87435;30419;15561
1478239569;17605;88089;30950;15630
1478240469;17748;88454;31535;15836
1478241369;17843;88501;31433;15938
1478242269;18010;88329;31281;16072
1478243169;18224;87834;31052;16194
1478244069;18081;87943;31382;16073
1478244969;18081;88062;31484;16094
1478245869;18010;88281;31408;16063
1478246769;17938;88240;31179;15985
1478247669;18842;86589;29389;16579
1478248569;19199;84198;26573;16488
1478249469;19056;84734;27505;16448
1478250369;19413;83551;26573;16576
1478251269;19603;82262;25817;16518
1478252169;20698;78375;24944;16822
1478253069;21413;75137;24677;16849
1478253969;22393;71035;25089;16907
1478254869;22561;71290;25283;17124
1478255769;23232;68445;27382;17123
1478256669;24726;61900;28493;16951
1478257569;23737;64325;27801;16623
1478258469;25671;56670;29140;16446
1478259369;25963;55527;29190;16397
1478260269;27456;51285;30217;16528
1478261169;26182;53700;29340;16075
1478262069;27481;50061;30268;16170
1478262969;28692;47794;31153;16550
1478263869;28891;47059;31204;16487
1478264769;29590;42653;31637;15578
1478265669;30369;41581;31919;15879
1478266569;30318;42223;31970;16074
1478267469;28419;45776;30798;15625
1478268369;28816;43917;31230;15337
1478269269;30369;39695;32098;15154
1478270169;29916;42180;31689;15696
1478271069;31001;38723;32458;15330
1478271969;31842;37099;32898;15406
1478272869;31459;37481;32742;15227
1478273769;29665;40378;31331;14791
1478274669;31408;37651;32820;15252
1478275569;32330;35634;33313;15207
1478276469;29414;40249;31153;14518
1478277369;30874;36551;32330;14321
1478278269;29815;39845;31689;14719
1478279169;31001;37750;32381;14934
1478280069;30293;38790;32047;14728
1478280969;30900;39024;32381;15361
1478281869;30621;40478;32227;15684
1478282769;30722;38695;32021;15071
1478283669;29665;41506;31510;15220
1478284569;29389;41783;31331;15077
1478285469;29615;40270;31561;14705
1478286369;28742;43639;30874;15171
1478287269;27998;43253;30419;14363
1478288169;26646;51693;29615;15906
1478289069;25113;57702;28642;16208
1478289969;24122;61444;27974;16266
1478290869;23016;65521;27333;16229
1478291769;22345;66045;26940;15716
1478292669;21819;66676;26622;15364
1478293569;21413;68120;26280;15311
1478294469;21032;70643;26085;15513
1478295369;20650;69929;25866;14990
1478296269;20269;73475;24412;15394
1478297169;19984;75738;24532;15592
1478298069;19793;77793;24677;15826
1478298969;19532;79769;25040;15965
1478299869;19341;80499;25113;15922
1478300769;19151;81326;25210;15897
1478301669;18961;81741;25210;15790
1478302569;18699;82890;25890;15753
1478303469;18628;83722;26353;15840
1478304369;18461;84475;26965;15817
1478305269;18295;85075;27308;15764
1478306169;18224;85156;27407;15709
1478307069;18081;85025;27161;15545
1478307969;17986;85296;27530;15501
1478308869;17819;86131;28568;15490
1478309769;17748;86740;29140;15530
1478310669;17819;86661;28692;15586
1478311569;17938;86833;28965;15734
1478312469;18105;86536;28766;15844
1478313369;18414;86198;28369;16086
1478314269;18557;85526;27628;16104
1478315169;18723;84239;26182;16029
1478316069;18699;83489;25623;15866
1478316969;18628;84143;26109;15918
1478317869;18533;83948;26012;15789
1478318769;18557;84102;26061;15841
1478319669;18438;83926;26061;15691
1478320569;18390;84113;26158;15680
1478321469;18247;84327;26109;15579
1478322369;18010;85302;27481;15526
1478323269;18033;85258;27259;15541
1478324169;18152;84944;26671;15600
1478325069;18224;84911;26842;15664
1478325969;18247;84622;26329;15634
1478326869;18200;84783;26720;15617
1478327769;18176;84508;26280;15543
1478328669;18200;84906;26500;15640
1478329569;18081;84976;26744;15536
1478330469;18081;85221;27014;15581
1478331369;18010;84764;26353;15427
1478332269;17891;84932;26378;15341
1478333169;17843;85263;26916;15355
1478334069;17962;85291;26793;15477
1478334969;19603;78877;24508;15858
1478335869;20246;76936;24653;16091
1478336769;20627;75519;24388;16168
1478337669;21772;71588;24291;16432
1478338569;20150;76412;24388;15892
1478339469;21867;70462;25355;16274
1478340369;22657;66735;27112;16175
1478341269;23040;64824;27382;16084
1478342169;23136;64077;27456;15993
1478343069;22824;64905;27259;15898
1478343969;24002;60098;28023;15805
1478344869;24847;58124;28568;16074
1478345769;24339;59148;28270;15872
1478346669;24484;57824;28270;15654
1478347569;25841;52320;29140;15353
1478348469;27751;48139;30394;15805
1478349369;28295;46259;30596;15677
1478350269;28841;43078;31204;15059
1478351169;27899;45549;30520;15076
1478352069;28468;44849;30950;15350
1478352969;30117;41520;31842;15630
1478353869;28742;45047;31077;15666
1478354769;29490;42574;31791;15459
1478355669;28916;43154;31306;15153
1478356569;30976;39136;32484;15473
1478357469;31281;37429;32742;15048
1478358369;29464;40973;31535;14839
1478359269;31408;37267;32691;15093
1478360169;30748;38524;32175;15025
1478361069;31306;38128;32691;15359
1478361969;29115;42195;31281;14983
1478362869;30016;40312;31868;15080
1478363769;30925;38403;32124;15133
1478364669;27554;44976;30243;14567
1478365569;29590;39684;31612;14455
1478366469;30066;39182;31714;14682
1478367369;31842;36327;32924;15078
1478368269;29815;39707;31586;14665
1478369169;28394;43163;30849;14687
1478370069;29991;40481;31816;15122
1478370969;28766;44079;31077;15350
1478371869;27308;47691;29991;15254
1478372769;28097;45406;30596;15206
1478373669;26524;49776;29615;15204
1478374569;25404;53340;28816;15249
1478375469;25210;54574;28642;15426
1478376369;24267;58680;27998;15680
1478377269;23352;61830;27653;15638
1478378169;22800;63285;27210;15480
1478379069;22465;63937;27136;15323
1478379969;22274;63552;26989;15048
1478380869;21939;68072;26671;15802
1478381769;21676;70454;26500;16089
1478382669;20746;76613;25525;16510
1478383569;20246;77808;25283;16268
1478384469;19841;78118;24944;15938
1478385369;19579;78976;24992;15854
1478386269;19389;79247;24702;15723
1478387169;19270;80202;24653;15795
1478388069;19127;81524;24944;15911
1478388969;19080;82196;25137;15994
1478389869;19056;82216;25210;15974
1478390769;18842;82897;25550;15894
1478391669;18699;83290;25623;15829
1478392569;18509;84140;26231;15801
1478393469;18295;85221;27186;15791
1478394369;18129;85864;27776;15745
1478395269;18081;86289;28097;15776
1478396169;18129;86034;27801;15776
1478397069;18271;85849;27530;15883
1478397969;18247;85357;27112;15769
1478398869;18295;85221;26940;15791
1478399769;18414;84390;26231;15754
1478400669;18438;84764;26646;15847
1478397969;18438;84666;26378;15829
1478398869;18461;84376;26256;15798
1478399769;18414;84833;26646;15836
1478400669;18343;84841;26695;15768
1478401569;18343;85306;27382;15853
1478402469;18200;85881;27899;15818
1478403369;18176;85778;27677;15776
1478404269;18200;85443;27136;15738
1478405169;18247;85454;27407;15787
1478406069;18057;85799;27751;15663
1478406969;18081;86434;28221;15802
1478407869;18081;85829;27431;15692
1478408769;17915;85693;27481;15504
1478409669;17629;86760;28568;15416
1478410569;17748;87076;28941;15590
1478411469;17748;87124;28941;15599
1478412369;17534;87645;29464;15481
1478413269;17629;87429;29065;15536
1478414169;17701;87256;28518;15575
1478415069;17534;86497;28023;15275
1478415969;17415;86421;28320;15145
1478416869;17463;86984;29414;15293
1478417769;17629;87239;29590;15502
1478418669;18295;85343;27431;15814
1478419569;18485;84947;27235;15927
1478420469;20103;78956;24653;16360
1478421369;20436;75374;24026;15954
1478422269;20841;73285;23545;15905
1478423169;21461;71530;22585;16121
1478424069;21008;72632;23737;15925
1478424969;21318;72278;23593;16147
1478425869;22393;68864;23785;16417
1478426769;23040;66397;27284;16460
1478427669;23497;63813;26353;16269
1478428569;24581;59277;28493;16133
1478429469;23930;60691;28023;15891
1478430369;25113;56402;28742;15851
1478431269;25890;55516;29190;16326
1478432169;25768;54400;29015;15895
1478433069;27333;50527;30192;16181
1478433969;28221;47967;30596;16177
1478434869;28791;47113;31153;16415
1478435769;28468;48850;31001;16690
1478436669;28245;47048;30646;15896
1478437569;28270;46256;30697;15653
1478438469;28717;45944;31052;15953
1478439369;29015;43805;31179;15477
1478440269;27825;45972;30495;15153
