data_pasto;tbs;ur;tgn;tpo
10/15/2016 23:59:7;22369;66863;22369;16104
10/16/2016 00:14:7;22321;67093;22321;16110
10/16/2016 00:29:7;22274;67144;22274;16076
10/16/2016 00:44:7;22202;67340;22202;16050
10/16/2016 00:59:7;22154;67600;22154;16062
10/16/2016 01:14:7;22130;67922;22130;16110
10/16/2016 01:29:7;22106;68096;22106;16125
10/16/2016 01:44:7;22082;68181;22058;16120
10/16/2016 01:59:7;22058;68385;22034;16142
10/16/2016 02:14:7;22034;68677;22034;16182
10/16/2016 02:29:7;22034;69091;22011;16271
10/16/2016 02:44:7;21987;69290;22011;16268
10/16/2016 02:59:7;21939;69310;21939;16226
10/16/2016 03:14:7;21819;69348;21843;16120
10/16/2016 03:29:7;21748;69482;21748;16080
10/16/2016 03:44:7;21724;69684;21724;16100
10/16/2016 03:59:7;21700;69916;21724;16126
10/16/2016 04:14:7;21700;70151;21724;16176
10/16/2016 04:29:7;21652;70201;21676;16140
10/16/2016 04:44:7;21581;70276;21581;16087
10/16/2016 04:59:7;21509;70322;21509;16028
10/16/2016 05:14:7;21437;70455;21437;15987
10/16/2016 05:29:7;21390;70593;21413;15970
10/16/2016 05:44:7;21390;70681;21390;15988
10/16/2016 05:59:7;21390;70887;21413;16031
10/16/2016 06:14:7;21461;71047;21461;16133
10/16/2016 06:29:7;21557;71241;21557;16265
10/16/2016 06:44:7;21724;71301;21700;16439
10/16/2016 06:59:7;21819;71202;21795;16510
10/16/2016 07:14:7;21891;71098;21891;16558
10/16/2016 07:29:7;22058;71100;22034;16719
10/16/2016 07:44:7;22321;70973;22298;16946
10/16/2016 07:59:7;22609;70615;22561;17147
10/16/2016 08:14:7;22896;70048;22848;17303
10/16/2016 08:29:7;23232;69547;23256;17519
10/16/2016 08:44:7;23448;68814;23424;17567
10/16/2016 08:59:7;23665;68675;23785;17744
10/16/2016 09:14:7;24026;67604;24146;17853
10/16/2016 09:29:7;26329;56553;;17309
10/16/2016 09:44:7;27579;53992;;17757
10/16/2016 09:59:7;27850;52154;;17470
10/16/2016 10:14:7;28345;51485;;17726
10/16/2016 10:29:7;29941;54516;;20102
10/16/2016 10:44:7;34124;40528;;19169
10/16/2016 10:59:7;33495;40663;;18662
10/16/2016 11:14:7;33157;41732;;18776
10/16/2016 11:29:7;33548;41808;;19155
10/16/2016 11:44:7;35529;34966;;18020
10/16/2016 11:59:7;37838;34040;;19599
10/16/2016 12:14:7;37288;32712;;18466
10/16/2016 12:29:7;41443;30617;;20951
10/16/2016 12:44:7;41972;27193;;19409
10/16/2016 12:59:7;41443;25197;;17691
10/16/2016 13:14:7;40314;27779;;18364
10/16/2016 13:29:7;38896;31668;;19323
10/16/2016 13:44:7;39290;31072;;19348
10/16/2016 13:59:7;39772;30131;;19251
10/16/2016 14:14:7;38060;28664;;16965
10/16/2016 14:29:7;37508;32176;;18386
10/16/2016 14:44:7;36933;30774;;17161
10/16/2016 14:59:7;36119;32231;;17212
10/16/2016 15:14:7;36796;33153;;18259
10/16/2016 15:29:7;36498;32263;;17556
10/16/2016 15:44:7;35823;32620;;17150
10/16/2016 15:59:7;35797;32652;;17143
10/16/2016 16:14:7;34916;34327;;17186
10/16/2016 16:29:7;29991;42843;;16348
10/16/2016 16:44:7;27628;49883;36362;16574
10/16/2016 16:59:7;26036;51843;29340;15701
10/16/2016 17:14:7;24798;53821;25744;15126
10/16/2016 17:29:7;23569;55959;24532;14570
10/16/2016 17:44:7;23016;58292;28866;14666
10/16/2016 17:59:7;22537;61098;24702;14919
10/16/2016 18:14:7;22178;63738;21461;15210
10/16/2016 18:29:7;21795;65656;20889;15286
10/16/2016 18:44:7;21461;66822;20531;15228
10/16/2016 18:59:7;21103;68419;19912;15234
10/16/2016 19:14:7;20817;70398;19532;15379
10/16/2016 19:29:7;20507;72064;19246;15423
10/16/2016 19:44:7;20198;72150;18937;15141
10/16/2016 19:59:7;20007;73099;18818;15148
10/16/2016 20:14:7;20007;73937;19199;15314
10/16/2016 20:29:7;20055;73976;19413;15367
10/16/2016 20:44:7;19936;73837;19056;15225
10/16/2016 20:59:7;19865;74600;19175;15305
10/16/2016 21:14:7;19674;75681;18818;15329
10/16/2016 21:29:7;19318;76295;18200;15099
10/16/2016 21:44:7;19413;76770;18937;15281
10/16/2016 21:59:7;19294;76490;18628;15113
10/16/2016 22:14:7;19151;76717;18414;15017
10/16/2016 22:29:7;19127;76797;18485;15009
10/16/2016 22:44:7;19032;77374;18319;15024
10/16/2016 22:59:7;18937;77525;18295;14959
10/16/2016 23:14:7;18699;77900;17796;14797
10/16/2016 23:29:7;18461;78527;17415;14680
10/16/2016 23:44:7;18366;78592;17582;14599
10/16/2016 23:59:7;18390;78850;17891;14669
10/17/2016 00:14:7;18129;78992;17296;14439
10/17/2016 00:29:7;17986;79494;18057;14390
10/17/2016 00:44:7;17986;79970;18461;14475
10/17/2016 00:59:7;18081;80186;18509;14606
10/17/2016 01:14:7;18010;80478;17391;14588
10/17/2016 01:29:7;17796;80655;17011;14410
10/17/2016 01:44:7;17724;80807;16892;14366
10/17/2016 01:59:7;17558;81049;16677;14246
10/17/2016 02:14:7;17605;81170;16820;14313
10/17/2016 02:29:7;17463;81361;16630;14207
10/17/2016 02:44:7;17344;81640;16487;14138
10/17/2016 02:59:7;17225;81752;16368;14041
10/17/2016 03:14:7;17130;81925;16320;13978
10/17/2016 03:29:7;17320;82161;16654;14205
10/17/2016 03:44:7;17344;82276;16701;14248
10/17/2016 03:59:7;17486;82363;16963;14403
10/17/2016 04:14:7;17510;82424;16868;14436
10/17/2016 04:29:7;17510;82479;16963;14446
10/17/2016 04:44:7;17653;82539;17106;14596
10/17/2016 04:59:7;17510;82535;16749;14455
10/17/2016 05:14:7;17344;82580;16654;14300
10/17/2016 05:29:7;17510;82645;18390;14474
10/17/2016 05:44:7;18129;82506;19817;15057
10/17/2016 05:59:7;18794;82265;22729;15669
10/17/2016 06:14:7;18723;81665;19674;15495
10/17/2016 06:29:7;19103;81442;21581;15828
10/17/2016 06:44:7;19746;80826;24798;16348
10/17/2016 06:59:7;20936;77768;27431;16952
10/17/2016 07:14:7;22034;73755;28717;17239
10/17/2016 07:29:7;22920;69460;29916;17201
10/17/2016 07:44:7;23232;65063;28766;16519
10/17/2016 07:59:7;23857;63231;30798;16684
10/17/2016 08:14:7;24050;62654;30343;16728
10/17/2016 08:29:7;24532;60221;30697;16584
10/17/2016 08:44:7;25234;58694;32458;16853
10/17/2016 08:59:7;25890;55549;33157;16624
10/17/2016 09:14:7;26426;54367;33521;16793
10/17/2016 09:29:7;26842;53952;34150;17061
10/17/2016 09:44:7;27284;52586;34889;17074
10/17/2016 09:59:7;27727;50890;36173;16975
10/17/2016 10:14:7;28196;52966;36525;18031
10/17/2016 10:29:7;28369;52416;37563;18028
10/17/2016 10:44:7;28642;50852;38532;17807
10/17/2016 10:59:7;28941;49700;38004;17722
10/17/2016 11:14:7;29315;48714;38812;17751
10/17/2016 11:29:7;29265;47605;38644;17344
10/17/2016 11:44:7;29790;46627;41766;17497
10/17/2016 11:59:7;30369;44698;39743;17357
10/17/2016 12:14:7;30167;45036;37811;17293
10/17/2016 12:29:7;30874;43240;42297;17289
10/17/2016 12:44:7;31382;42834;42564;17598
10/17/2016 12:59:7;31586;41528;42624;17289
10/17/2016 13:14:7;32021;40640;43768;17335
10/17/2016 13:29:7;31586;40861;40978;17032
10/17/2016 13:44:7;31586;40193;42863;16771
10/17/2016 13:59:7;32304;38961;44658;16915
10/17/2016 14:14:7;30925;40690;35342;16374
10/17/2016 14:29:7;30773;41206;38087;16437
10/17/2016 14:44:7;30545;41746;40429;16438
10/17/2016 14:59:7;30167;41970;34045;16182
10/17/2016 15:14:7;30798;42106;37921;16801
10/17/2016 15:29:7;30217;43100;33600;16646
10/17/2016 15:44:7;28493;46892;30243;16404
10/17/2016 15:59:7;29941;46515;36308;17597
10/17/2016 16:14:7;30016;46753;34730;17746
10/17/2016 16:29:7;29140;48335;32330;17469
10/17/2016 16:44:7;28048;50067;29765;17017
10/17/2016 16:59:7;26646;53830;26940;16844
10/17/2016 17:14:7;24629;57640;23400;16009
10/17/2016 17:29:7;23761;60928;22585;16033
10/17/2016 17:44:7;23112;63047;21987;15933
10/17/2016 17:59:7;22633;64539;21604;15828
10/17/2016 18:14:7;22178;65633;21175;15645
10/17/2016 18:29:7;21748;66664;20698;15466
10/17/2016 18:44:7;21437;67917;20436;15445
10/17/2016 18:59:7;21079;69006;20031;15337
10/17/2016 19:14:7;20793;70570;19817;15391
10/17/2016 19:29:7;20460;72142;19460;15393
10/17/2016 19:44:7;20269;73873;19508;15555
10/17/2016 19:59:7;20269;74191;19698;15617
10/17/2016 20:14:7;20198;74494;19579;15607
10/17/2016 20:29:7;20126;74940;19532;15625
10/17/2016 20:44:7;20079;75677;19508;15721
10/17/2016 20:59:7;20007;75319;19508;15583
10/17/2016 21:14:7;19793;75820;19222;15471
10/17/2016 21:29:7;19746;76211;19246;15499
10/17/2016 21:44:7;19793;76392;19294;15580
10/17/2016 21:59:7;19508;76619;18699;15345
10/17/2016 22:14:7;19318;77433;18699;15313
10/17/2016 22:29:7;19460;77775;19056;15515
10/17/2016 22:44:7;19436;77656;18985;15470
10/17/2016 22:59:7;19389;77675;18913;15427
10/17/2016 23:14:7;19318;77887;18794;15397
10/17/2016 23:29:7;19365;78152;18937;15492
10/17/2016 23:44:7;19341;78232;18889;15484
10/17/2016 23:59:7;19127;78442;18461;15314
10/18/2016 00:14:7;19032;78676;18343;15264
10/18/2016 00:29:7;19032;79127;18580;15346
10/18/2016 00:44:7;19056;79470;18509;15431
10/18/2016 00:59:7;19103;79592;18699;15499
10/18/2016 01:14:7;19032;79577;18414;15427
10/18/2016 01:29:7;18747;79685;17938;15168
10/18/2016 01:44:7;18557;80093;17724;15055
10/18/2016 01:59:7;18414;80426;17582;14974
10/18/2016 02:14:7;18366;80667;17510;14970
10/18/2016 02:29:7;18366;80779;17653;14990
10/18/2016 02:44:7;18628;80891;18247;15266
10/18/2016 02:59:7;18580;80965;17938;15232
10/18/2016 03:14:7;18533;81206;17938;15228
10/18/2016 03:29:7;18414;81375;17796;15141
10/18/2016 03:44:7;18509;81479;18081;15253
10/18/2016 03:59:7;18604;81583;18224;15364
10/18/2016 04:14:7;18628;81700;18271;15408
10/18/2016 04:29:7;18628;81784;18271;15422
10/18/2016 04:44:7;18557;81879;18129;15369
10/18/2016 04:59:7;18461;81969;18057;15291
10/18/2016 05:14:7;18390;82093;18129;15243
10/18/2016 05:29:7;18414;82181;18247;15281
10/18/2016 05:44:7;18509;82202;18747;15378
10/18/2016 05:59:7;18628;82145;19080;15485
10/18/2016 06:14:7;18985;82085;20317;15824
10/18/2016 06:29:7;19436;81738;21246;16207
10/18/2016 06:44:7;20198;81120;24267;16844
10/18/2016 06:59:7;20531;80010;25065;16970
10/18/2016 07:14:7;21079;78282;25695;17187
10/18/2016 07:29:7;21795;76225;26475;17493
10/18/2016 07:44:7;22705;74468;29490;18030
10/18/2016 07:59:7;23857;70758;31433;18379
10/18/2016 08:14:7;24363;68053;31663;18276
10/18/2016 08:29:7;25065;66434;32536;18581
10/18/2016 08:44:7;25817;64258;34229;18789
10/18/2016 08:59:7;26451;62712;34995;19015
10/18/2016 09:14:7;26965;60636;35636;18981
10/18/2016 09:29:7;27235;58315;35850;18631
10/18/2016 09:44:7;27825;55167;36471;18321
10/18/2016 09:59:7;28295;54917;37261;18687
10/18/2016 10:14:7;28518;54283;38616;18713
10/18/2016 10:29:7;29040;52923;39177;18800
10/18/2016 10:44:7;29090;52642;38226;18762
10/18/2016 10:59:7;29615;51045;39375;18762
10/18/2016 11:14:7;30268;49872;41152;18996
10/18/2016 11:29:7;31357;43427;45499;17793
10/18/2016 11:44:7;31816;46710;45814;19371
10/18/2016 11:59:7;31612;44843;42893;18534
10/18/2016 12:14:7;31868;43882;41825;18420
10/18/2016 12:29:7;30798;45143;42505;17903
10/18/2016 12:44:7;32098;43013;45593;18309
10/18/2016 12:59:7;32562;40497;45908;17762
10/18/2016 13:14:7;32898;40131;46226;17916
10/18/2016 13:29:7;32381;39942;42149;17380
10/18/2016 13:44:7;31612;41164;42356;17172
10/18/2016 13:59:7;32124;40150;40688;17233
10/18/2016 14:14:7;30369;42886;32304;16704
10/18/2016 14:29:7;29439;43999;31408;16268
10/18/2016 14:44:7;29340;44414;31919;16325
10/18/2016 14:59:7;29790;44237;37673;16670
10/18/2016 15:14:7;31153;42145;40891;17134
10/18/2016 15:29:7;31331;41998;39800;17239
10/18/2016 15:44:7;30016;44131;32794;16837
10/18/2016 15:59:7;30066;46138;35636;17583
10/18/2016 16:14:7;29290;48224;30925;17570
10/18/2016 16:29:7;27677;52608;27456;17445
10/18/2016 16:44:7;26818;55998;26916;17613
10/18/2016 16:59:7;26280;58450;25963;17771
10/18/2016 17:14:7;25040;62726;24002;17683
10/18/2016 17:29:7;24315;64340;23256;17381
10/18/2016 17:44:7;23809;65885;22824;17258
10/18/2016 17:59:7;23472;66907;22585;17168
10/18/2016 18:14:7;22896;67792;21891;16814
10/18/2016 18:29:7;22393;69038;21318;16604
10/18/2016 18:44:7;22011;69884;20865;16418
10/18/2016 18:59:7;21724;71243;20817;16427
10/18/2016 19:14:7;21294;71718;20222;16111
10/18/2016 19:29:7;20913;72345;19960;15871
10/18/2016 19:44:7;20603;73012;19651;15706
10/18/2016 19:59:7;20341;73685;19436;15587
10/18/2016 20:14:7;20198;74321;19294;15574
10/18/2016 20:29:7;20079;75017;19222;15594
10/18/2016 20:44:7;19746;75438;18985;15352
10/18/2016 20:59:7;19532;75824;18842;15218
10/18/2016 21:14:7;19460;76495;18889;15276
10/18/2016 21:29:7;19341;76670;18794;15193
10/18/2016 21:44:7;19175;76665;18343;15030
10/18/2016 21:59:7;18866;77198;17938;14829
10/18/2016 22:14:7;18628;77517;17677;14657
10/18/2016 22:29:7;18485;78166;17605;14637
10/18/2016 22:44:7;18366;78648;17534;14609
10/18/2016 22:59:7;18271;78853;17463;14553
10/18/2016 23:14:7;18176;79254;17391;14533
10/18/2016 23:29:7;18033;79477;17177;14433
10/18/2016 23:44:7;17986;79774;17296;14440
10/18/2016 23:59:7;18200;79904;17867;14672
10/19/2016 00:14:7;18295;79953;17962;14774
10/19/2016 00:29:7;18343;79823;17915;14797
10/19/2016 00:44:7;18319;79846;17843;14778
10/19/2016 00:59:7;18319;79958;17938;14798
10/19/2016 01:14:7;18271;79920;17653;14745
10/19/2016 01:29:7;18105;80024;17415;14601
10/19/2016 01:44:7;18224;80133;17772;14736
10/19/2016 01:59:7;18295;80205;17867;14819
10/19/2016 02:14:7;18295;80288;17748;14834
10/19/2016 02:29:7;18129;80448;17368;14699
10/19/2016 02:44:7;18105;80750;17463;14729
10/19/2016 02:59:7;18200;81022;17724;14870
10/19/2016 03:14:7;18224;81166;17796;14918
10/19/2016 03:29:7;18010;81286;17344;14730
10/19/2016 03:44:7;17724;81418;16915;14473
10/19/2016 03:59:7;17629;81675;16939;14424
10/19/2016 04:14:7;17748;81868;17272;14574
10/19/2016 04:29:7;17796;81989;17296;14642
10/19/2016 04:44:7;17701;82079;17058;14564
10/19/2016 04:59:7;17629;82174;17058;14510
10/19/2016 05:14:7;17748;82366;17296;14660
10/19/2016 05:29:7;17962;82441;17582;14883
10/19/2016 05:44:7;18033;82513;17724;14965
10/19/2016 05:59:7;18200;82522;18295;15130
10/19/2016 06:14:7;18509;82535;19555;15436
10/19/2016 06:29:7;19008;82368;21963;15897
10/19/2016 06:44:7;19222;81858;21079;16018
10/19/2016 06:59:7;19960;81153;24798;16616
10/19/2016 07:14:7;20841;79142;26378;17114
10/19/2016 07:29:7;21843;75600;28965;17419
10/19/2016 07:44:7;22729;71873;29315;17525
10/19/2016 07:59:7;23593;69019;30697;17750
10/19/2016 08:14:7;24050;66498;31077;17627
10/19/2016 08:29:7;24653;65396;32124;17950
10/19/2016 08:44:7;25040;62817;32665;17705
10/19/2016 08:59:7;25550;61337;33209;17823
10/19/2016 09:14:7;26085;59507;34176;17863
10/19/2016 09:29:7;26500;57954;34704;17846
10/19/2016 09:44:7;27063;56222;35475;17904
10/19/2016 09:59:7;27677;54671;36769;18043
10/19/2016 10:14:7;27974;53953;36661;18112
10/19/2016 10:29:7;28642;51557;38504;18022
10/19/2016 10:44:7;29190;53900;39857;19226
10/19/2016 10:59:7;29715;51090;41766;18868
10/19/2016 11:14:7;29966;49412;41502;18572
10/19/2016 11:29:7;30167;48595;41065;18493
10/19/2016 11:44:7;30925;46863;44196;18611
10/19/2016 11:59:7;31510;45589;44812;18704
10/19/2016 12:14:7;31791;44600;45092;18610
10/19/2016 12:29:7;31868;44147;44073;18516
10/19/2016 12:44:7;32253;42732;45311;18343
10/19/2016 12:59:7;31586;42326;43799;17592
10/19/2016 13:14:7;32227;42496;45373;18231
10/19/2016 13:29:7;31484;43077;38032;17779
10/19/2016 13:44:7;32124;40384;45186;17326
10/19/2016 13:59:7;32355;40241;42327;17476
10/19/2016 14:14:7;31484;41250;36987;17091
10/19/2016 14:29:7;30722;42694;34387;16951
10/19/2016 14:44:7;30621;43674;36688;17219
10/19/2016 14:59:7;30016;43605;33157;16648
10/19/2016 15:14:7;30621;43542;38504;17171
10/19/2016 15:29:7;30217;43825;32562;16909
10/19/2016 15:44:7;29065;47027;29865;16971
10/19/2016 15:59:7;28692;49119;29615;17310
10/19/2016 16:14:7;27431;52924;27308;17310
10/19/2016 16:29:7;26744;56175;26451;17594
10/19/2016 16:44:7;25841;59128;25113;17536
10/19/2016 16:59:7;25137;60933;24291;17333
10/19/2016 17:14:7;24436;65571;23737;17783
10/19/2016 17:29:7;23857;65562;22848;17230
10/19/2016 17:44:7;23400;66775;22369;17070
10/19/2016 17:59:7;23064;67404;22154;16889
10/19/2016 18:14:7;22776;69641;21772;17101
10/19/2016 18:29:7;22250;71283;21175;16942
10/19/2016 18:44:7;21867;72937;20889;16912
10/19/2016 18:59:7;21557;73691;20603;16764
10/19/2016 19:14:7;21246;74239;20365;16573
10/19/2016 19:29:7;21103;74760;20317;16537
10/19/2016 19:44:7;21079;75332;20388;16625
10/19/2016 19:59:7;21032;75984;20388;16705
10/19/2016 20:14:7;21032;76472;20436;16799
10/19/2016 20:29:7;20889;77016;20317;16763
10/19/2016 20:44:7;20746;77186;20150;16657
10/19/2016 20:59:7;20579;77495;20055;16552
10/19/2016 21:14:7;20484;77332;19912;16429
10/19/2016 21:29:7;20269;77488;19651;16250
10/19/2016 21:44:7;20150;77918;19627;16214
10/19/2016 21:59:7;20031;77751;19294;16067
10/19/2016 22:14:7;19698;78193;18771;15824
10/19/2016 22:29:7;19365;78972;18461;15642
10/19/2016 22:44:7;19175;79270;18295;15511
10/19/2016 22:59:7;19127;79429;18295;15493
10/19/2016 23:14:7;19127;79569;18319;15518
10/19/2016 23:29:7;19222;79674;18580;15630
10/19/2016 23:44:7;19365;79901;18985;15811
10/19/2016 23:59:7;19341;79896;18818;15786
10/20/2016 00:14:7;19222;79815;18533;15656
10/20/2016 00:29:7;19103;79986;18580;15570
10/20/2016 00:44:7;18961;80011;18200;15435
10/20/2016 00:59:7;18675;80343;17819;15215
10/20/2016 01:14:7;18628;80891;17891;15266
10/20/2016 01:29:7;18723;81219;18271;15417
10/20/2016 01:44:7;18723;81442;18343;15456
10/20/2016 01:59:7;18319;81493;17629;15069
10/20/2016 02:14:7;18247;81756;17724;15044
10/20/2016 02:29:7;17986;81948;17272;14821
10/20/2016 02:44:7;17891;82121;17249;14758
10/20/2016 02:59:7;17962;82303;17510;14859
10/20/2016 03:14:7;18057;82379;17629;14966
10/20/2016 03:29:7;18081;82468;17677;15004
10/20/2016 03:44:7;18057;82490;17677;14985
10/20/2016 03:59:7;18081;82495;17701;15009
10/20/2016 04:14:7;18033;82457;17558;14956
10/20/2016 04:29:7;18057;82490;17582;14985
10/20/2016 04:44:7;18057;82546;17510;14994
10/20/2016 04:59:7;17986;82613;17439;14936
10/20/2016 05:14:7;18081;82689;17701;15042
10/20/2016 05:29:7;18152;82733;17891;15120
10/20/2016 05:44:7;18295;82737;18485;15260
10/20/2016 05:59:7;18628;82672;19413;15576
10/20/2016 06:14:7;18937;82630;20198;15872
10/20/2016 06:29:7;19460;82440;22417;16353
10/20/2016 06:44:7;19888;81949;22896;16687
10/20/2016 06:59:7;20103;81240;23497;16772
10/20/2016 07:14:7;20936;79304;25647;17237
10/20/2016 07:29:7;21390;77347;26598;17313
10/20/2016 07:44:7;22681;73415;30722;17795
10/20/2016 07:59:7;23256;71178;30293;17889
10/20/2016 08:14:7;23280;69971;30041;17656
10/20/2016 08:29:7;24171;67300;33235;17923
10/20/2016 08:44:7;24774;64903;33183;17949
10/20/2016 08:59:7;25016;63454;31179;17836
10/20/2016 09:14:7;25162;64422;34045;18205
10/20/2016 09:29:7;26085;60157;34836;18030
10/20/2016 09:44:7;26818;58563;37755;18305
10/20/2016 09:59:7;26207;55877;32355;17010
10/20/2016 10:14:7;27481;56157;39516;18276
10/20/2016 10:29:7;27333;53989;33443;17528
10/20/2016 10:44:7;28147;50433;38672;17221
10/20/2016 10:59:7;29365;49593;42684;18078
10/20/2016 11:14:7;29340;50106;37921;18217
10/20/2016 11:29:7;29790;49195;45217;18342
10/20/2016 11:44:7;30596;45907;44288;17985
10/20/2016 11:59:7;29715;47791;34730;17817
10/20/2016 12:14:7;30091;44140;44812;16908
10/20/2016 12:29:7;31230;42850;45877;17466
10/20/2016 12:44:7;30041;44726;35022;17070
10/20/2016 12:59:7;30798;44287;44688;17600
10/20/2016 13:14:7;32150;39650;47875;17057
10/20/2016 13:29:7;32898;36388;49140;16351
10/20/2016 13:44:7;31714;40608;36715;17048
10/20/2016 13:59:7;29815;43219;32691;16327
10/20/2016 14:14:7;30192;42833;38087;16525
10/20/2016 14:29:7;30419;40936;42505;16016
10/20/2016 14:44:7;32330;40707;47222;17637
10/20/2016 14:59:7;31970;37346;43982;15945
10/20/2016 15:14:7;31740;39473;42267;16620
10/20/2016 15:29:7;32150;36079;43223;15557
10/20/2016 15:44:7;32201;35677;41590;15424
10/20/2016 15:59:7;32898;35030;41531;15744
10/20/2016 16:14:7;32073;36004;38198;15456
10/20/2016 16:29:7;31842;38040;37425;16124
10/20/2016 16:44:7;30925;40357;33966;16244
10/20/2016 16:59:7;29265;45682;29790;16698
10/20/2016 17:14:7;27284;53856;26378;17444
10/20/2016 17:29:7;25793;58407;24508;17302
10/20/2016 17:44:7;25040;61623;23881;17413
10/20/2016 17:59:7;24146;65461;23016;17482
10/20/2016 18:14:7;23545;66650;22417;17179
10/20/2016 18:29:7;22992;68017;21891;16956
10/20/2016 18:44:7;22681;68883;21891;16846
10/20/2016 18:59:7;22489;70209;21795;16946
10/20/2016 19:14:7;22154;71705;21485;16937
10/20/2016 19:29:7;21987;72609;21413;16961
10/20/2016 19:44:7;21724;73317;21127;16850
10/20/2016 19:59:7;21413;74040;20865;16695
10/20/2016 20:14:7;21223;74986;20698;16696
10/20/2016 20:29:7;21103;75423;20484;16666
10/20/2016 20:44:7;21127;75629;20674;16729
10/20/2016 20:59:7;21079;76051;20627;16764
10/20/2016 21:14:7;20936;76625;20507;16735
10/20/2016 21:29:7;20793;77025;20365;16672
10/20/2016 21:44:7;20746;77044;20341;16630
10/20/2016 21:59:7;20674;77372;20293;16622
10/20/2016 22:14:7;20603;77528;20246;16582
10/20/2016 22:29:7;20507;77879;20103;16555
10/20/2016 22:44:7;20412;78001;20031;16485
10/20/2016 22:59:7;20293;78431;19912;16448
10/20/2016 23:14:7;20246;78846;19841;16479
10/20/2016 23:29:7;20246;79129;19912;16531
10/20/2016 23:44:7;20198;79261;19841;16508
10/20/2016 23:59:7;20222;79322;19841;16543
10/21/2016 00:14:7;20222;79548;19888;16584
10/21/2016 00:29:7;20198;79713;19817;16590
10/21/2016 00:44:7;20031;79452;19484;16380
10/21/2016 00:59:7;19674;79658;18889;16069
10/21/2016 01:14:7;19627;80126;19080;16107
10/21/2016 01:29:7;19555;80476;18961;16100
10/21/2016 01:44:7;19627;80660;19246;16202
10/21/2016 01:59:7;19627;80884;19246;16242
10/21/2016 02:14:7;19532;81032;19199;16175
10/21/2016 02:29:7;19460;80988;19151;16098
10/21/2016 02:44:7;19413;80950;19199;16044
10/21/2016 02:59:7;19460;80904;19222;16083
10/21/2016 03:14:7;19508;80858;19270;16121
10/21/2016 03:29:7;19508;80774;19246;16106
10/21/2016 03:44:7;19555;80757;19246;16150
10/21/2016 03:59:7;19555;80757;19294;16150
10/21/2016 04:14:7;19484;80853;19246;16097
10/21/2016 04:29:7;19175;81402;18557;15891
10/21/2016 04:44:7;19032;81482;18414;15766
10/21/2016 04:59:7;18985;81527;18366;15727
10/21/2016 05:14:7;19032;81538;18557;15775
10/21/2016 05:29:7;19175;81569;18961;15921
10/21/2016 05:44:7;19294;81623;19413;16047
10/21/2016 05:59:7;19508;81614;19984;16255
10/21/2016 06:14:7;19651;81533;20460;16381
10/21/2016 06:29:7;19841;81323;20793;16530
10/21/2016 06:44:7;20079;81066;21533;16717
10/21/2016 06:59:7;20317;80527;22178;16854
10/21/2016 07:14:7;20817;79618;23497;17178
10/21/2016 07:29:7;21151;78838;23689;17360
10/21/2016 07:44:7;21628;77711;25331;17615
10/21/2016 07:59:7;22776;76192;29790;18440
10/21/2016 08:14:7;23833;72905;32047;18805
10/21/2016 08:29:7;24388;69342;31868;18583
10/21/2016 08:44:7;24944;67617;33443;18734
10/21/2016 08:59:7;26085;66006;35877;19455
10/21/2016 09:14:7;27431;62903;40833;19991
10/21/2016 09:29:7;27677;61028;38840;19753
10/21/2016 09:44:7;27677;60345;37783;19578
10/21/2016 09:59:7;28369;53499;37398;18348
10/21/2016 10:14:7;27308;58326;32768;18703
10/21/2016 10:29:7;28444;57117;40978;19440
10/21/2016 10:44:7;28692;56082;39914;19385
10/21/2016 10:59:7;29815;52677;45311;19444
10/21/2016 11:14:7;29540;51260;41972;18759
10/21/2016 11:29:7;30520;50196;44442;19330
10/21/2016 11:44:7;31026;49775;45373;19662
10/21/2016 11:59:7;31816;45131;;18822
10/21/2016 12:14:7;31893;45404;43254;18987
10/21/2016 12:29:7;30394;44931;36661;17462
10/21/2016 12:44:7;31281;45134;;18337
10/21/2016 12:59:7;32433;44410;;19122
10/21/2016 13:14:7;32691;44572;48271;19414
10/21/2016 13:29:7;32124;41252;40314;17665
10/21/2016 13:44:7;32073;40479;44968;17317
10/21/2016 13:59:7;31357;43063;35931;17659
10/21/2016 14:14:7;31663;42832;41298;17850
10/21/2016 14:29:7;30874;46006;33313;18272
10/21/2016 14:44:7;29365;50271;30545;18291
10/21/2016 14:59:7;28990;53363;30545;18883
10/21/2016 15:14:7;29115;53794;33783;19126
10/21/2016 15:29:7;29140;53288;32484;19000
10/21/2016 15:44:7;28543;55554;31740;19099
10/21/2016 15:59:7;27087;59507;26818;18806
10/21/2016 16:14:7;26182;61531;25647;18469
10/21/2016 16:29:7;26061;62280;25866;18540
10/21/2016 16:44:7;25768;62906;25331;18417
10/21/2016 16:59:7;25380;63850;24871;18276
10/21/2016 17:14:7;24968;64935;24339;18141
10/21/2016 17:29:7;24677;65612;24098;18023
10/21/2016 17:44:7;24291;66901;23665;17949
10/21/2016 17:59:7;23930;67288;23328;17690
10/21/2016 18:14:7;23545;67847;22992;17447
10/21/2016 18:29:7;23208;68800;22681;17334
10/21/2016 18:44:7;22753;69578;22178;17065
10/21/2016 18:59:7;22298;71204;21676;16971
10/21/2016 19:14:7;22058;71511;21557;16805
10/21/2016 19:29:7;21843;72231;21318;16746
10/21/2016 19:44:7;21652;73012;21127;16720
10/21/2016 19:59:7;21366;72315;20841;16302
10/21/2016 20:14:7;20936;72291;20341;15883
10/21/2016 20:29:7;20674;73692;19984;15911
10/21/2016 20:44:7;20484;74810;19770;15946
10/21/2016 20:59:7;20531;75682;20103;16161
10/21/2016 21:14:7;20460;76413;19912;16232
10/21/2016 21:29:7;20317;76870;19746;16180
10/21/2016 21:44:7;20222;77278;19674;16164
10/21/2016 21:59:7;20174;77553;19722;16169
10/21/2016 22:14:7;20222;77649;19817;16233
10/21/2016 22:29:7;20222;77905;19841;16281
10/21/2016 22:44:7;20174;78065;19865;16265
10/21/2016 22:59:7;20007;78343;19555;16154
10/21/2016 23:14:7;19888;78799;19389;16122
10/21/2016 23:29:7;19817;78954;19413;16080
10/21/2016 23:44:7;19674;78924;19175;15935
10/21/2016 23:59:7;19579;79356;19056;15921
10/22/2016 00:14:7;19555;79745;19127;15968
10/22/2016 00:29:7;19484;80011;18913;15947
10/22/2016 00:44:7;19413;80108;18842;15894
10/22/2016 00:59:7;19508;80353;19199;16031
10/22/2016 01:14:7;19579;80425;19222;16114
10/22/2016 01:29:7;19627;80548;19318;16182
10/22/2016 01:44:7;19698;80619;19389;16265
10/22/2016 01:59:7;19603;80879;18937;16218
10/22/2016 02:14:7;19508;81362;18913;16211
10/22/2016 02:29:7;19413;81677;18913;16173
10/22/2016 02:44:7;19389;81979;18889;16202
10/22/2016 02:59:7;19175;82182;18604;16028
10/22/2016 03:14:7;19175;82266;18675;16042
10/22/2016 03:29:7;19175;82349;18723;16057
10/22/2016 03:44:7;19103;82500;18628;16013
10/22/2016 03:59:7;19080;82551;18675;15998
10/22/2016 04:14:7;18961;82580;18485;15887
10/22/2016 04:29:7;18818;82631;18343;15756
10/22/2016 04:44:7;18747;82699;18319;15697
10/22/2016 04:59:7;18675;82738;18319;15634
10/22/2016 05:14:7;18723;82804;18414;15692
10/22/2016 05:29:7;18771;82815;18557;15741
10/22/2016 05:44:7;18842;82831;18913;15813
10/22/2016 05:59:7;19032;82845;19532;16003
10/22/2016 06:14:7;19318;82798;20746;16275
10/22/2016 06:29:7;19722;82665;22393;16649
10/22/2016 06:44:7;20460;82354;25040;17318
10/22/2016 06:59:7;20126;81665;21891;16870
10/22/2016 07:14:7;20412;81279;23088;17082
10/22/2016 07:29:7;20889;80509;24122;17410
10/22/2016 07:44:7;21103;78998;24219;17344
10/22/2016 07:59:7;21175;78302;24195;17284
10/22/2016 08:14:7;22154;77189;28369;18027
10/22/2016 08:29:7;23376;72084;30041;18194
10/22/2016 08:44:7;24436;68873;30545;18527
10/22/2016 08:59:7;24750;66440;30495;18282
10/22/2016 09:14:7;24944;65295;30545;18202
10/22/2016 09:29:7;25817;63465;32949;18598
10/22/2016 09:44:7;26012;62609;33548;18575
10/22/2016 09:59:7;27112;60039;35208;18967
10/22/2016 10:14:7;26842;60059;32768;18718
10/22/2016 10:29:7;26965;60078;33287;18839
10/22/2016 10:44:7;28072;56873;39886;19026
10/22/2016 10:59:7;27974;57926;37178;19219
10/22/2016 11:14:7;27653;56466;33287;18522
10/22/2016 11:29:7;27308;56384;32536;18178
10/22/2016 11:44:7;29065;52958;40487;18833
10/22/2016 11:59:7;28642;53187;34651;18509
10/22/2016 12:14:7;28048;53518;32975;18055
10/22/2016 12:29:7;27899;53052;32587;17781
10/22/2016 12:44:7;28468;52397;35770;18114
10/22/2016 12:59:7;29215;51056;36661;18397
10/22/2016 13:14:7;29190;50570;35128;18224
10/22/2016 13:29:7;28543;50870;32433;17721
10/22/2016 13:44:7;29065;51646;36119;18439
10/22/2016 13:59:7;30394;49726;43616;19065
10/22/2016 14:14:7;30293;48675;42060;18635
10/22/2016 14:29:7;28816;50231;33730;17775
10/22/2016 14:44:7;30520;49191;44905;19010
10/22/2016 14:59:7;29464;48246;31868;17737
10/22/2016 15:14:7;29240;49642;38756;17979
10/22/2016 15:29:7;29414;49503;32510;18095
10/22/2016 15:44:7;28147;50658;29065;17290
10/22/2016 15:59:7;27776;51792;29215;17293
10/22/2016 16:14:7;28394;52802;32846;18166
10/22/2016 16:29:7;27112;55285;27186;17690
10/22/2016 16:44:7;26207;57723;26036;17510
10/22/2016 16:59:7;25768;59798;25380;17640
10/22/2016 17:14:7;25307;60744;24847;17446
10/22/2016 17:29:7;24484;65186;23472;17740
10/22/2016 17:44:7;23617;67532;22585;17446
10/22/2016 17:59:7;23088;68838;22202;17227
10/22/2016 18:14:7;22800;70591;21939;17327
10/22/2016 18:29:7;22226;71895;21461;17045
10/22/2016 18:44:7;21652;73244;20817;16767
10/22/2016 18:59:7;21318;74513;20531;16696
10/22/2016 19:14:7;21127;74822;20484;16572
10/22/2016 19:29:7;20960;75049;20341;16455
10/22/2016 19:44:7;20698;75543;20055;16296
10/22/2016 19:59:7;20603;76328;20055;16354
10/22/2016 20:14:7;20341;76703;19508;16171
10/22/2016 20:29:7;20174;77496;19389;16159
10/22/2016 20:44:7;20031;77609;19318;16041
10/22/2016 20:59:7;19865;77603;19151;15877
10/22/2016 21:14:7;20007;77889;19698;16069
10/22/2016 21:29:7;20103;77937;19817;16171
10/22/2016 21:44:7;20103;78249;19793;16229
10/22/2016 21:59:7;20055;78580;19603;16244
10/22/2016 22:14:7;20055;78750;19746;16275
10/22/2016 22:29:7;19984;79102;19365;16270
10/22/2016 22:44:7;19936;79460;19627;16289
10/22/2016 22:59:7;19912;79398;19579;16254
10/22/2016 23:14:7;19817;79632;19246;16204
10/22/2016 23:29:7;19674;80277;19080;16180
10/22/2016 23:44:7;19365;80603;18628;15936
10/22/2016 23:59:7;19341;80878;18747;15962
10/23/2016 00:14:7;19151;80921;18319;15783
10/23/2016 00:29:7;18771;81034;18057;15431
10/23/2016 00:44:7;18699;81214;18129;15392
10/23/2016 00:59:7;18533;81317;17772;15248
10/23/2016 01:14:7;18247;81450;17391;14991
10/23/2016 01:29:7;18105;81557;17391;14870
10/23/2016 01:44:7;18057;81603;17344;14831
10/23/2016 01:59:7;17915;81738;17201;14715
10/23/2016 02:14:7;17819;81856;17130;14642
10/23/2016 02:29:7;17796;81961;17082;14637
10/23/2016 02:44:7;17748;82062;17153;14608
10/23/2016 02:59:7;17843;82138;17344;14714
10/23/2016 03:14:7;17986;82197;17534;14864
10/23/2016 03:29:7;18010;82230;17558;14893
10/23/2016 03:44:7;17938;82353;17368;14844
10/23/2016 03:59:7;17891;82453;17368;14815
10/23/2016 04:14:7;17748;82587;17130;14698
10/23/2016 04:29:7;17772;82703;17249;14741
10/23/2016 04:44:7;17701;82770;17082;14682
10/23/2016 04:59:7;17582;82827;16987;14575
10/23/2016 05:14:7;17605;82887;17177;14609
10/23/2016 05:29:7;17843;82913;18366;14847
10/23/2016 05:44:7;18129;82921;18652;15128
10/23/2016 05:59:7;18699;82910;20841;15687
10/23/2016 06:14:7;19175;82572;20984;16096
10/23/2016 06:29:7;19389;82118;21342;16227
10/23/2016 06:44:7;20507;81271;25598;17174
10/23/2016 06:59:7;21270;77751;26353;17274
10/23/2016 07:14:7;22417;75194;28692;17896
10/23/2016 07:29:7;23064;70877;29090;17641
10/23/2016 07:44:7;23905;67583;30950;17733
10/23/2016 07:59:7;23978;65613;30369;17356
10/23/2016 08:14:7;24508;63552;30748;17378
10/23/2016 08:29:7;25113;63196;31714;17866
10/23/2016 08:44:7;25720;60686;32665;17820
10/23/2016 08:59:7;25866;59411;32458;17632
10/23/2016 09:14:7;26720;58143;34519;18102
10/23/2016 09:29:7;26989;56588;34598;17936
10/23/2016 09:44:7;27259;55243;35208;17815
10/23/2016 09:59:7;28196;51561;35958;17612
10/23/2016 10:14:7;28245;49803;36933;17116
10/23/2016 10:29:7;28667;48696;37315;17152
10/23/2016 10:44:7;29490;43281;39403;16055
10/23/2016 10:59:7;29991;43008;41854;16408
10/23/2016 11:14:7;30041;41956;39516;16064
10/23/2016 11:29:7;30469;41605;41414;16317
10/23/2016 11:44:7;31077;43527;41590;17577
10/23/2016 11:59:7;30596;44429;39177;17467
10/23/2016 12:14:7;29740;50610;38980;18743
10/23/2016 12:29:7;29565;51745;39743;18931
10/23/2016 12:44:7;29464;52661;41239;19115
10/23/2016 12:59:7;28543;54064;35395;18673
10/23/2016 13:14:7;29290;51836;40314;18705
10/23/2016 13:29:7;29615;50851;41678;18702
10/23/2016 13:44:7;28692;53194;32458;18557
10/23/2016 13:59:7;27235;57408;32073;18388
10/23/2016 14:14:7;28866;54396;33287;19069
10/23/2016 14:29:7;28097;54794;31510;18468
10/23/2016 14:44:7;29040;52507;33992;18676
10/23/2016 14:59:7;26646;61327;27924;18856
10/23/2016 15:14:7;25283;65323;26182;18532
10/23/2016 15:29:7;23954;70776;24581;18475
10/23/2016 15:44:7;23280;69200;23761;17490
10/23/2016 15:59:7;22633;67804;22058;16565
10/23/2016 16:14:7;21891;70010;20246;16329
10/23/2016 16:29:7;20865;73266;19341;16010
10/23/2016 16:44:7;20627;74290;19294;15983
10/23/2016 16:59:7;20460;76155;19460;16183
10/23/2016 17:14:7;20579;77495;19770;16552
10/23/2016 17:29:7;20460;78068;19627;16544
10/23/2016 17:44:7;20198;78184;19555;16310
10/23/2016 17:59:7;20103;78590;19222;16292
10/23/2016 18:14:7;20055;79598;19294;16430
10/23/2016 18:29:7;19984;80118;19294;16454
10/23/2016 18:44:7;19888;80463;19222;16423
10/23/2016 18:59:7;19722;80905;19151;16339
10/23/2016 19:14:7;19674;81035;19175;16316
10/23/2016 19:29:7;19746;80938;19246;16368
10/23/2016 19:44:7;19722;80961;19270;16349
10/23/2016 19:59:7;19698;81292;19294;16385
10/23/2016 20:14:7;19746;81582;19365;16482
10/23/2016 20:29:7;19770;81587;19389;16507
10/23/2016 20:44:7;19746;81610;19413;16487
10/23/2016 20:59:7;19770;81559;19484;16502
10/23/2016 21:14:7;19770;81643;19436;16517
10/23/2016 21:29:7;19722;81717;19365;16483
10/23/2016 21:44:7;19698;81739;19318;16464
10/23/2016 21:59:7;19722;81856;19389;16507
10/23/2016 22:14:7;19627;81891;19318;16420
10/23/2016 22:29:7;19603;81942;19318;16406
10/23/2016 22:44:7;19508;81977;19246;16319
10/23/2016 22:59:7;19270;81925;18866;16076
10/23/2016 23:14:7;19127;82033;18818;15955
10/23/2016 23:29:7;19080;82078;18818;15916
10/23/2016 23:44:7;18985;82140;18604;15834
10/23/2016 23:59:7;18961;82219;18628;15824
10/24/2016 00:14:7;18889;82258;18438;15761
10/24/2016 00:29:7;18913;82347;18699;15800
10/24/2016 00:44:7;19008;82340;18794;15892
10/24/2016 00:59:7;18937;82352;18723;15824
10/24/2016 01:14:7;18937;82352;18794;15824
10/24/2016 01:29:7;18937;82297;18771;15815
10/24/2016 01:44:7;18794;82265;18628;15669
10/24/2016 01:59:7;18628;82284;18200;15509
10/24/2016 02:14:7;18295;82432;17605;15208
10/24/2016 02:29:7;18152;82594;17605;15096
10/24/2016 02:44:7;18010;82673;17463;14969
10/24/2016 02:59:7;17867;82807;17368;14852
10/24/2016 03:14:7;17867;82918;17415;14871
10/24/2016 03:29:7;17796;82985;17344;14812
10/24/2016 03:44:7;17677;83041;17130;14705
10/24/2016 03:59:7;17629;83141;17130;14675
10/24/2016 04:14:7;17629;83223;17225;14689
10/24/2016 04:29:7;17582;83295;17106;14655
10/24/2016 04:44:7;17510;83362;17011;14596
10/24/2016 04:59:7;17415;83423;16868;14513
10/24/2016 05:14:7;17415;83478;16987;14522
10/24/2016 05:29:7;17486;83466;17296;14590
10/24/2016 05:44:7;17701;83432;17677;14795
10/24/2016 05:59:7;17986;83358;18319;15063
10/24/2016 06:14:7;18485;83194;20507;15525
10/24/2016 06:29:7;18866;82919;21867;15852
10/24/2016 06:44:7;19246;82448;21676;16144
10/24/2016 06:59:7;19555;82099;21652;16387
10/24/2016 07:14:7;20484;81351;24508;17164
10/24/2016 07:29:7;20841;80132;24581;17295
10/24/2016 07:44:7;22011;78047;28717;18051
10/24/2016 07:59:7;22537;74986;26989;17971
10/24/2016 08:14:7;22513;72418;26500;17430
10/24/2016 08:29:7;23328;70955;30142;17911
10/24/2016 08:44:7;24557;67968;32175;18442
10/24/2016 08:59:7;24871;65252;31026;18123
10/24/2016 09:14:7;25477;62369;32639;18009
10/24/2016 09:29:7;25331;61332;30849;17616
10/24/2016 09:44:7;25258;60675;29565;17382
10/24/2016 09:59:7;25963;59953;33678;17863
10/24/2016 10:14:7;27136;55981;35823;17906
10/24/2016 10:29:7;27431;55015;35049;17911
10/24/2016 10:44:7;27530;54207;34071;17773
10/24/2016 10:59:7;27554;52846;35502;17401
10/24/2016 11:14:7;28196;50247;35931;17209
10/24/2016 11:29:7;28841;49429;38952;17545
10/24/2016 11:44:7;28692;49507;36308;17433
10/24/2016 11:59:7;28593;48266;35102;16946
10/24/2016 12:14:7;28667;48664;33652;17142
10/24/2016 12:29:7;29540;46042;38421;17071
10/24/2016 12:44:7;28617;46387;32278;16348
10/24/2016 12:59:7;30469;44513;41414;17382
10/24/2016 13:14:7;30596;44264;39971;17408
10/24/2016 13:29:7;31535;41056;42238;17062
10/24/2016 13:44:7;30217;41843;34624;16180
10/24/2016 13:59:7;29290;45064;31663;16507
10/24/2016 14:14:7;30646;42983;40028;16990
10/24/2016 14:29:7;30520;41743;35288;16414
10/24/2016 14:44:7;30243;44749;36498;17261
10/24/2016 14:59:7;29740;44559;33079;16738
10/24/2016 15:14:7;29190;45771;32201;16660
10/24/2016 15:29:7;29190;46815;31714;17013
10/24/2016 15:44:7;29389;47880;33730;17549
10/24/2016 15:59:7;28543;48519;29790;16982
10/24/2016 16:14:7;28048;49262;29890;16765
10/24/2016 16:29:7;27186;50210;27702;16268
10/24/2016 16:44:7;26304;51371;26622;15808
10/24/2016 16:59:7;25963;52595;26793;15854
10/24/2016 17:14:7;25040;54013;24315;15405
10/24/2016 17:29:7;24171;56701;23136;15331
10/24/2016 17:44:7;23617;58723;22729;15341
10/24/2016 17:59:7;23160;60587;22178;15381
10/24/2016 18:14:7;22729;63498;21748;15676
10/24/2016 18:29:7;22321;64847;21270;15603
10/24/2016 18:44:7;21963;66194;20889;15567
10/24/2016 18:59:7;21604;67531;20531;15521
10/24/2016 19:14:7;21270;68272;20198;15362
10/24/2016 19:29:7;21008;69582;20031;15390
10/24/2016 19:44:7;20722;70644;19674;15338
10/24/2016 19:59:7;20436;72166;19484;15375
10/24/2016 20:14:7;20341;73164;19579;15483
10/24/2016 20:29:7;20317;73304;19627;15488
10/24/2016 20:44:7;20031;74317;19032;15411
10/24/2016 20:59:7;19817;75108;18818;15358
10/24/2016 21:14:7;19484;75815;18414;15170
10/24/2016 21:29:7;19151;76318;18129;14942
10/24/2016 21:44:7;19008;76744;18081;14883
10/24/2016 21:59:7;18961;77331;18176;14947
10/24/2016 22:14:7;18913;77548;18105;14940
10/24/2016 22:29:7;18509;77606;17605;14557
10/24/2016 22:44:7;18438;78128;17843;14584
10/24/2016 22:59:7;18533;78232;18057;14696
10/24/2016 23:14:7;18485;78166;17867;14637
10/24/2016 23:29:7;18509;78284;17867;14682
10/24/2016 23:44:7;18414;78433;17629;14616
10/24/2016 23:59:7;18295;78943;17439;14593
10/25/2016 00:14:7;18176;79395;17320;14558
10/25/2016 00:29:7;18105;79716;17272;14546
10/25/2016 00:44:7;18033;80092;17201;14543
10/25/2016 00:59:7;18057;80293;17249;14602
10/25/2016 01:14:7;17986;80696;17130;14603
10/25/2016 01:29:7;17962;80914;17177;14618
10/25/2016 01:44:7;18033;81208;17391;14739
10/25/2016 01:59:7;18010;81314;17296;14735
10/25/2016 02:14:7;17891;81399;17201;14633
10/25/2016 02:29:7;18081;81580;17653;14851
10/25/2016 02:44:7;18081;81469;17510;14831
10/25/2016 02:59:7;17986;81643;17391;14768
10/25/2016 03:14:7;18010;81731;17463;14807
10/25/2016 03:29:7;17867;81811;17225;14681
10/25/2016 03:44:7;17843;81889;17320;14671
10/25/2016 03:59:7;17938;81993;17534;14782
10/25/2016 04:14:7;17986;82003;17582;14831
10/25/2016 04:29:7;18081;82108;17724;14942
10/25/2016 04:44:7;18247;82144;18010;15112
10/25/2016 04:59:7;18366;82171;18057;15233
10/25/2016 05:14:7;18485;82141;18152;15344
10/25/2016 05:29:7;18557;82129;18343;15412
10/25/2016 05:44:7;18652;82150;18390;15509
10/25/2016 05:59:7;18628;82173;18366;15490
10/25/2016 06:14:7;18747;82171;19175;15606
10/25/2016 06:29:7;18985;82057;19698;15819
10/25/2016 06:44:7;19056;81961;19389;15873
10/25/2016 06:59:7;19318;81712;19888;16086
10/25/2016 07:14:7;19865;81412;21987;16569
10/25/2016 07:29:7;21533;79940;26744;17936
10/25/2016 07:44:7;21390;77347;23064;17313
10/25/2016 07:59:7;20770;79127;21223;17041
10/25/2016 08:14:7;20817;79052;22609;17074
10/25/2016 08:29:7;21318;78645;23160;17487
10/25/2016 08:44:7;21079;78823;21008;17288
10/25/2016 08:59:7;21223;79987;23184;17642
10/25/2016 09:14:7;21103;79934;21963;17515
10/25/2016 09:29:7;20793;80179;22154;17257
10/25/2016 09:44:7;20841;80556;22657;17372
10/25/2016 09:59:7;21939;79572;26965;18265
10/25/2016 10:14:7;23641;75670;30041;19176
10/25/2016 10:29:7;24532;67334;30142;18277
10/25/2016 10:44:7;25647;65051;32381;18815
10/25/2016 10:59:7;26965;61810;32820;19278
10/25/2016 11:14:7;25695;63963;28444;18603
10/25/2016 11:29:7;26598;62551;32587;19115
10/25/2016 11:44:7;27210;60303;32872;19127
10/25/2016 11:59:7;26965;60512;31893;18950
10/25/2016 12:14:7;27308;58232;32665;18678
10/25/2016 12:29:7;28841;57868;38087;20016
10/25/2016 12:44:7;29515;54169;36552;19606
10/25/2016 12:59:7;30041;52932;35985;19729
10/25/2016 13:14:7;29464;53939;35770;19492
10/25/2016 13:29:7;28791;54322;31382;18978
10/25/2016 13:44:7;27949;55847;30419;18627
10/25/2016 13:59:7;28617;54742;31484;18937
10/25/2016 14:14:7;29365;52935;34572;19104
10/25/2016 14:29:7;27382;56834;27727;18370
10/25/2016 14:44:7;26818;58220;28444;18215
10/25/2016 14:59:7;27333;57235;29315;18433
10/25/2016 15:14:7;26158;60478;26256;18181
10/25/2016 15:29:7;25404;61989;25841;17847
10/25/2016 15:44:7;25283;63040;25841;17989
10/25/2016 15:59:7;25453;63099;26012;18164
10/25/2016 16:14:7;24774;66052;24605;18216
10/25/2016 16:29:7;24195;68023;24098;18108
10/25/2016 16:44:7;23593;68959;23232;17737
10/25/2016 16:59:7;23352;70280;23088;17791
10/25/2016 17:14:7;22896;71434;22345;17596
10/25/2016 17:29:7;22034;73668;20698;17221
10/25/2016 17:44:7;21676;75191;20698;17176
10/25/2016 17:59:7;21366;76310;20627;17092
10/25/2016 18:14:7;21223;76712;20603;17030
10/25/2016 18:29:7;20960;77887;20198;16997
10/25/2016 18:44:7;20722;78208;20007;16825
10/25/2016 18:59:7;20603;78581;19960;16778
10/25/2016 19:14:7;20460;78891;19817;16696
10/25/2016 19:29:7;20412;79476;19960;16757
10/25/2016 19:44:7;20436;79255;19936;16739
10/25/2016 19:59:7;20174;79143;19579;16463
10/25/2016 20:14:7;19841;79524;19175;16207
10/25/2016 20:29:7;19603;80233;18985;16103
10/25/2016 20:44:7;19484;80517;18818;16037
10/25/2016 20:59:7;19579;80902;19222;16199
10/25/2016 21:14:7;19555;80785;19151;16155
10/25/2016 21:29:7;19318;80789;18699;15923
10/25/2016 21:44:7;19270;81031;18771;15919
10/25/2016 21:59:7;19294;81092;18842;15953
10/25/2016 22:14:7;19222;81244;18652;15910
10/25/2016 22:29:7;19080;81409;18509;15799
10/25/2016 22:44:7;18913;81623;18295;15674
10/25/2016 22:59:7;18866;81780;18319;15655
10/25/2016 23:14:7;18747;81893;18105;15558
10/25/2016 23:29:7;18557;82046;17867;15398
10/25/2016 23:44:7;18438;82131;17891;15296
10/25/2016 23:59:7;18485;82225;18200;15359
10/26/2016 00:14:7;18461;82303;18200;15349
10/26/2016 00:29:7;18485;82391;18247;15388
10/26/2016 00:44:7;18485;82419;18271;15392
10/26/2016 00:59:7;18366;82309;17891;15257
10/26/2016 01:14:7;18295;82321;17891;15189
10/26/2016 01:29:7;18319;82437;18081;15232
10/26/2016 01:44:7;18295;82460;17962;15213
10/26/2016 01:59:7;18176;82517;17748;15106
10/26/2016 02:14:7;18200;82577;17891;15140
10/26/2016 02:29:7;18152;82594;17796;15096
10/26/2016 02:44:7;18105;82639;17605;15057
10/26/2016 02:59:7;18057;82795;17463;15037
10/26/2016 03:14:7;17915;82956;17296;14924
10/26/2016 03:29:7;17819;83018;17153;14841
10/26/2016 03:44:7;17891;83061;17439;14919
10/26/2016 03:59:7;17962;83077;17510;14992
10/26/2016 04:14:7;17962;83050;17558;14987
10/26/2016 04:29:7;18033;83093;17605;15064
10/26/2016 04:44:7;18129;83170;17819;15171
10/26/2016 04:59:7;18224;83191;17891;15268
10/26/2016 05:14:7;18247;83224;17938;15297
10/26/2016 05:29:7;18390;83173;18295;15428
10/26/2016 05:44:7;18438;83128;18414;15467
10/26/2016 05:59:7;18604;83055;18889;15618
10/26/2016 06:14:7;19008;82951;20293;15998
10/26/2016 06:29:7;19627;82198;22154;16474
10/26/2016 06:44:7;20698;80553;25307;17231
10/26/2016 06:59:7;21390;76889;;17226
10/26/2016 07:14:7;21939;75099;;17413
10/26/2016 07:29:7;22369;73384;;17488
10/26/2016 07:44:7;23280;70326;;17732
10/26/2016 07:59:7;24291;65998;;17743
10/26/2016 08:14:7;24315;65791;;17719
10/26/2016 08:29:7;24677;63398;;17501
10/26/2016 08:44:7;24871;62209;;17397
10/26/2016 08:59:7;26012;59465;;17784
10/26/2016 09:14:7;26720;58330;;18152
10/26/2016 09:29:7;27210;56212;;18039
10/26/2016 09:44:7;27998;53766;;18081
10/26/2016 09:59:7;28692;50794;;17835
10/26/2016 10:14:7;29090;49364;;17753
10/26/2016 10:29:7;29414;48564;;17795
10/26/2016 10:44:7;29991;44917;;17092
10/26/2016 10:59:7;30596;45677;;17905
10/26/2016 11:14:7;31153;41547;;16908
10/26/2016 11:29:7;31637;39731;;16632
10/26/2016 11:44:7;31816;40351;;17038
10/26/2016 11:59:7;32098;40582;;17381
10/26/2016 12:14:7;32381;39641;;17259
10/26/2016 12:29:7;32536;38413;;16895
10/26/2016 12:44:7;32639;37243;;16493
10/26/2016 12:59:7;32562;36897;;16276
10/26/2016 13:14:7;33209;37535;;17122
10/26/2016 13:29:7;32975;36971;;16673
10/26/2016 13:44:7;33183;38276;;17412
10/26/2016 13:59:7;32820;36888;;16500
10/26/2016 14:14:7;32613;36327;;16073
10/26/2016 14:29:7;33365;35856;;16527
10/26/2016 14:44:7;33495;36751;;17037
10/26/2016 14:59:7;32175;37096;;16020
10/26/2016 15:14:7;31128;38740;;15779
10/26/2016 15:29:7;32175;37096;;16020
10/26/2016 15:44:7;32227;37641;;16298
10/26/2016 15:59:7;31868;38144;;16190
10/26/2016 16:14:7;31179;38343;;15662
10/26/2016 16:29:7;29464;39371;;14552
10/26/2016 16:44:7;28369;41541;;14407
10/26/2016 16:59:7;27702;43013;;14346
10/26/2016 17:14:7;26158;46896;;14275
10/26/2016 17:29:7;24895;52258;;14767
10/26/2016 17:44:7;24146;55857;;15081
10/26/2016 17:59:7;23593;58442;;15246
10/26/2016 18:14:7;23040;60354;;15210
10/26/2016 18:29:7;22417;62052;;15037
10/26/2016 18:44:7;21963;63732;;15004
10/26/2016 18:59:7;21557;65196;;14954
10/26/2016 19:14:7;21199;66418;;14888
10/26/2016 19:29:7;20817;67687;;14802
10/26/2016 19:44:7;20460;68863;;14712
10/26/2016 19:59:7;20150;70215;;14699
10/26/2016 20:14:7;19841;71296;;14624
10/26/2016 20:29:7;19627;73025;;14765
10/26/2016 20:44:7;19389;74334;;14792
10/26/2016 20:59:7;19151;75462;;14779
10/26/2016 21:14:7;18889;76805;;14779
10/26/2016 21:29:7;18628;77574;;14667
10/26/2016 21:44:7;18414;78235;;14580
10/26/2016 21:59:7;18247;78482;;14463
10/26/2016 22:14:7;18105;78621;;14349
10/26/2016 22:29:7;17986;78737;;14254
10/26/2016 22:44:7;17891;79166;;14238
10/26/2016 22:59:7;17772;79393;;14163
10/26/2016 23:14:7;17653;79675;;14097
10/26/2016 23:29:7;17605;79805;;14073
10/26/2016 23:44:7;17582;79995;;14084
10/26/2016 23:59:7;17463;80360;;14032
10/27/2016 00:14:7;17534;80459;;14119
10/27/2016 00:29:7;17296;80519;;13897
10/27/2016 00:44:7;17153;80905;;13825
10/27/2016 00:59:7;17011;81290;;13752
10/27/2016 01:14:7;17106;81449;;13872
10/27/2016 01:29:7;17153;81487;;13926
10/27/2016 01:44:7;17106;81338;;13853
10/27/2016 01:59:7;17201;81221;;13926
10/27/2016 02:14:7;17201;81359;;13950
10/27/2016 02:29:7;17249;81619;;14042
10/27/2016 02:44:7;17106;81726;;13920
10/27/2016 02:59:7;17130;81870;;13968
10/27/2016 03:14:7;17177;81825;;14007
10/27/2016 03:29:7;17130;81842;;13963
10/27/2016 03:44:7;17034;81932;;13885
10/27/2016 03:59:7;16987;81976;;13846
10/27/2016 04:14:7;17082;82136;;13967
10/27/2016 04:29:7;17249;82255;;14151
10/27/2016 04:44:7;17415;82237;;14311
10/27/2016 04:59:7;17391;82204;;14282
10/27/2016 05:14:7;17391;82232;;14287
10/27/2016 05:29:7;17629;82257;;14525
10/27/2016 05:44:7;17891;82232;;14777
10/27/2016 05:59:7;18271;82177;;15141
10/27/2016 06:14:7;18794;81931;;15611
10/27/2016 06:29:7;19199;81463;;15925
10/27/2016 06:44:7;19532;80864;;16146
10/27/2016 06:59:7;19888;79929;;16327
10/27/2016 07:14:7;20674;78169;;16771
10/27/2016 07:29:7;20698;76977;;16570
10/27/2016 07:44:7;21079;76424;;16836
10/27/2016 07:59:7;22705;72161;;17562
10/27/2016 08:14:7;23809;65523;;17175
10/27/2016 08:29:7;24581;60690;;16747
10/27/2016 08:44:7;25380;58685;;16987
10/27/2016 08:59:7;25866;53941;;16151
10/27/2016 09:14:7;26573;53059;;16554
10/27/2016 09:29:7;27259;50412;;16398
10/27/2016 09:44:7;27924;47988;;16244
10/27/2016 09:59:7;28369;47396;;16458
10/27/2016 10:14:7;28791;45756;;16293
10/27/2016 10:29:7;29464;44888;;16604
10/27/2016 10:44:7;29815;44075;;16635
10/27/2016 10:59:7;30495;44582;;17430
10/27/2016 11:14:7;30419;42329;;16543
10/27/2016 11:29:7;30672;42688;;16904
10/27/2016 11:44:7;31103;41874;;16987
10/27/2016 11:59:7;30117;41964;36389;16135
10/27/2016 12:14:7;31816;40685;;17169
10/27/2016 12:29:7;30672;41494;;16456
10/27/2016 12:44:7;30748;41835;;16653
10/27/2016 12:59:7;31179;40617;;16573
10/27/2016 13:14:7;32150;39885;;17151
10/27/2016 13:29:7;32253;38788;;16798
10/27/2016 13:44:7;31944;38958;;16594
10/27/2016 13:59:7;31663;39030;;16373
10/27/2016 14:14:7;32150;38509;;16592
10/27/2016 14:29:7;32201;37571;;16245
10/27/2016 14:44:7;32433;37729;;16517
10/27/2016 14:59:7;32484;37363;;16407
10/27/2016 15:14:7;31868;37538;;15936
10/27/2016 15:29:7;32073;40044;;17145
10/27/2016 15:44:7;31893;37877;;16102
10/27/2016 15:59:7;30041;41625;;15940
10/27/2016 16:14:7;30167;40643;;15677
10/27/2016 16:29:7;29966;41550;;15844
10/27/2016 16:44:7;29290;42929;;15747
10/27/2016 16:59:7;28147;44700;;15344
10/27/2016 17:14:7;26598;47370;;14831
10/27/2016 17:29:7;25574;49360;;14524
10/27/2016 17:44:7;24895;51720;;14610
10/27/2016 17:59:7;24412;52886;;14501
10/27/2016 18:14:7;23857;56282;30545;14926
10/27/2016 18:29:7;23424;58539;35102;15113
10/27/2016 18:44:7;23016;61511;43768;15472
10/27/2016 18:59:7;22585;63293;34045;15491
10/27/2016 19:14:7;22154;65299;38421;15547
10/27/2016 19:29:7;21676;66412;42803;15342
10/27/2016 19:44:7;21199;66627;42475;14934
10/27/2016 19:59:7;20793;68245;40487;14899
10/27/2016 20:14:7;20460;70361;41473;15027
10/27/2016 20:29:7;20150;71792;41443;15023
10/27/2016 20:44:7;19865;72608;39008;14912
10/27/2016 20:59:7;19627;73574;40717;14874
10/27/2016 21:14:7;19341;74755;40833;14828
10/27/2016 21:29:7;19103;76536;40804;14937
10/27/2016 21:44:7;18842;77561;39008;14873
10/27/2016 21:59:7;18628;78365;39715;14813
10/27/2016 22:14:7;18533;79077;38756;14849
10/27/2016 22:29:7;18414;79502;40057;14809
10/27/2016 22:44:7;18271;80032;;14765
10/27/2016 22:59:7;18247;80334;43073;14795
10/27/2016 23:14:7;18176;80570;17772;14767
10/27/2016 23:29:7;18033;80595;17772;14632
10/27/2016 23:44:7;17986;80919;17677;14642
10/27/2016 23:59:7;17962;81053;;14642
10/28/2016 00:14:7;17915;81293;;14638
10/28/2016 00:29:7;17915;81488;21127;14672
10/28/2016 00:44:7;17891;81538;29991;14657
10/28/2016 00:59:7;17891;81511;21270;14652
10/28/2016 01:14:7;17843;81389;26085;14584
10/28/2016 01:29:7;17724;81391;34440;14468
10/28/2016 01:44:7;17415;81323;21724;14154
10/28/2016 01:59:7;17249;81536;19270;14027
10/28/2016 02:14:7;17130;81814;23930;13959
10/28/2016 02:29:7;17082;81887;20341;13924
10/28/2016 02:44:7;17082;81942;20150;13934
10/28/2016 02:59:7;17011;82037;34308;13880
10/28/2016 03:14:7;16939;82159;19817;13831
10/28/2016 03:29:7;16915;82237;21246;13821
10/28/2016 03:44:7;16796;82348;23448;13723
10/28/2016 03:59:7;16701;82410;;13640
10/28/2016 04:14:7;16606;82471;;13557
10/28/2016 04:29:7;16773;82646;16439;13750
10/28/2016 04:44:7;16987;82666;16677;13964
10/28/2016 04:59:7;16868;82777;16939;13866
10/28/2016 05:14:7;16915;82925;16654;13938
10/28/2016 05:29:7;17153;83006;17296;14185
10/28/2016 05:44:7;17605;82942;22729;14618
10/28/2016 05:59:7;18699;82661;19270;15644
10/28/2016 06:14:7;18818;81881;18628;15626
10/28/2016 06:29:7;19770;81083;24363;16417
10/28/2016 06:44:7;19389;79766;20031;15809
10/28/2016 06:59:7;19722;78028;20936;15817
10/28/2016 07:14:7;21318;76128;38365;17011
10/28/2016 07:29:7;22345;71154;39403;17007
10/28/2016 07:44:7;23088;69461;38060;17362
10/28/2016 07:59:7;23785;66151;30217;17296
10/28/2016 08:14:7;24436;63266;29966;17241
10/28/2016 08:29:7;24919;60683;36281;17064
10/28/2016 08:44:7;25428;58165;35797;16897
10/28/2016 08:59:7;25671;56831;33495;16769
10/28/2016 09:14:7;26500;54882;36444;17006
10/28/2016 09:29:7;27136;52852;36933;17016
10/28/2016 09:44:7;27358;50457;34704;16502
10/28/2016 09:59:7;27727;50698;37370;16916
10/28/2016 10:14:7;28369;48755;36579;16898
10/28/2016 10:29:7;28866;48495;41560;17270
10/28/2016 10:44:7;29365;45498;36742;16725
10/28/2016 10:59:7;29690;47592;38170;17728
10/28/2016 11:14:7;30117;47222;;17995
10/28/2016 11:29:7;30318;41655;;16200
10/28/2016 11:44:7;30824;42241;;16874
10/28/2016 11:59:7;30925;41522;40920;16694
10/28/2016 12:14:7;31230;40756;;16672
10/28/2016 12:29:7;32433;41319;45845;17967
10/28/2016 12:44:7;32047;37791;42119;16202
10/28/2016 12:59:7;32201;36524;42505;15796
10/28/2016 13:14:7;32278;38050;43435;16515
10/28/2016 13:29:7;32717;38431;42893;17063
10/28/2016 13:44:7;33235;37639;45845;17189
10/28/2016 13:59:7;33313;35749;43768;16433
10/28/2016 14:14:7;33157;39183;45154;17764
10/28/2016 14:29:7;32665;37785;43616;16747
10/28/2016 14:44:7;33313;36394;44104;16719
10/28/2016 14:59:7;33183;36517;42773;16659
10/28/2016 15:14:7;33313;36530;42833;16779
10/28/2016 15:29:7;33235;35571;43799;16285
10/28/2016 15:44:7;33027;35993;42416;16291
10/28/2016 15:59:7;32253;37306;39971;16178
10/28/2016 16:14:7;31944;37950;38337;16177
10/28/2016 16:29:7;31230;40022;35797;16384
10/28/2016 16:44:7;30545;40450;33757;15941
10/28/2016 16:59:7;29565;42135;31689;15703
10/28/2016 17:14:7;28419;44143;;15396
10/28/2016 17:29:7;27259;47129;;15357
10/28/2016 17:44:7;26451;49730;31791;15444
10/28/2016 17:59:7;25866;51534;25210;15452
10/28/2016 18:14:7;25307;53641;25380;15547
10/28/2016 18:29:7;24823;56175;24339;15799
10/28/2016 18:44:7;24388;58007;26207;15879
10/28/2016 18:59:7;23930;59880;29916;15930
10/28/2016 19:14:7;23545;62358;30167;16178
10/28/2016 19:29:7;23136;63960;33313;16172
10/28/2016 19:44:7;22729;65848;23112;16219
10/28/2016 19:59:7;22345;67336;21700;16187
10/28/2016 20:14:7;21963;68812;21223;16142
10/28/2016 20:29:7;21533;70120;20746;16008
10/28/2016 20:44:7;21151;71661;20246;15961
10/28/2016 20:59:7;20746;72953;20031;15832
10/28/2016 21:14:7;20412;74680;19841;15851
10/28/2016 21:29:7;20103;75968;19603;15800
10/28/2016 21:44:7;19865;77005;19436;15765
10/28/2016 21:59:7;19627;78150;19294;15747
10/28/2016 22:14:7;19413;78925;19127;15680
10/28/2016 22:29:7;19318;79666;19222;15722
10/28/2016 22:44:7;19270;80022;19341;15739
10/28/2016 22:59:7;18889;80249;18818;15408
10/28/2016 23:14:7;18699;80739;19627;15309
10/28/2016 23:29:7;18723;80828;19674;15348
10/28/2016 23:44:7;18557;80820;19722;15183
10/28/2016 23:59:7;18557;80960;19960;15208
10/29/2016 00:14:7;18366;81030;19793;15034
10/29/2016 00:29:7;18366;81225;20055;15068
10/29/2016 00:44:7;18461;81385;20341;15190
10/29/2016 00:59:7;18414;81458;20269;15156
10/29/2016 01:14:7;18485;81446;20460;15223
10/29/2016 01:29:7;18485;81390;20341;15214
10/29/2016 01:44:7;18461;81469;20436;15204
10/29/2016 01:59:7;18509;81423;20531;15243
10/29/2016 02:14:7;18485;81362;20531;15209
10/29/2016 02:29:7;18414;81263;20436;15122
10/29/2016 02:44:7;18438;81380;20555;15165
10/29/2016 02:59:7;18414;81403;20531;15146
10/29/2016 03:14:7;18224;81417;20198;14962
10/29/2016 03:29:7;18319;81660;20484;15098
10/29/2016 03:44:7;18295;81794;20460;15098
10/29/2016 03:59:7;18295;81877;20436;15112
10/29/2016 04:14:7;18319;81966;20531;15151
10/29/2016 04:29:7;18200;81995;20103;15039
10/29/2016 04:44:7;18200;82162;20269;15068
10/29/2016 04:59:7;18247;82200;20436;15121
10/29/2016 05:14:7;18176;82184;20174;15049
10/29/2016 05:29:7;18129;82312;20126;15024
10/29/2016 05:44:7;18295;82349;20531;15194
10/29/2016 05:59:7;18557;82324;21079;15446
10/29/2016 06:14:7;19103;82111;22011;15946
10/29/2016 06:29:7;19294;81790;22465;16076
10/29/2016 06:44:7;21628;75326;23448;17156
10/29/2016 06:59:7;22872;71518;26500;17590
10/29/2016 07:14:7;22992;72890;30824;17989
10/29/2016 07:29:7;23400;70496;27014;17883
10/29/2016 07:44:7;24122;69025;28345;18259
10/29/2016 07:59:7;24823;67415;32021;18573
10/29/2016 08:14:7;25380;64124;30091;18341
10/29/2016 08:29:7;25963;63244;;18683
10/29/2016 08:44:7;26867;60899;31996;18956
10/29/2016 08:59:7;27358;57677;;18575
10/29/2016 09:14:7;27554;56546;;18452
10/29/2016 09:29:7;28369;55593;40343;18948
10/29/2016 09:44:7;28916;52426;34995;18537
10/29/2016 09:59:7;29414;50181;35904;18309
10/29/2016 10:14:7;29690;50346;35770;18614
10/29/2016 10:29:7;30066;48452;37015;18355
10/29/2016 10:44:7;30495;44877;46067;17534
10/29/2016 10:59:7;31128;45182;;18215
10/29/2016 11:14:7;31535;44142;;18214
10/29/2016 11:29:7;31740;43040;39715;17996
10/29/2016 11:44:7;32073;41480;41152;17707
10/29/2016 11:59:7;32330;41008;42594;17754
10/29/2016 12:14:7;32717;39575;;17531
10/29/2016 12:29:7;32846;37060;;16597
10/29/2016 12:44:7;33157;36786;44196;16753
10/29/2016 12:59:7;33548;36959;43768;17173
10/29/2016 13:14:7;33887;38076;44658;17952
10/29/2016 13:29:7;33914;34134;44627;16219
10/29/2016 13:44:7;33521;38378;41942;17755
10/29/2016 13:59:7;33704;35615;;16717
10/29/2016 14:14:7;34019;33664;;16089
10/29/2016 14:29:7;34045;33940;;16243
10/29/2016 14:44:7;34124;31405;;15068
10/29/2016 14:59:7;33835;33819;;16002
10/29/2016 15:14:7;33966;36355;;17277
10/29/2016 15:29:7;31740;41311;34704;17343
10/29/2016 15:44:7;31179;41383;;16868
10/29/2016 15:59:7;30444;43917;;17147
10/29/2016 16:14:7;29941;45173;30849;17136
10/29/2016 16:29:7;29240;47504;29389;17288
10/29/2016 16:44:7;29340;48555;31052;17723
10/29/2016 16:59:7;28941;50216;31740;17884
10/29/2016 17:14:7;27850;52632;27456;17612
10/29/2016 17:29:7;27087;55470;32975;17719
10/29/2016 17:44:7;26524;57614;26085;17778
10/29/2016 17:59:7;26061;60895;28048;18194
10/29/2016 18:14:7;25574;63974;;18490
10/29/2016 18:29:7;24968;66387;32278;18478
10/29/2016 18:44:7;24315;69090;23641;18459
10/29/2016 18:59:7;23785;70863;22776;18331
10/29/2016 19:14:7;23280;72506;22321;18189
10/29/2016 19:29:7;22848;73972;25016;18070
10/29/2016 19:44:7;22585;74764;21915;17973
10/29/2016 19:59:7;22537;74464;22011;17867
10/29/2016 20:14:7;22321;75320;21652;17828
10/29/2016 20:29:7;21795;77087;21079;17659
10/29/2016 20:44:7;21533;76918;26207;17371
10/29/2016 20:59:7;21318;77790;20889;17327
10/29/2016 21:14:7;21008;78096;21032;17083
10/29/2016 21:29:7;20770;78616;20293;16947
10/29/2016 21:44:7;20507;79355;19912;16827
10/29/2016 21:59:7;20388;79782;19936;16789
10/29/2016 22:14:7;20269;80207;19960;16750
10/29/2016 22:29:7;20103;80115;21008;16570
10/29/2016 22:44:7;19912;80497;19603;16453
10/29/2016 22:59:7;19770;80719;19294;16353
10/29/2016 23:14:7;19817;80925;19555;16436
10/29/2016 23:29:7;19770;80915;19460;16388
10/29/2016 23:44:7;19793;80892;19651;16407
10/29/2016 23:59:7;19960;80507;20007;16501
10/30/2016 00:14:7;20055;79964;20126;16496
10/30/2016 00:29:7;20174;79482;20317;16525
10/30/2016 00:44:7;20246;79129;20293;16531
10/30/2016 00:59:7;20198;78978;20246;16456
10/30/2016 01:14:7;20174;78775;20150;16396
10/30/2016 01:29:7;20103;79014;19865;16370
10/30/2016 01:44:7;19984;79724;19698;16383
10/30/2016 01:59:7;19865;80008;19555;16318
10/30/2016 02:14:7;19698;80451;19365;16235
10/30/2016 02:29:7;19651;80609;19341;16217
10/30/2016 02:44:7;19674;80838;19365;16281
10/30/2016 02:59:7;19460;81072;19080;16113
10/30/2016 03:14:7;19341;81242;18985;16026
10/30/2016 03:29:7;19222;81412;18794;15940
10/30/2016 03:44:7;19080;81437;18580;15804
10/30/2016 03:59:7;18937;81740;18461;15718
10/30/2016 04:14:7;18747;81643;18319;15514
10/30/2016 04:29:7;18604;81611;18224;15369
10/30/2016 04:44:7;18533;81902;18081;15350
10/30/2016 04:59:7;18438;81992;17962;15272
10/30/2016 05:14:7;18390;82009;18057;15228
10/30/2016 05:29:7;18747;81782;19508;15538
10/30/2016 05:44:7;19484;80713;20984;16072
10/30/2016 05:59:7;20269;78624;22202;16461
10/30/2016 06:14:7;21223;76453;24074;16981
10/30/2016 06:29:7;22753;71583;25817;17488
10/30/2016 06:44:7;24750;61607;;17135
10/30/2016 06:59:7;24508;60587;28568;16653
10/30/2016 07:14:7;22776;67591;25404;16655
10/30/2016 07:29:7;23809;66937;27776;17496
10/30/2016 07:44:7;23905;66022;28593;17381
10/30/2016 07:59:7;24098;65362;27210;17413
10/30/2016 08:14:7;23954;65850;28147;17387
10/30/2016 08:29:7;24436;65148;28791;17685
10/30/2016 08:44:7;25695;63811;33027;18566
10/30/2016 08:59:7;26207;61350;31535;18447
10/30/2016 09:14:7;27333;58954;32433;18892
10/30/2016 09:29:7;28295;56245;34942;19060
10/30/2016 09:44:7;27702;56944;32639;18699
10/30/2016 09:59:7;27727;54647;32639;18082
10/30/2016 10:14:7;28072;54093;33548;18245
10/30/2016 10:29:7;27924;54168;33131;18128
10/30/2016 10:44:7;28097;54160;33209;18287
10/30/2016 10:59:7;29040;52155;39857;18570
10/30/2016 11:14:7;29090;52322;35395;18667
10/30/2016 11:29:7;29890;50759;40257;18928
10/30/2016 11:44:7;29941;50701;40257;18956
10/30/2016 11:59:7;30167;48887;38812;18588
10/30/2016 12:14:7;30874;46268;;18362
10/30/2016 12:29:7;30900;47155;;18686
10/30/2016 12:44:7;30192;47785;37755;18251
10/30/2016 12:59:7;31204;46996;43435;18910
10/30/2016 13:14:7;31128;45544;;18342
10/30/2016 13:29:7;31331;46225;;18763
10/30/2016 13:44:7;30874;46988;;18607
10/30/2016 13:59:7;31637;44318;;18370
10/30/2016 14:14:7;31586;45302;42923;18673
10/30/2016 14:29:7;29941;47102;33652;17794
10/30/2016 14:44:7;29865;46995;37783;17690
10/30/2016 14:59:7;30369;45519;37618;17644
10/30/2016 15:14:7;29515;47571;36933;17561
10/30/2016 15:29:7;30369;46142;39093;17859
10/30/2016 15:44:7;30016;46393;37866;17624
10/30/2016 15:59:7;29590;47027;36227;17449
10/30/2016 16:14:7;28866;47490;34916;16942
10/30/2016 16:29:7;28147;48791;;16706
10/30/2016 16:44:7;26818;51057;28642;16187
10/30/2016 16:59:7;26012;52792;31893;15956
10/30/2016 17:14:7;25089;55338;27776;15819
10/30/2016 17:29:7;24002;57824;27259;15470
10/30/2016 17:44:7;23376;60070;22729;15456
10/30/2016 17:59:7;22944;62685;27949;15688
10/30/2016 18:14:7;22537;64854;27186;15809
10/30/2016 18:29:7;22058;65282;27087;15452
10/30/2016 18:44:7;21700;66864;24195;15465
10/30/2016 18:59:7;21390;67879;22705;15391
10/30/2016 19:14:7;21056;70090;22274;15543
10/30/2016 19:29:7;20770;71209;20007;15501
10/30/2016 19:44:7;20507;71685;19793;15346
10/30/2016 19:59:7;20317;73536;19841;15534
10/30/2016 20:14:7;20126;73874;25671;15417
10/30/2016 20:29:7;19865;74687;19127;15322
10/30/2016 20:44:7;19627;75070;19246;15166
10/30/2016 20:59:7;19460;75467;23761;15080
10/30/2016 21:14:7;19365;76533;18747;15190
10/30/2016 21:29:7;19270;77594;18723;15296
10/30/2016 21:44:7;19056;77861;18604;15137
10/30/2016 21:59:7;18913;78707;18699;15153
10/30/2016 22:14:7;18747;79292;18557;15097
10/30/2016 22:29:7;18628;79660;18889;15047
10/30/2016 22:44:7;18628;79575;20722;15032
10/30/2016 22:59:7;18533;79583;18414;14940
10/30/2016 23:14:7;18414;79614;18247;14830
10/30/2016 23:29:7;18366;79884;18224;14831
10/30/2016 23:44:7;18390;80057;18366;14885
10/30/2016 23:59:7;18366;80220;18247;14891
10/31/2016 00:14:7;18509;80586;18557;15096
10/31/2016 00:29:7;18485;80497;18461;15057
10/31/2016 00:44:7;18319;80601;18271;14912
10/31/2016 00:59:7;18414;81012;18747;15078
10/31/2016 01:14:7;18485;80777;18771;15106
10/31/2016 01:29:7;18580;80825;18937;15208
10/31/2016 01:44:7;18343;80885;18343;14985
10/31/2016 01:59:7;18414;81124;18723;15097
10/31/2016 02:14:7;18438;81157;18580;15126
10/31/2016 02:29:7;18319;81577;18438;15083
10/31/2016 02:44:7;18557;81490;19008;15301
10/31/2016 02:59:7;18723;81303;19246;15431
10/31/2016 03:14:7;18580;80909;18794;15222
10/31/2016 03:29:7;18652;80869;19151;15285
10/31/2016 03:44:7;18771;81034;19222;15431
10/31/2016 03:59:7;18842;81385;19318;15562
10/31/2016 04:14:7;18913;81400;19318;15635
10/31/2016 04:29:7;18985;81416;19294;15707
10/31/2016 04:44:7;19032;81454;19341;15761
10/31/2016 04:59:7;19080;81604;19460;15834
10/31/2016 05:14:7;19008;81533;19222;15751
10/31/2016 05:29:7;19103;81665;19722;15868
10/31/2016 05:44:7;19793;81285;21772;16476
10/31/2016 05:59:7;20531;79755;39658;16924
10/31/2016 06:14:7;21032;78500;27751;17181
10/31/2016 06:29:7;21032;77645;41239;17021
10/31/2016 06:44:7;22034;75060;25065;17498
10/31/2016 06:59:7;22465;72614;24629;17424
10/31/2016 07:14:7;23881;69398;28493;18110
10/31/2016 07:29:7;24774;67557;29690;18558
10/31/2016 07:44:7;24460;66720;28221;18069
10/31/2016 07:59:7;25040;64158;30469;18027
10/31/2016 08:14:7;25817;60887;30824;17963
10/31/2016 08:29:7;25623;60640;30950;17717
10/31/2016 08:44:7;25501;61513;30268;17821
10/31/2016 08:59:7;26378;56654;32021;17382
10/31/2016 09:14:7;26475;57669;30874;17747
10/31/2016 09:29:7;26818;55935;32949;17596
10/31/2016 09:44:7;27063;54836;32639;17518
10/31/2016 09:59:7;27112;54717;31893;17530
10/31/2016 10:14:7;27530;52046;32510;17142
10/31/2016 10:29:7;27974;52298;35904;17627
10/31/2016 10:44:7;28841;48589;38143;17277
10/31/2016 10:59:7;29439;46095;38672;16998
10/31/2016 11:14:7;28841;49913;40343;17698
10/31/2016 11:29:7;29916;46153;;17450
10/31/2016 11:44:7;29515;46235;;17114
10/31/2016 11:59:7;29966;46028;;17454
10/31/2016 12:14:7;30469;44447;41560;17359
10/31/2016 12:29:7;31128;42805;44165;17358
10/31/2016 12:44:7;31103;43266;41619;17505
10/31/2016 12:59:7;31331;41433;42238;17024
10/31/2016 13:14:7;31535;40589;42001;16880
10/31/2016 13:29:7;31765;40613;43073;17095
10/31/2016 13:44:7;31893;42393;44905;17893
10/31/2016 13:59:7;32227;41397;41619;17813
10/31/2016 14:14:7;31128;41910;36389;17023
10/31/2016 14:29:7;31637;41932;42179;17489
10/31/2016 14:44:7;30773;42964;36173;17097
10/31/2016 14:59:7;30343;42486;38616;16533
10/31/2016 15:14:7;30748;42796;39065;17012
10/31/2016 15:29:7;29515;43745;32949;16245
10/31/2016 15:44:7;29991;44424;38004;16918
10/31/2016 15:59:7;28692;45483;29640;16109
10/31/2016 16:14:7;29565;45555;36796;16926
10/31/2016 16:29:7;28245;47057;34071;16233
10/31/2016 16:44:7;27259;49290;27875;16049
10/31/2016 16:59:7;27358;50521;29640;16522
10/31/2016 17:14:7;26353;53504;26744;16479
10/31/2016 17:29:7;25355;58278;24629;16858
10/31/2016 17:44:7;24629;61894;24532;17091
10/31/2016 17:59:7;24002;63954;23400;16992
10/31/2016 18:14:7;23497;65861;22896;16954
10/31/2016 18:29:7;23208;67459;22920;17039
10/31/2016 18:44:7;22872;68145;22537;16869
10/31/2016 18:59:7;22561;69069;23569;16771
10/31/2016 19:14:7;22321;70325;;16810
10/31/2016 19:29:7;21819;71554;40833;16583
10/31/2016 19:44:7;21413;72178;;16320
10/31/2016 19:59:7;21056;72751;20484;16091
10/31/2016 20:14:7;20698;73813;23857;15958
10/31/2016 20:29:7;20341;74724;20055;15791
10/31/2016 20:44:7;20055;75758;19841;15714
10/31/2016 20:59:7;19793;76506;19318;15602
10/31/2016 21:14:7;19627;76985;19627;15530
10/31/2016 21:29:7;19460;77235;19674;15415
10/31/2016 21:44:7;19389;77703;19674;15432
10/31/2016 21:59:7;19294;78335;19603;15456
10/31/2016 22:14:7;19341;78543;19936;15541
10/31/2016 22:29:7;19318;78538;19865;15517
10/31/2016 22:44:7;19175;78903;19627;15444
10/31/2016 22:59:7;19127;79485;19746;15503
10/31/2016 23:14:7;18866;79542;18699;15258
10/31/2016 23:29:7;18794;80200;19603;15306
10/31/2016 23:44:7;18889;80417;20055;15438
10/31/2016 23:59:7;18937;80259;20174;15456
11/01/2016 00:14:7;18913;80170;20198;15417
11/01/2016 00:29:7;18937;80006;20317;15411
11/01/2016 00:44:7;18961;79759;20317;15390
11/01/2016 00:59:7;18985;79960;20388;15449
11/01/2016 01:14:7;18913;79636;20293;15321
11/01/2016 01:29:7;18747;79741;19888;15178
11/01/2016 01:44:7;18604;80215;19793;15123
11/01/2016 01:59:7;18485;80357;19627;15032
11/01/2016 02:14:7;18366;80583;19484;14956
11/01/2016 02:29:7;18461;80744;19841;15077
11/01/2016 02:44:7;18438;80683;19722;15043
11/01/2016 02:59:7;18414;80845;19770;15048
11/01/2016 03:14:7;18414;80957;19793;15068
11/01/2016 03:29:7;18366;80891;19746;15010
11/01/2016 03:44:7;18176;80849;19318;14816
11/01/2016 03:59:7;18105;81224;19389;14812
11/01/2016 04:14:7;18176;81295;19555;14894
11/01/2016 04:29:7;18224;81333;19603;14948
11/01/2016 04:44:7;18224;81417;19603;14962
11/01/2016 04:59:7;18033;81653;19199;14817
11/01/2016 05:14:7;18033;81764;19365;14836
11/01/2016 05:29:7;18176;81712;19698;14967
11/01/2016 05:44:7;18889;81646;21533;15655
11/01/2016 05:59:7;19365;80631;21652;15941
11/01/2016 06:14:7;19318;80621;21413;15893
11/01/2016 06:29:7;20793;78592;;16966
11/01/2016 06:44:7;21390;74122;;16688
11/01/2016 06:59:7;21485;73590;;16674
11/01/2016 07:14:7;21628;73327;;16760
11/01/2016 07:29:7;22369;71541;;17110
11/01/2016 07:44:7;23400;68537;;17461
11/01/2016 07:59:7;24219;66106;;17699
11/01/2016 08:14:7;24412;64083;;17412
11/01/2016 08:29:7;24581;63868;;17522
11/01/2016 08:44:7;24944;60809;28593;17119
11/01/2016 08:59:7;24581;61519;27235;16953
11/01/2016 09:14:7;25162;59765;29265;17061
11/01/2016 09:29:7;25598;58967;29265;17266
11/01/2016 09:44:7;26573;54388;;16935
11/01/2016 09:59:7;26622;53826;31153;16821
11/01/2016 10:14:7;26769;54321;31714;17098
11/01/2016 10:29:7;27235;51815;31586;16800
11/01/2016 10:44:7;27776;49774;;16676
11/01/2016 10:59:7;27308;51123;;16660
11/01/2016 11:14:7;27727;50121;;16738
11/01/2016 11:29:7;28097;49687;;16944
11/01/2016 11:44:7;27751;49514;;16572
11/01/2016 11:59:7;28147;49275;;16859
11/01/2016 12:14:7;29040;46764;;16860
11/01/2016 12:29:7;28742;46532;;16510
11/01/2016 12:44:7;29015;45979;;16572
11/01/2016 12:59:7;29740;44231;;16622
11/01/2016 13:14:7;29590;44148;;16457
11/01/2016 13:29:7;29040;45427;33469;16406
11/01/2016 13:44:7;29115;44486;33678;16147
11/01/2016 13:59:7;29389;43993;37151;16221
11/01/2016 14:14:7;29840;42760;39234;16182
11/01/2016 14:29:7;29365;43366;34045;15973
11/01/2016 14:44:7;29215;44170;36851;16125
11/01/2016 14:59:7;29640;41945;37261;15699
11/01/2016 15:14:7;29490;44924;36335;16639
11/01/2016 15:29:7;28444;45323;34624;15829
11/01/2016 15:44:7;28891;44198;34916;15842
11/01/2016 15:59:7;28072;46158;33783;15775
11/01/2016 16:14:7;27875;46297;32898;15642
11/01/2016 16:29:7;27333;47203;34519;15448
11/01/2016 16:44:7;26720;50309;29590;15870
11/01/2016 16:59:7;25841;50481;;15113
11/01/2016 17:14:7;24895;55873;30697;15785
11/01/2016 17:29:7;23954;57631;23400;15374
11/01/2016 17:44:7;23497;59321;23232;15380
11/01/2016 17:59:7;23112;63925;24050;16141
11/01/2016 18:14:7;22657;66135;;16216
11/01/2016 18:29:7;22106;69134;;16349
11/01/2016 18:44:7;21581;70423;;16118
11/01/2016 18:59:7;21151;71252;;15877
11/01/2016 19:14:7;21103;72964;36579;16180
11/01/2016 19:29:7;20722;72686;20817;15756
11/01/2016 19:44:7;20174;73826;28270;15453
11/01/2016 19:59:7;19817;74418;;15224
11/01/2016 20:14:7;19603;74951;;15119
11/01/2016 20:29:7;19389;75595;;15036
11/01/2016 20:44:7;19175;76066;;14917
11/01/2016 20:59:7;19008;76716;;14878
11/01/2016 21:14:7;18913;77888;;15003
11/01/2016 21:29:7;18723;78526;;14935
11/01/2016 21:44:7;18533;78458;;14737
11/01/2016 21:59:7;18390;79075;17843;14710
11/01/2016 22:14:7;18271;79695;17677;14705
11/01/2016 22:29:7;18129;79973;17701;14615
11/01/2016 22:44:7;18105;80499;18176;14685
11/01/2016 22:59:7;18057;80684;18533;14671
11/01/2016 23:14:7;18033;81013;18675;14705
11/01/2016 23:29:7;18033;81236;19056;14744
11/01/2016 23:44:7;18033;81431;19080;14778
11/01/2016 23:59:7;17986;81698;19246;14778
11/02/2016 00:14:7;18152;81707;19603;14943
11/02/2016 00:29:7;18010;81648;19318;14793
11/02/2016 00:44:7;17962;81915;19270;14792
11/02/2016 00:59:7;18010;82036;19436;14860
11/02/2016 01:14:7;17843;82166;19222;14719
11/02/2016 01:29:7;17867;82226;19413;14753
11/02/2016 01:44:7;17701;82162;19175;14578
11/02/2016 01:59:7;17677;82212;19175;14564
11/02/2016 02:14:7;17938;82131;19722;14806
11/02/2016 02:29:7;18081;82052;19793;14933
11/02/2016 02:44:7;18010;82036;19555;14860
11/02/2016 02:59:7;17938;82187;19532;14816
11/02/2016 03:14:7;18010;82313;19674;14908
11/02/2016 03:29:7;18081;82163;19888;14952
11/02/2016 03:44:7;18176;82045;34334;15025
11/02/2016 03:59:7;18200;81856;22250;15015
11/02/2016 04:14:7;18176;81851;22705;14991
11/02/2016 04:29:7;18271;81955;22944;15102
11/02/2016 04:44:7;18319;81994;23256;15156
11/02/2016 04:59:7;18390;81954;24219;15219
11/02/2016 05:14:7;18438;81909;23569;15257
11/02/2016 05:29:7;18580;81773;24146;15374
11/02/2016 05:44:7;19103;81135;25647;15774
11/02/2016 05:59:7;19651;80019;26793;16111
11/02/2016 06:14:7;20317;78152;28048;16420
11/02/2016 06:29:7;21413;74590;28866;16804
11/02/2016 06:44:7;22537;70925;27801;17143
11/02/2016 06:59:7;23569;64486;;16706
11/02/2016 07:14:7;23256;65849;;16723
11/02/2016 07:29:7;21772;69811;;16172
11/02/2016 07:44:7;21724;71301;;16439
11/02/2016 07:59:7;22178;68673;;16319
11/02/2016 08:14:7;23280;65071;;16567
11/02/2016 08:29:7;24460;60148;;16497
11/02/2016 08:44:7;24847;57859;32150;16271
11/02/2016 08:59:7;24871;57987;31765;16327
11/02/2016 09:14:7;24702;58333;31179;16259
11/02/2016 09:29:7;25477;54798;33079;16031
11/02/2016 09:44:7;26304;53655;36039;16477
11/02/2016 09:59:7;27063;49296;35609;15871
11/02/2016 10:14:7;27407;48343;36308;15885
11/02/2016 10:29:7;28048;47162;;16087
11/02/2016 10:44:7;28369;47591;;16522
11/02/2016 10:59:7;28468;48089;;16775
11/02/2016 11:14:7;29040;46373;;16729
11/02/2016 11:29:7;29165;45016;;16377
11/02/2016 11:44:7;29190;45804;;16671
11/02/2016 11:59:7;29490;44169;;16374
11/02/2016 12:14:7;29740;42617;;16039
11/02/2016 12:29:7;29490;42556;;15791
11/02/2016 12:44:7;29414;43602;;16103
11/02/2016 12:59:7;29865;42334;;16047
11/02/2016 13:14:7;29865;42466;;16096
11/02/2016 13:29:7;30091;42689;;16382
11/02/2016 13:44:7;30066;41230;;15812
11/02/2016 13:59:7;29966;40820;;15566
11/02/2016 14:14:7;30343;40661;;15842
11/02/2016 14:29:7;30192;41177;;15905
11/02/2016 14:44:7;30192;41840;;16156
11/02/2016 14:59:7;29790;40070;;15118
11/02/2016 15:14:7;29740;42187;;15880
11/02/2016 15:29:7;29340;42473;;15625
11/02/2016 15:44:7;29040;43822;;15844
11/02/2016 15:59:7;28941;45644;;16390
11/02/2016 16:14:7;28295;47322;;16366
11/02/2016 16:29:7;27554;49038;;16241
11/02/2016 16:44:7;26012;51363;;15536
11/02/2016 16:59:7;25428;53343;;15574
11/02/2016 17:14:7;24629;55553;28171;15449
11/02/2016 17:29:7;23689;58117;27235;15252
11/02/2016 17:44:7;23136;60001;27998;15213
11/02/2016 17:59:7;22729;60793;29315;15025
11/02/2016 18:14:7;22369;63529;26965;15342
11/02/2016 18:29:7;21772;67174;;15602
11/02/2016 18:44:7;21533;68822;;15732
11/02/2016 18:59:7;21175;70113;;15663
11/02/2016 19:14:7;20865;71052;;15560
11/02/2016 19:29:7;20746;73011;;15844
11/02/2016 19:44:7;20555;73582;;15774
11/02/2016 19:59:7;20531;74156;;15864
11/02/2016 20:14:7;20317;74892;;15800
11/02/2016 20:29:7;20055;75213;;15609
11/02/2016 20:44:7;19793;75734;;15455
11/02/2016 20:59:7;19722;76377;;15508
11/02/2016 21:14:7;19865;76578;;15685
11/02/2016 21:29:7;19722;76063;;15448
11/02/2016 21:44:7;19627;76129;;15368
11/02/2016 21:59:7;19579;76776;;15444
11/02/2016 22:14:7;19555;77340;;15527
11/02/2016 22:29:7;19532;77534;;15540
11/02/2016 22:44:7;19460;77803;;15520
11/02/2016 22:59:7;19508;77870;;15579
11/02/2016 23:14:7;19436;77912;;15517
11/02/2016 23:29:7;19389;78638;;15605
11/02/2016 23:44:7;19341;79136;;15649
11/02/2016 23:59:7;19318;79469;;15686
11/03/2016 00:14:7;19413;79518;;15788
11/03/2016 00:29:7;19460;79922;;15907
11/03/2016 00:44:7;19484;80264;;15992
11/03/2016 00:59:7;19532;80302;;16045
11/03/2016 01:14:7;19508;80297;;16021
11/03/2016 01:29:7;19460;80399;;15993
11/03/2016 01:44:7;19460;80820;;16068
11/03/2016 01:59:7;19484;80965;;16117
11/03/2016 02:14:7;19508;81055;;16156
11/03/2016 02:29:7;19508;80802;;16111
11/03/2016 02:44:7;19294;80840;;15909
11/03/2016 02:59:7;19270;81087;;15929
11/03/2016 03:14:7;19127;81279;;15823
11/03/2016 03:29:7;19127;81559;;15872
11/03/2016 03:44:7;19175;81736;;15950
11/03/2016 03:59:7;19080;81911;;15887
11/03/2016 04:14:7;19246;82087;;16081
11/03/2016 04:29:7;19365;81946;;16173
11/03/2016 04:44:7;19484;82000;;16299
11/03/2016 04:59:7;19318;82019;;16139
11/03/2016 05:14:7;19246;81975;;16062
11/03/2016 05:29:7;19246;81668;;16008
11/03/2016 05:44:7;19246;81696;;16013
11/03/2016 05:59:7;19389;81728;;16158
11/03/2016 06:14:7;19912;81282;;16593
11/03/2016 06:29:7;20436;79396;;16765
11/03/2016 06:44:7;20555;78713;;16756
11/03/2016 06:59:7;20865;78010;;16927
11/03/2016 07:14:7;21199;77194;;17099
11/03/2016 07:29:7;21533;76803;;17349
11/03/2016 07:44:7;22011;76124;;17683
11/03/2016 07:59:7;22154;75605;;17721
11/03/2016 08:14:7;22298;76614;;18056
11/03/2016 08:29:7;23713;72265;;18556
11/03/2016 08:44:7;23785;71129;;18388
11/03/2016 08:59:7;22944;73758;;18119
11/03/2016 09:14:7;22848;74263;;18128
11/03/2016 09:29:7;24195;71088;;18773
11/03/2016 09:44:7;25283;66683;;18846
11/03/2016 09:59:7;25137;67260;;18838
11/03/2016 10:14:7;24557;68925;19698;18654
11/03/2016 10:29:7;24750;67553;22489;18534
11/03/2016 10:44:7;24847;66818;24750;18461
11/03/2016 10:59:7;24026;71617;21724;18722
11/03/2016 11:14:7;23665;73635;20222;18791
11/03/2016 11:29:7;24702;70173;28568;19065
11/03/2016 11:44:7;25065;68298;27949;19002
11/03/2016 11:59:7;25307;67591;28048;19075
11/03/2016 12:14:7;24388;70946;25525;18929
11/03/2016 12:29:7;23184;74533;22106;18508
11/03/2016 12:44:7;22441;76153;22321;18107
11/03/2016 12:59:7;23593;76125;27801;19219
11/03/2016 13:14:7;24653;69718;30824;18920
11/03/2016 13:29:7;25355;68110;29165;19238
11/03/2016 13:44:7;25404;65616;28419;18716
11/03/2016 13:59:7;25817;65140;28568;18998
11/03/2016 14:14:7;27038;62254;32407;19458
11/03/2016 14:29:7;27431;58407;33574;18840
11/03/2016 14:44:7;27505;58043;33001;18812
11/03/2016 14:59:7;26061;59379;23737;17807
11/03/2016 15:14:7;25089;61938;25137;17536
11/03/2016 15:29:7;25089;62764;25477;17738
11/03/2016 15:44:7;25210;63120;25186;17939
11/03/2016 15:59:7;25137;63322;22513;17919
11/03/2016 16:14:7;24774;64144;20174;17771
11/03/2016 16:29:7;24243;65779;24750;17647
11/03/2016 16:44:7;23689;67574;24050;17524
11/03/2016 16:59:7;23352;68916;23232;17497
11/03/2016 17:14:7;22824;70242;22298;17276
11/03/2016 17:29:7;22178;71358;21485;16888
11/03/2016 17:44:7;21915;72420;;16853
11/03/2016 17:59:7;21604;72157;21008;16500
11/03/2016 18:14:7;21318;73818;20698;16558
11/03/2016 18:29:7;21175;74427;20698;16541
11/03/2016 18:44:7;20674;74992;19960;16166
11/03/2016 18:59:7;20269;76174;;16001
11/03/2016 19:14:7;20031;77296;19318;15982
11/03/2016 19:29:7;19722;78056;18961;15822
11/03/2016 19:44:7;19460;78398;;15630
11/03/2016 19:59:7;19270;78782;18604;15515
11/03/2016 20:14:7;19199;78654;18723;15422
11/03/2016 20:29:7;19008;79319;18390;15357
11/03/2016 20:44:7;18889;79800;18247;15328
11/03/2016 20:59:7;18889;80333;18390;15423
11/03/2016 21:14:7;18818;80429;18247;15370
11/03/2016 21:29:7;18699;80655;18010;15294
11/03/2016 21:44:7;18699;81047;18176;15363
11/03/2016 21:59:7;18842;81133;18271;15518
11/03/2016 22:14:7;18937;81350;18319;15649
11/03/2016 22:29:7;18889;81423;18200;15615
11/03/2016 22:44:7;18771;81592;18010;15529
11/03/2016 22:59:7;18794;81820;18033;15592
11/03/2016 23:14:7;18937;82130;18295;15786
11/03/2016 23:29:7;18937;82019;18343;15766
11/03/2016 23:44:7;18699;81744;17938;15485
11/03/2016 23:59:7;18461;81775;17605;15258
11/04/2016 00:14:7;18485;82225;17724;15359
11/04/2016 00:29:7;18699;82355;18057;15591
11/04/2016 00:44:7;18652;82261;17938;15528
11/04/2016 00:59:7;18485;82169;17677;15349
11/04/2016 01:14:7;18366;82393;17463;15271
11/04/2016 01:29:7;18271;82538;17391;15203
11/04/2016 01:44:7;18129;82672;17201;15086
11/04/2016 01:59:7;18033;82817;17130;15017
11/04/2016 02:14:7;17938;82879;16963;14934
11/04/2016 02:29:7;17986;83000;17130;15002
11/04/2016 02:44:7;17891;82951;16963;14900
11/04/2016 02:59:7;17915;83011;16939;14934
11/04/2016 03:14:7;17938;83127;16963;14977
11/04/2016 03:29:7;18105;83164;17201;15147
11/04/2016 03:44:7;18152;83175;17249;15195
11/04/2016 03:59:7;18366;83195;17653;15409
11/04/2016 04:14:7;18414;83123;17558;15443
11/04/2016 04:29:7;18438;83128;17558;15467
11/04/2016 04:44:7;18319;83157;17320;15356
11/04/2016 04:59:7;18247;83196;17225;15292
11/04/2016 05:14:7;18271;83285;17320;15331
11/04/2016 05:29:7;18628;83226;18414;15671
11/04/2016 05:44:7;18937;82741;18652;15891
11/04/2016 05:59:7;19294;82320;19365;16168
11/04/2016 06:14:7;19579;81518;20150;16308
11/04/2016 06:29:7;19698;81012;20174;16335
11/04/2016 06:44:7;20913;76935;22848;16771
11/04/2016 06:59:7;21318;75869;22585;16961
11/04/2016 07:14:7;21700;74270;22872;17018
11/04/2016 07:29:7;21939;73242;22705;17043
11/04/2016 07:44:7;22848;70659;24919;17387
11/04/2016 07:59:7;23497;67958;25040;17425
11/04/2016 08:14:7;24026;67095;27259;17739
11/04/2016 08:29:7;24774;63810;27998;17691
11/04/2016 08:44:7;24968;63080;27677;17700
11/04/2016 08:59:7;25744;60629;28816;17829
11/04/2016 09:14:7;25890;59786;29190;17752
11/04/2016 09:29:7;26769;55645;31561;17470
11/04/2016 09:44:7;27751;55882;33730;18452
11/04/2016 09:59:7;27702;54327;32330;17967
11/04/2016 10:14:7;28245;52080;33495;17813
11/04/2016 10:29:7;28766;50418;33835;17787
11/04/2016 10:44:7;29090;50009;35395;17957
11/04/2016 10:59:7;28568;49523;33079;17324
11/04/2016 11:14:7;28965;48734;35609;17438
11/04/2016 11:29:7;29490;47145;36715;17397
11/04/2016 11:44:7;30041;46037;38700;17525
11/04/2016 11:59:7;30318;44199;37838;17134
11/04/2016 12:14:7;30217;43529;36579;16802
11/04/2016 12:29:7;30697;44506;37728;17586
11/04/2016 12:44:7;29590;45263;33469;16848
11/04/2016 12:59:7;30217;44187;36742;17039
11/04/2016 13:14:7;31001;42194;37755;17016
11/04/2016 13:29:7;30646;43643;37535;17231
11/04/2016 13:44:7;30672;42224;36308;16731
11/04/2016 13:59:7;30545;42376;35716;16674
11/04/2016 14:14:7;29865;43653;29865;16529
11/04/2016 14:29:7;29215;44924;;16390
11/04/2016 14:44:7;30142;43948;;16885
11/04/2016 14:59:7;30571;43371;;17063
11/04/2016 15:14:7;29865;43785;;16576
11/04/2016 15:29:7;28816;46216;;16472
11/04/2016 15:44:7;29690;44488;;16668
11/04/2016 15:59:7;29240;45679;;16674
11/04/2016 16:14:7;28394;46197;;16081
11/04/2016 16:29:7;27998;47447;;16136
11/04/2016 16:44:7;26769;54700;;17206
11/04/2016 16:59:7;25598;57631;;16915
11/04/2016 17:14:7;24412;60786;;16612
11/04/2016 17:29:7;23400;62882;;16167
11/04/2016 17:44:7;22681;64034;;15756
11/04/2016 17:59:7;22106;65350;;15513
11/04/2016 18:14:7;21676;66681;;15402
11/04/2016 18:29:7;21342;68433;;15465
11/04/2016 18:44:7;20889;68558;;15058
11/04/2016 18:59:7;20674;71016;;15369
11/04/2016 19:14:7;20484;72524;;15493
11/04/2016 19:29:7;20293;73820;;15567
11/04/2016 19:44:7;20055;74581;;15486
11/04/2016 19:59:7;19841;75400;;15437
11/04/2016 20:14:7;19651;76134;;15392
11/04/2016 20:29:7;19389;76395;;15188
11/04/2016 20:44:7;19270;77594;;15296
11/04/2016 20:59:7;19151;78673;;15379
11/04/2016 21:14:7;19008;79150;;15327
11/04/2016 21:29:7;18818;79812;;15260
11/04/2016 21:44:7;18652;79833;;15101
11/04/2016 21:59:7;18509;80139;;15016
11/04/2016 22:14:7;18414;80398;;14969
11/04/2016 22:29:7;18319;80992;;14981
11/04/2016 22:44:7;18343;81303;;15059
11/04/2016 22:59:7;18271;81344;;14996
11/04/2016 23:14:7;18461;81079;;15136
11/04/2016 23:29:7;18604;81082;;15276
11/04/2016 23:44:7;18818;81017;;15474
11/04/2016 23:59:7;18913;80786;;15526
11/05/2016 00:14:7;18913;80422;;15462
11/05/2016 00:29:7;18842;79986;;15314
11/05/2016 00:44:7;18913;80170;;15417
11/05/2016 00:59:7;18747;80358;;15288
11/05/2016 01:14:7;18747;80526;;15318
11/05/2016 01:29:7;18699;80404;;15249
11/05/2016 01:44:7;18604;80607;;15192
11/05/2016 01:59:7;18414;80845;;15048
11/05/2016 02:14:7;18438;81380;;15165
11/05/2016 02:29:7;18343;81387;;15073
11/05/2016 02:44:7;18438;81296;;15151
11/05/2016 02:59:7;18485;81223;;15184
11/05/2016 03:14:7;18509;81061;;15179
11/05/2016 03:29:7;18509;81340;;15228
11/05/2016 03:44:7;18366;81225;;15068
11/05/2016 03:59:7;18414;81291;;15127
11/05/2016 04:14:7;18295;81377;;15025
11/05/2016 04:29:7;18295;81432;;15035
11/05/2016 04:44:7;18200;81439;;14943
11/05/2016 04:59:7;18057;81491;;14812
11/05/2016 05:14:7;18057;81714;;14851
11/05/2016 05:29:7;18224;81639;;15001
11/05/2016 05:44:7;18533;80843;;15164
11/05/2016 05:59:7;19508;79538;;15885
11/05/2016 06:14:7;19341;79136;;15649
11/05/2016 06:29:7;20317;75754;;15967
11/05/2016 06:44:7;20603;75035;;16105
11/05/2016 06:59:7;20841;73986;;16130
11/05/2016 07:14:7;21676;70323;;16189
11/05/2016 07:29:7;22321;68966;;16520
11/05/2016 07:44:7;22800;68043;;16778
11/05/2016 07:59:7;22872;67608;;16751
11/05/2016 08:14:7;23088;65219;;16418
11/05/2016 08:29:7;23833;63743;;16782
11/05/2016 08:44:7;23737;63758;;16694
11/05/2016 08:59:7;24605;61124;;16878
11/05/2016 09:14:7;25525;57776;;16885
11/05/2016 09:29:7;26182;55308;;16830
11/05/2016 09:44:7;26573;56338;;17479
11/05/2016 09:59:7;27481;50506;;16630
11/05/2016 10:14:7;26989;53909;;17186
11/05/2016 10:29:7;27481;51210;;16845
11/05/2016 10:44:7;28766;48450;;17164
11/05/2016 10:59:7;28369;50719;;17514
11/05/2016 11:14:7;28023;50192;;17033
11/05/2016 11:29:7;28891;49080;;17480
11/05/2016 11:44:7;29015;47671;;17138
11/05/2016 11:59:7;29540;46107;;17093
11/05/2016 12:14:7;29240;46006;;16786
11/05/2016 12:29:7;29966;45012;;17102
11/05/2016 12:44:7;29840;45030;;16995
11/05/2016 12:59:7;30950;44338;;17755
11/05/2016 13:14:7;28742;46142;;16379
11/05/2016 13:29:7;30041;42551;;16286
11/05/2016 13:44:7;30142;43685;;16790
11/05/2016 13:59:7;28345;45442;;15780
11/05/2016 14:14:7;30091;42920;;16467
11/05/2016 14:29:7;30621;43211;;17051
11/05/2016 14:44:7;30646;42553;;16831
11/05/2016 14:59:7;29040;44871;;16214
11/05/2016 15:14:7;29590;44935;;16734
11/05/2016 15:29:7;30217;44122;;17015
11/05/2016 15:44:7;28816;46802;;16668
11/05/2016 15:59:7;28841;46837;;16703
11/05/2016 16:14:7;28345;48138;;16677
11/05/2016 16:29:7;27063;50354;;16199
11/05/2016 16:44:7;26329;52264;;16096
11/05/2016 16:59:7;25768;55217;;16419
11/05/2016 17:14:7;24484;58703;;16151
11/05/2016 17:29:7;23737;60403;;15879
11/05/2016 17:44:7;23112;62288;;15751
11/05/2016 17:59:7;22753;62259;;15404
11/05/2016 18:14:7;22465;63666;;15465
11/05/2016 18:29:7;22274;66667;;15969
11/05/2016 18:44:7;21987;69674;;16350
11/05/2016 18:59:7;21294;72302;;16230
11/05/2016 19:14:7;20793;72351;;15757
11/05/2016 19:29:7;20341;73309;;15512
11/05/2016 19:44:7;20055;74293;;15430
11/05/2016 19:59:7;19841;74969;;15354
11/05/2016 20:14:7;19722;75949;;15426
11/05/2016 20:29:7;19579;76519;;15396
11/05/2016 20:44:7;19555;76857;;15436
11/05/2016 20:59:7;19484;77326;;15455
11/05/2016 21:14:7;19318;77972;;15413
11/05/2016 21:29:7;19127;78385;;15303
11/05/2016 21:44:7;18961;78886;;15232
11/05/2016 21:59:7;18794;79723;;15221
11/05/2016 22:14:7;18675;80426;;15230
11/05/2016 22:29:7;18675;80622;;15265
11/05/2016 22:44:7;18723;80716;;15328
11/05/2016 22:59:7;18723;80689;;15323
11/05/2016 23:14:7;18723;80633;;15313
11/05/2016 23:29:7;18747;80498;;15313
11/05/2016 23:44:7;18747;80190;;15258
11/05/2016 23:59:7;18818;80429;;15370
11/06/2016 00:14:7;18794;80424;;15346
11/06/2016 00:29:7;18771;80447;;15327
11/06/2016 00:44:7;18771;80587;;15352
11/06/2016 00:59:7;18699;80851;;15329
11/06/2016 01:14:7;18675;80958;;15324
11/06/2016 01:29:7;18628;81115;;15305
11/06/2016 01:44:7;18509;81312;;15223
11/06/2016 01:59:7;18533;81289;;15243
11/06/2016 02:14:7;18533;81401;;15262
11/06/2016 02:29:7;18390;81453;;15132
11/06/2016 02:44:7;18438;81631;;15209
11/06/2016 02:59:7;18390;81342;;15112
11/06/2016 03:14:7;18105;81613;;14880
11/06/2016 03:29:7;18010;82036;;14860
11/06/2016 03:44:7;18081;82163;;14952
11/06/2016 03:59:7;17962;82164;;14835
11/06/2016 04:14:7;17915;82265;;14806
11/06/2016 04:29:7;17962;82331;;14864
11/06/2016 04:44:7;17938;82298;;14835
11/06/2016 04:59:7;17701;82190;;14583
11/06/2016 05:14:7;17653;82373;;14568
11/06/2016 05:29:7;17772;82482;;14703
11/06/2016 05:44:7;18105;82556;;15043
11/06/2016 05:59:7;18485;81975;;15316
11/06/2016 06:14:7;19080;81660;;15843
11/06/2016 06:29:7;20317;77497;;16298
11/06/2016 06:44:7;21079;74986;;16558
11/06/2016 06:59:7;21581;72823;;16612
11/06/2016 07:14:7;21533;71382;;16272
11/06/2016 07:29:7;21223;71850;;16069
11/06/2016 07:44:7;21533;71236;;16241
11/06/2016 07:59:7;22705;68263;;16734
11/06/2016 08:14:7;23521;65323;;16854
11/06/2016 08:29:7;24122;65517;;17472
11/06/2016 08:44:7;24243;62778;;16940
11/06/2016 08:59:7;25016;61834;;17442
11/06/2016 09:14:7;25890;57800;;17233
11/06/2016 09:29:7;26012;58627;;17566
11/06/2016 09:44:7;26867;55376;;17486
11/06/2016 09:59:7;27751;55535;;18355
11/06/2016 10:14:7;28444;50761;;17596
11/06/2016 10:29:7;28023;52177;;17637
11/06/2016 10:44:7;27875;54034;;18044
11/06/2016 10:59:7;27998;51055;;17275
11/06/2016 11:14:7;28394;49404;;17127
11/06/2016 11:29:7;29565;48648;;17959
11/06/2016 11:44:7;28742;48770;;17244
