timestamp_pasto;tbs;ur;tgn;tpo
1476586747;22369;66863;22369;16104
1476587647;22321;67093;22321;16110
1476588547;22274;67144;22274;16076
1476589447;22202;67340;22202;16050
1476590347;22154;67600;22154;16062
1476591247;22130;67922;22130;16110
1476592147;22106;68096;22106;16125
1476593047;22082;68181;22058;16120
1476593947;22058;68385;22034;16142
1476594847;22034;68677;22034;16182
1476595747;22034;69091;22011;16271
1476596647;21987;69290;22011;16268
1476597547;21939;69310;21939;16226
1476598447;21819;69348;21843;16120
1476599347;21748;69482;21748;16080
1476600247;21724;69684;21724;16100
1476601147;21700;69916;21724;16126
1476602047;21700;70151;21724;16176
1476602947;21652;70201;21676;16140
1476603847;21581;70276;21581;16087
1476604747;21509;70322;21509;16028
1476605647;21437;70455;21437;15987
1476606547;21390;70593;21413;15970
1476607447;21390;70681;21390;15988
1476608347;21390;70887;21413;16031
1476609247;21461;71047;21461;16133
1476610147;21557;71241;21557;16265
1476611047;21724;71301;21700;16439
1476611947;21819;71202;21795;16510
1476612847;21891;71098;21891;16558
1476613747;22058;71100;22034;16719
1476614647;22321;70973;22298;16946
1476615547;22609;70615;22561;17147
1476616447;22896;70048;22848;17303
1476617347;23232;69547;23256;17519
1476618247;23448;68814;23424;17567
1476619147;23665;68675;23785;17744
1476620047;24026;67604;24146;17853
1476620947;26329;56553;-;17309
1476621847;27579;53992;-;17757
1476622747;27850;52154;-;17470
1476623647;28345;51485;-;17726
1476624547;29941;54516;-;20102
1476625447;34124;40528;-;19169
1476626347;33495;40663;-;18662
1476627247;33157;41732;-;18776
1476628147;33548;41808;-;19155
1476629047;35529;34966;-;18020
1476629947;37838;34040;-;19599
1476630847;37288;32712;-;18466
1476631747;41443;30617;-;20951
1476632647;41972;27193;-;19409
1476633547;41443;25197;-;17691
1476634447;40314;27779;-;18364
1476635347;38896;31668;-;19323
1476636247;39290;31072;-;19348
1476637147;39772;30131;-;19251
1476638047;38060;28664;-;16965
1476638947;37508;32176;-;18386
1476639847;36933;30774;-;17161
1476640747;36119;32231;-;17212
1476641647;36796;33153;-;18259
1476642547;36498;32263;-;17556
1476643447;35823;32620;-;17150
1476644347;35797;32652;-;17143
1476645247;34916;34327;-;17186
1476646147;29991;42843;-;16348
1476647047;27628;49883;36362;16574
1476647947;26036;51843;29340;15701
1476648847;24798;53821;25744;15126
1476649747;23569;55959;24532;14570
1476650647;23016;58292;28866;14666
1476651547;22537;61098;24702;14919
1476652447;22178;63738;21461;15210
1476653347;21795;65656;20889;15286
1476654247;21461;66822;20531;15228
1476655147;21103;68419;19912;15234
1476656047;20817;70398;19532;15379
1476656947;20507;72064;19246;15423
1476657847;20198;72150;18937;15141
1476658747;20007;73099;18818;15148
1476659647;20007;73937;19199;15314
1476660547;20055;73976;19413;15367
1476661447;19936;73837;19056;15225
1476662347;19865;74600;19175;15305
1476663247;19674;75681;18818;15329
1476664147;19318;76295;18200;15099
1476665047;19413;76770;18937;15281
1476665947;19294;76490;18628;15113
1476666847;19151;76717;18414;15017
1476667747;19127;76797;18485;15009
1476668647;19032;77374;18319;15024
1476669547;18937;77525;18295;14959
1476670447;18699;77900;17796;14797
1476671347;18461;78527;17415;14680
1476672247;18366;78592;17582;14599
1476673147;18390;78850;17891;14669
1476674047;18129;78992;17296;14439
1476674947;17986;79494;18057;14390
1476675847;17986;79970;18461;14475
1476676747;18081;80186;18509;14606
1476677647;18010;80478;17391;14588
1476678547;17796;80655;17011;14410
1476679447;17724;80807;16892;14366
1476680347;17558;81049;16677;14246
1476681247;17605;81170;16820;14313
1476682147;17463;81361;16630;14207
1476683047;17344;81640;16487;14138
1476683947;17225;81752;16368;14041
1476684847;17130;81925;16320;13978
1476685747;17320;82161;16654;14205
1476686647;17344;82276;16701;14248
1476687547;17486;82363;16963;14403
1476688447;17510;82424;16868;14436
1476689347;17510;82479;16963;14446
1476690247;17653;82539;17106;14596
1476691147;17510;82535;16749;14455
1476692047;17344;82580;16654;14300
1476692947;17510;82645;18390;14474
1476693847;18129;82506;19817;15057
1476694747;18794;82265;22729;15669
1476695647;18723;81665;19674;15495
1476696547;19103;81442;21581;15828
1476697447;19746;80826;24798;16348
1476698347;20936;77768;27431;16952
1476699247;22034;73755;28717;17239
1476700147;22920;69460;29916;17201
1476701047;23232;65063;28766;16519
1476701947;23857;63231;30798;16684
1476702847;24050;62654;30343;16728
1476703747;24532;60221;30697;16584
1476704647;25234;58694;32458;16853
1476705547;25890;55549;33157;16624
1476706447;26426;54367;33521;16793
1476707347;26842;53952;34150;17061
1476708247;27284;52586;34889;17074
1476709147;27727;50890;36173;16975
1476710047;28196;52966;36525;18031
1476710947;28369;52416;37563;18028
1476711847;28642;50852;38532;17807
1476712747;28941;49700;38004;17722
1476713647;29315;48714;38812;17751
1476714547;29265;47605;38644;17344
1476715447;29790;46627;41766;17497
1476716347;30369;44698;39743;17357
1476717247;30167;45036;37811;17293
1476718147;30874;43240;42297;17289
1476719047;31382;42834;42564;17598
1476719947;31586;41528;42624;17289
1476720847;32021;40640;43768;17335
1476721747;31586;40861;40978;17032
1476722647;31586;40193;42863;16771
1476723547;32304;38961;44658;16915
1476724447;30925;40690;35342;16374
1476725347;30773;41206;38087;16437
1476726247;30545;41746;40429;16438
1476727147;30167;41970;34045;16182
1476728047;30798;42106;37921;16801
1476728947;30217;43100;33600;16646
1476729847;28493;46892;30243;16404
1476730747;29941;46515;36308;17597
1476731647;30016;46753;34730;17746
1476732547;29140;48335;32330;17469
1476733447;28048;50067;29765;17017
1476734347;26646;53830;26940;16844
1476735247;24629;57640;23400;16009
1476736147;23761;60928;22585;16033
1476737047;23112;63047;21987;15933
1476737947;22633;64539;21604;15828
1476738847;22178;65633;21175;15645
1476739747;21748;66664;20698;15466
1476740647;21437;67917;20436;15445
1476741547;21079;69006;20031;15337
1476742447;20793;70570;19817;15391
1476743347;20460;72142;19460;15393
1476744247;20269;73873;19508;15555
1476745147;20269;74191;19698;15617
1476746047;20198;74494;19579;15607
1476746947;20126;74940;19532;15625
1476747847;20079;75677;19508;15721
1476748747;20007;75319;19508;15583
1476749647;19793;75820;19222;15471
1476750547;19746;76211;19246;15499
1476751447;19793;76392;19294;15580
1476752347;19508;76619;18699;15345
1476753247;19318;77433;18699;15313
1476754147;19460;77775;19056;15515
1476755047;19436;77656;18985;15470
1476755947;19389;77675;18913;15427
1476756847;19318;77887;18794;15397
1476757747;19365;78152;18937;15492
1476758647;19341;78232;18889;15484
1476759547;19127;78442;18461;15314
1476760447;19032;78676;18343;15264
1476761347;19032;79127;18580;15346
1476762247;19056;79470;18509;15431
1476763147;19103;79592;18699;15499
1476764047;19032;79577;18414;15427
1476764947;18747;79685;17938;15168
1476765847;18557;80093;17724;15055
1476766747;18414;80426;17582;14974
1476767647;18366;80667;17510;14970
1476768547;18366;80779;17653;14990
1476769447;18628;80891;18247;15266
1476770347;18580;80965;17938;15232
1476771247;18533;81206;17938;15228
1476772147;18414;81375;17796;15141
1476773047;18509;81479;18081;15253
1476773947;18604;81583;18224;15364
1476774847;18628;81700;18271;15408
1476775747;18628;81784;18271;15422
1476776647;18557;81879;18129;15369
1476777547;18461;81969;18057;15291
1476778447;18390;82093;18129;15243
1476779347;18414;82181;18247;15281
1476780247;18509;82202;18747;15378
1476781147;18628;82145;19080;15485
1476782047;18985;82085;20317;15824
1476782947;19436;81738;21246;16207
1476783847;20198;81120;24267;16844
1476784747;20531;80010;25065;16970
1476785647;21079;78282;25695;17187
1476786547;21795;76225;26475;17493
1476787447;22705;74468;29490;18030
1476788347;23857;70758;31433;18379
1476789247;24363;68053;31663;18276
1476790147;25065;66434;32536;18581
1476791047;25817;64258;34229;18789
1476791947;26451;62712;34995;19015
1476792847;26965;60636;35636;18981
1476793747;27235;58315;35850;18631
1476794647;27825;55167;36471;18321
1476795547;28295;54917;37261;18687
1476796447;28518;54283;38616;18713
1476797347;29040;52923;39177;18800
1476798247;29090;52642;38226;18762
1476799147;29615;51045;39375;18762
1476800047;30268;49872;41152;18996
1476800947;31357;43427;45499;17793
1476801847;31816;46710;45814;19371
1476802747;31612;44843;42893;18534
1476803647;31868;43882;41825;18420
1476804547;30798;45143;42505;17903
1476805447;32098;43013;45593;18309
1476806347;32562;40497;45908;17762
1476807247;32898;40131;46226;17916
1476808147;32381;39942;42149;17380
1476809047;31612;41164;42356;17172
1476809947;32124;40150;40688;17233
1476810847;30369;42886;32304;16704
1476811747;29439;43999;31408;16268
1476812647;29340;44414;31919;16325
1476813547;29790;44237;37673;16670
1476814447;31153;42145;40891;17134
1476815347;31331;41998;39800;17239
1476816247;30016;44131;32794;16837
1476817147;30066;46138;35636;17583
1476818047;29290;48224;30925;17570
1476818947;27677;52608;27456;17445
1476819847;26818;55998;26916;17613
1476820747;26280;58450;25963;17771
1476821647;25040;62726;24002;17683
1476822547;24315;64340;23256;17381
1476823447;23809;65885;22824;17258
1476824347;23472;66907;22585;17168
1476825247;22896;67792;21891;16814
1476826147;22393;69038;21318;16604
1476827047;22011;69884;20865;16418
1476827947;21724;71243;20817;16427
1476828847;21294;71718;20222;16111
1476829747;20913;72345;19960;15871
1476830647;20603;73012;19651;15706
1476831547;20341;73685;19436;15587
1476832447;20198;74321;19294;15574
1476833347;20079;75017;19222;15594
1476834247;19746;75438;18985;15352
1476835147;19532;75824;18842;15218
1476836047;19460;76495;18889;15276
1476836947;19341;76670;18794;15193
1476837847;19175;76665;18343;15030
1476838747;18866;77198;17938;14829
1476839647;18628;77517;17677;14657
1476840547;18485;78166;17605;14637
1476841447;18366;78648;17534;14609
1476842347;18271;78853;17463;14553
1476843247;18176;79254;17391;14533
1476844147;18033;79477;17177;14433
1476845047;17986;79774;17296;14440
1476845947;18200;79904;17867;14672
1476846847;18295;79953;17962;14774
1476847747;18343;79823;17915;14797
1476848647;18319;79846;17843;14778
1476849547;18319;79958;17938;14798
1476850447;18271;79920;17653;14745
1476851347;18105;80024;17415;14601
1476852247;18224;80133;17772;14736
1476853147;18295;80205;17867;14819
1476854047;18295;80288;17748;14834
1476854947;18129;80448;17368;14699
1476855847;18105;80750;17463;14729
1476856747;18200;81022;17724;14870
1476857647;18224;81166;17796;14918
1476858547;18010;81286;17344;14730
1476859447;17724;81418;16915;14473
1476860347;17629;81675;16939;14424
1476861247;17748;81868;17272;14574
1476862147;17796;81989;17296;14642
1476863047;17701;82079;17058;14564
1476863947;17629;82174;17058;14510
1476864847;17748;82366;17296;14660
1476865747;17962;82441;17582;14883
1476866647;18033;82513;17724;14965
1476867547;18200;82522;18295;15130
1476868447;18509;82535;19555;15436
1476869347;19008;82368;21963;15897
1476870247;19222;81858;21079;16018
1476871147;19960;81153;24798;16616
1476872047;20841;79142;26378;17114
1476872947;21843;75600;28965;17419
1476873847;22729;71873;29315;17525
1476874747;23593;69019;30697;17750
1476875647;24050;66498;31077;17627
1476876547;24653;65396;32124;17950
1476877447;25040;62817;32665;17705
1476878347;25550;61337;33209;17823
1476879247;26085;59507;34176;17863
1476880147;26500;57954;34704;17846
1476881047;27063;56222;35475;17904
1476881947;27677;54671;36769;18043
1476882847;27974;53953;36661;18112
1476883747;28642;51557;38504;18022
1476884647;29190;53900;39857;19226
1476885547;29715;51090;41766;18868
1476886447;29966;49412;41502;18572
1476887347;30167;48595;41065;18493
1476888247;30925;46863;44196;18611
1476889147;31510;45589;44812;18704
1476890047;31791;44600;45092;18610
1476890947;31868;44147;44073;18516
1476891847;32253;42732;45311;18343
1476892747;31586;42326;43799;17592
1476893647;32227;42496;45373;18231
1476894547;31484;43077;38032;17779
1476895447;32124;40384;45186;17326
1476896347;32355;40241;42327;17476
1476897247;31484;41250;36987;17091
1476898147;30722;42694;34387;16951
1476899047;30621;43674;36688;17219
1476899947;30016;43605;33157;16648
1476900847;30621;43542;38504;17171
1476901747;30217;43825;32562;16909
1476902647;29065;47027;29865;16971
1476903547;28692;49119;29615;17310
1476904447;27431;52924;27308;17310
1476905347;26744;56175;26451;17594
1476906247;25841;59128;25113;17536
1476907147;25137;60933;24291;17333
1476908047;24436;65571;23737;17783
1476908947;23857;65562;22848;17230
1476909847;23400;66775;22369;17070
1476910747;23064;67404;22154;16889
1476911647;22776;69641;21772;17101
1476912547;22250;71283;21175;16942
1476913447;21867;72937;20889;16912
1476914347;21557;73691;20603;16764
1476915247;21246;74239;20365;16573
1476916147;21103;74760;20317;16537
1476917047;21079;75332;20388;16625
1476917947;21032;75984;20388;16705
1476918847;21032;76472;20436;16799
1476919747;20889;77016;20317;16763
1476920647;20746;77186;20150;16657
1476921547;20579;77495;20055;16552
1476922447;20484;77332;19912;16429
1476923347;20269;77488;19651;16250
1476924247;20150;77918;19627;16214
1476925147;20031;77751;19294;16067
1476926047;19698;78193;18771;15824
1476926947;19365;78972;18461;15642
1476927847;19175;79270;18295;15511
1476928747;19127;79429;18295;15493
1476929647;19127;79569;18319;15518
1476930547;19222;79674;18580;15630
1476931447;19365;79901;18985;15811
1476932347;19341;79896;18818;15786
1476933247;19222;79815;18533;15656
1476934147;19103;79986;18580;15570
1476935047;18961;80011;18200;15435
1476935947;18675;80343;17819;15215
1476936847;18628;80891;17891;15266
1476937747;18723;81219;18271;15417
1476938647;18723;81442;18343;15456
1476939547;18319;81493;17629;15069
1476940447;18247;81756;17724;15044
1476941347;17986;81948;17272;14821
1476942247;17891;82121;17249;14758
1476943147;17962;82303;17510;14859
1476944047;18057;82379;17629;14966
1476944947;18081;82468;17677;15004
1476945847;18057;82490;17677;14985
1476946747;18081;82495;17701;15009
1476947647;18033;82457;17558;14956
1476948547;18057;82490;17582;14985
1476949447;18057;82546;17510;14994
1476950347;17986;82613;17439;14936
1476951247;18081;82689;17701;15042
1476952147;18152;82733;17891;15120
1476953047;18295;82737;18485;15260
1476953947;18628;82672;19413;15576
1476954847;18937;82630;20198;15872
1476955747;19460;82440;22417;16353
1476956647;19888;81949;22896;16687
1476957547;20103;81240;23497;16772
1476958447;20936;79304;25647;17237
1476959347;21390;77347;26598;17313
1476960247;22681;73415;30722;17795
1476961147;23256;71178;30293;17889
1476962047;23280;69971;30041;17656
1476962947;24171;67300;33235;17923
1476963847;24774;64903;33183;17949
1476964747;25016;63454;31179;17836
1476965647;25162;64422;34045;18205
1476966547;26085;60157;34836;18030
1476967447;26818;58563;37755;18305
1476968347;26207;55877;32355;17010
1476969247;27481;56157;39516;18276
1476970147;27333;53989;33443;17528
1476971047;28147;50433;38672;17221
1476971947;29365;49593;42684;18078
1476972847;29340;50106;37921;18217
1476973747;29790;49195;45217;18342
1476974647;30596;45907;44288;17985
1476975547;29715;47791;34730;17817
1476976447;30091;44140;44812;16908
1476977347;31230;42850;45877;17466
1476978247;30041;44726;35022;17070
1476979147;30798;44287;44688;17600
1476980047;32150;39650;47875;17057
1476980947;32898;36388;49140;16351
1476981847;31714;40608;36715;17048
1476982747;29815;43219;32691;16327
1476983647;30192;42833;38087;16525
1476984547;30419;40936;42505;16016
1476985447;32330;40707;47222;17637
1476986347;31970;37346;43982;15945
1476987247;31740;39473;42267;16620
1476988147;32150;36079;43223;15557
1476989047;32201;35677;41590;15424
1476989947;32898;35030;41531;15744
1476990847;32073;36004;38198;15456
1476991747;31842;38040;37425;16124
1476992647;30925;40357;33966;16244
1476993547;29265;45682;29790;16698
1476994447;27284;53856;26378;17444
1476995347;25793;58407;24508;17302
1476996247;25040;61623;23881;17413
1476997147;24146;65461;23016;17482
1476998047;23545;66650;22417;17179
1476998947;22992;68017;21891;16956
1476999847;22681;68883;21891;16846
1477000747;22489;70209;21795;16946
1477001647;22154;71705;21485;16937
1477002547;21987;72609;21413;16961
1477003447;21724;73317;21127;16850
1477004347;21413;74040;20865;16695
1477005247;21223;74986;20698;16696
1477006147;21103;75423;20484;16666
1477007047;21127;75629;20674;16729
1477007947;21079;76051;20627;16764
1477008847;20936;76625;20507;16735
1477009747;20793;77025;20365;16672
1477010647;20746;77044;20341;16630
1477011547;20674;77372;20293;16622
1477012447;20603;77528;20246;16582
1477013347;20507;77879;20103;16555
1477014247;20412;78001;20031;16485
1477015147;20293;78431;19912;16448
1477016047;20246;78846;19841;16479
1477016947;20246;79129;19912;16531
1477017847;20198;79261;19841;16508
1477018747;20222;79322;19841;16543
1477019647;20222;79548;19888;16584
1477020547;20198;79713;19817;16590
1477021447;20031;79452;19484;16380
1477022347;19674;79658;18889;16069
1477023247;19627;80126;19080;16107
1477024147;19555;80476;18961;16100
1477025047;19627;80660;19246;16202
1477025947;19627;80884;19246;16242
1477026847;19532;81032;19199;16175
1477027747;19460;80988;19151;16098
1477028647;19413;80950;19199;16044
1477029547;19460;80904;19222;16083
1477030447;19508;80858;19270;16121
1477031347;19508;80774;19246;16106
1477032247;19555;80757;19246;16150
1477033147;19555;80757;19294;16150
1477034047;19484;80853;19246;16097
1477034947;19175;81402;18557;15891
1477035847;19032;81482;18414;15766
1477036747;18985;81527;18366;15727
1477037647;19032;81538;18557;15775
1477038547;19175;81569;18961;15921
1477039447;19294;81623;19413;16047
1477040347;19508;81614;19984;16255
1477041247;19651;81533;20460;16381
1477042147;19841;81323;20793;16530
1477043047;20079;81066;21533;16717
1477043947;20317;80527;22178;16854
1477044847;20817;79618;23497;17178
1477045747;21151;78838;23689;17360
1477046647;21628;77711;25331;17615
1477047547;22776;76192;29790;18440
1477048447;23833;72905;32047;18805
1477049347;24388;69342;31868;18583
1477050247;24944;67617;33443;18734
1477051147;26085;66006;35877;19455
1477052047;27431;62903;40833;19991
1477052947;27677;61028;38840;19753
1477053847;27677;60345;37783;19578
1477054747;28369;53499;37398;18348
1477055647;27308;58326;32768;18703
1477056547;28444;57117;40978;19440
1477057447;28692;56082;39914;19385
1477058347;29815;52677;45311;19444
1477059247;29540;51260;41972;18759
1477060147;30520;50196;44442;19330
1477061047;31026;49775;45373;19662
1477061947;31816;45131;-;18822
1477062847;31893;45404;43254;18987
1477063747;30394;44931;36661;17462
1477064647;31281;45134;-;18337
1477065547;32433;44410;-;19122
1477066447;32691;44572;48271;19414
1477067347;32124;41252;40314;17665
1477068247;32073;40479;44968;17317
1477069147;31357;43063;35931;17659
1477070047;31663;42832;41298;17850
1477070947;30874;46006;33313;18272
1477071847;29365;50271;30545;18291
1477072747;28990;53363;30545;18883
1477073647;29115;53794;33783;19126
1477074547;29140;53288;32484;19000
1477075447;28543;55554;31740;19099
1477076347;27087;59507;26818;18806
1477077247;26182;61531;25647;18469
1477078147;26061;62280;25866;18540
1477079047;25768;62906;25331;18417
1477079947;25380;63850;24871;18276
1477080847;24968;64935;24339;18141
1477081747;24677;65612;24098;18023
1477082647;24291;66901;23665;17949
1477083547;23930;67288;23328;17690
1477084447;23545;67847;22992;17447
1477085347;23208;68800;22681;17334
1477086247;22753;69578;22178;17065
1477087147;22298;71204;21676;16971
1477088047;22058;71511;21557;16805
1477088947;21843;72231;21318;16746
1477089847;21652;73012;21127;16720
1477090747;21366;72315;20841;16302
1477091647;20936;72291;20341;15883
1477092547;20674;73692;19984;15911
1477093447;20484;74810;19770;15946
1477094347;20531;75682;20103;16161
1477095247;20460;76413;19912;16232
1477096147;20317;76870;19746;16180
1477097047;20222;77278;19674;16164
1477097947;20174;77553;19722;16169
1477098847;20222;77649;19817;16233
1477099747;20222;77905;19841;16281
1477100647;20174;78065;19865;16265
1477101547;20007;78343;19555;16154
1477102447;19888;78799;19389;16122
1477103347;19817;78954;19413;16080
1477104247;19674;78924;19175;15935
1477105147;19579;79356;19056;15921
1477106047;19555;79745;19127;15968
1477106947;19484;80011;18913;15947
1477107847;19413;80108;18842;15894
1477108747;19508;80353;19199;16031
1477109647;19579;80425;19222;16114
1477110547;19627;80548;19318;16182
1477111447;19698;80619;19389;16265
1477112347;19603;80879;18937;16218
1477113247;19508;81362;18913;16211
1477114147;19413;81677;18913;16173
1477115047;19389;81979;18889;16202
1477115947;19175;82182;18604;16028
1477116847;19175;82266;18675;16042
1477117747;19175;82349;18723;16057
1477118647;19103;82500;18628;16013
1477119547;19080;82551;18675;15998
1477120447;18961;82580;18485;15887
1477121347;18818;82631;18343;15756
1477122247;18747;82699;18319;15697
1477123147;18675;82738;18319;15634
1477124047;18723;82804;18414;15692
1477124947;18771;82815;18557;15741
1477125847;18842;82831;18913;15813
1477126747;19032;82845;19532;16003
1477127647;19318;82798;20746;16275
1477128547;19722;82665;22393;16649
1477129447;20460;82354;25040;17318
1477130347;20126;81665;21891;16870
1477131247;20412;81279;23088;17082
1477132147;20889;80509;24122;17410
1477133047;21103;78998;24219;17344
1477133947;21175;78302;24195;17284
1477134847;22154;77189;28369;18027
1477135747;23376;72084;30041;18194
1477136647;24436;68873;30545;18527
1477137547;24750;66440;30495;18282
1477138447;24944;65295;30545;18202
1477139347;25817;63465;32949;18598
1477140247;26012;62609;33548;18575
1477141147;27112;60039;35208;18967
1477142047;26842;60059;32768;18718
1477142947;26965;60078;33287;18839
1477143847;28072;56873;39886;19026
1477144747;27974;57926;37178;19219
1477145647;27653;56466;33287;18522
1477146547;27308;56384;32536;18178
1477147447;29065;52958;40487;18833
1477148347;28642;53187;34651;18509
1477149247;28048;53518;32975;18055
1477150147;27899;53052;32587;17781
1477151047;28468;52397;35770;18114
1477151947;29215;51056;36661;18397
1477152847;29190;50570;35128;18224
1477153747;28543;50870;32433;17721
1477154647;29065;51646;36119;18439
1477155547;30394;49726;43616;19065
1477156447;30293;48675;42060;18635
1477157347;28816;50231;33730;17775
1477158247;30520;49191;44905;19010
1477159147;29464;48246;31868;17737
1477160047;29240;49642;38756;17979
1477160947;29414;49503;32510;18095
1477161847;28147;50658;29065;17290
1477162747;27776;51792;29215;17293
1477163647;28394;52802;32846;18166
1477164547;27112;55285;27186;17690
1477165447;26207;57723;26036;17510
1477166347;25768;59798;25380;17640
1477167247;25307;60744;24847;17446
1477168147;24484;65186;23472;17740
1477169047;23617;67532;22585;17446
1477169947;23088;68838;22202;17227
1477170847;22800;70591;21939;17327
1477171747;22226;71895;21461;17045
1477172647;21652;73244;20817;16767
1477173547;21318;74513;20531;16696
1477174447;21127;74822;20484;16572
1477175347;20960;75049;20341;16455
1477176247;20698;75543;20055;16296
1477177147;20603;76328;20055;16354
1477178047;20341;76703;19508;16171
1477178947;20174;77496;19389;16159
1477179847;20031;77609;19318;16041
1477180747;19865;77603;19151;15877
1477181647;20007;77889;19698;16069
1477182547;20103;77937;19817;16171
1477183447;20103;78249;19793;16229
1477184347;20055;78580;19603;16244
1477185247;20055;78750;19746;16275
1477186147;19984;79102;19365;16270
1477187047;19936;79460;19627;16289
1477187947;19912;79398;19579;16254
1477188847;19817;79632;19246;16204
1477189747;19674;80277;19080;16180
1477190647;19365;80603;18628;15936
1477191547;19341;80878;18747;15962
1477192447;19151;80921;18319;15783
1477193347;18771;81034;18057;15431
1477194247;18699;81214;18129;15392
1477195147;18533;81317;17772;15248
1477196047;18247;81450;17391;14991
1477196947;18105;81557;17391;14870
1477197847;18057;81603;17344;14831
1477198747;17915;81738;17201;14715
1477199647;17819;81856;17130;14642
1477200547;17796;81961;17082;14637
1477201447;17748;82062;17153;14608
1477202347;17843;82138;17344;14714
1477203247;17986;82197;17534;14864
1477204147;18010;82230;17558;14893
1477205047;17938;82353;17368;14844
1477205947;17891;82453;17368;14815
1477206847;17748;82587;17130;14698
1477207747;17772;82703;17249;14741
1477208647;17701;82770;17082;14682
1477209547;17582;82827;16987;14575
1477210447;17605;82887;17177;14609
1477211347;17843;82913;18366;14847
1477212247;18129;82921;18652;15128
1477213147;18699;82910;20841;15687
1477214047;19175;82572;20984;16096
1477214947;19389;82118;21342;16227
1477215847;20507;81271;25598;17174
1477216747;21270;77751;26353;17274
1477217647;22417;75194;28692;17896
1477218547;23064;70877;29090;17641
1477219447;23905;67583;30950;17733
1477220347;23978;65613;30369;17356
1477221247;24508;63552;30748;17378
1477222147;25113;63196;31714;17866
1477223047;25720;60686;32665;17820
1477223947;25866;59411;32458;17632
1477224847;26720;58143;34519;18102
1477225747;26989;56588;34598;17936
1477226647;27259;55243;35208;17815
1477227547;28196;51561;35958;17612
1477228447;28245;49803;36933;17116
1477229347;28667;48696;37315;17152
1477230247;29490;43281;39403;16055
1477231147;29991;43008;41854;16408
1477232047;30041;41956;39516;16064
1477232947;30469;41605;41414;16317
1477233847;31077;43527;41590;17577
1477234747;30596;44429;39177;17467
1477235647;29740;50610;38980;18743
1477236547;29565;51745;39743;18931
1477237447;29464;52661;41239;19115
1477238347;28543;54064;35395;18673
1477239247;29290;51836;40314;18705
1477240147;29615;50851;41678;18702
1477241047;28692;53194;32458;18557
1477241947;27235;57408;32073;18388
1477242847;28866;54396;33287;19069
1477243747;28097;54794;31510;18468
1477244647;29040;52507;33992;18676
1477245547;26646;61327;27924;18856
1477246447;25283;65323;26182;18532
1477247347;23954;70776;24581;18475
1477248247;23280;69200;23761;17490
1477249147;22633;67804;22058;16565
1477250047;21891;70010;20246;16329
1477250947;20865;73266;19341;16010
1477251847;20627;74290;19294;15983
1477252747;20460;76155;19460;16183
1477253647;20579;77495;19770;16552
1477254547;20460;78068;19627;16544
1477255447;20198;78184;19555;16310
1477256347;20103;78590;19222;16292
1477257247;20055;79598;19294;16430
1477258147;19984;80118;19294;16454
1477259047;19888;80463;19222;16423
1477259947;19722;80905;19151;16339
1477260847;19674;81035;19175;16316
1477261747;19746;80938;19246;16368
1477262647;19722;80961;19270;16349
1477263547;19698;81292;19294;16385
1477264447;19746;81582;19365;16482
1477265347;19770;81587;19389;16507
1477266247;19746;81610;19413;16487
1477267147;19770;81559;19484;16502
1477268047;19770;81643;19436;16517
1477268947;19722;81717;19365;16483
1477269847;19698;81739;19318;16464
1477270747;19722;81856;19389;16507
1477271647;19627;81891;19318;16420
1477272547;19603;81942;19318;16406
1477273447;19508;81977;19246;16319
1477274347;19270;81925;18866;16076
1477275247;19127;82033;18818;15955
1477276147;19080;82078;18818;15916
1477277047;18985;82140;18604;15834
1477277947;18961;82219;18628;15824
1477278847;18889;82258;18438;15761
1477279747;18913;82347;18699;15800
1477280647;19008;82340;18794;15892
1477281547;18937;82352;18723;15824
1477282447;18937;82352;18794;15824
1477283347;18937;82297;18771;15815
1477284247;18794;82265;18628;15669
1477285147;18628;82284;18200;15509
1477286047;18295;82432;17605;15208
1477286947;18152;82594;17605;15096
1477287847;18010;82673;17463;14969
1477288747;17867;82807;17368;14852
1477289647;17867;82918;17415;14871
1477290547;17796;82985;17344;14812
1477291447;17677;83041;17130;14705
1477292347;17629;83141;17130;14675
1477293247;17629;83223;17225;14689
1477294147;17582;83295;17106;14655
1477295047;17510;83362;17011;14596
1477295947;17415;83423;16868;14513
1477296847;17415;83478;16987;14522
1477297747;17486;83466;17296;14590
1477298647;17701;83432;17677;14795
1477299547;17986;83358;18319;15063
1477300447;18485;83194;20507;15525
1477301347;18866;82919;21867;15852
1477302247;19246;82448;21676;16144
1477303147;19555;82099;21652;16387
1477304047;20484;81351;24508;17164
1477304947;20841;80132;24581;17295
1477305847;22011;78047;28717;18051
1477306747;22537;74986;26989;17971
1477307647;22513;72418;26500;17430
1477308547;23328;70955;30142;17911
1477309447;24557;67968;32175;18442
1477310347;24871;65252;31026;18123
1477311247;25477;62369;32639;18009
1477312147;25331;61332;30849;17616
1477313047;25258;60675;29565;17382
1477313947;25963;59953;33678;17863
1477314847;27136;55981;35823;17906
1477315747;27431;55015;35049;17911
1477316647;27530;54207;34071;17773
1477317547;27554;52846;35502;17401
1477318447;28196;50247;35931;17209
1477319347;28841;49429;38952;17545
1477320247;28692;49507;36308;17433
1477321147;28593;48266;35102;16946
1477322047;28667;48664;33652;17142
1477322947;29540;46042;38421;17071
1477323847;28617;46387;32278;16348
1477324747;30469;44513;41414;17382
1477325647;30596;44264;39971;17408
1477326547;31535;41056;42238;17062
1477327447;30217;41843;34624;16180
1477328347;29290;45064;31663;16507
1477329247;30646;42983;40028;16990
1477330147;30520;41743;35288;16414
1477331047;30243;44749;36498;17261
1477331947;29740;44559;33079;16738
1477332847;29190;45771;32201;16660
1477333747;29190;46815;31714;17013
1477334647;29389;47880;33730;17549
1477335547;28543;48519;29790;16982
1477336447;28048;49262;29890;16765
1477337347;27186;50210;27702;16268
1477338247;26304;51371;26622;15808
1477339147;25963;52595;26793;15854
1477340047;25040;54013;24315;15405
1477340947;24171;56701;23136;15331
1477341847;23617;58723;22729;15341
1477342747;23160;60587;22178;15381
1477343647;22729;63498;21748;15676
1477344547;22321;64847;21270;15603
1477345447;21963;66194;20889;15567
1477346347;21604;67531;20531;15521
1477347247;21270;68272;20198;15362
1477348147;21008;69582;20031;15390
1477349047;20722;70644;19674;15338
1477349947;20436;72166;19484;15375
1477350847;20341;73164;19579;15483
1477351747;20317;73304;19627;15488
1477352647;20031;74317;19032;15411
1477353547;19817;75108;18818;15358
1477354447;19484;75815;18414;15170
1477355347;19151;76318;18129;14942
1477356247;19008;76744;18081;14883
1477357147;18961;77331;18176;14947
1477358047;18913;77548;18105;14940
1477358947;18509;77606;17605;14557
1477359847;18438;78128;17843;14584
1477360747;18533;78232;18057;14696
1477361647;18485;78166;17867;14637
1477362547;18509;78284;17867;14682
1477363447;18414;78433;17629;14616
1477364347;18295;78943;17439;14593
1477365247;18176;79395;17320;14558
1477366147;18105;79716;17272;14546
1477367047;18033;80092;17201;14543
1477367947;18057;80293;17249;14602
1477368847;17986;80696;17130;14603
1477369747;17962;80914;17177;14618
1477370647;18033;81208;17391;14739
1477371547;18010;81314;17296;14735
1477372447;17891;81399;17201;14633
1477373347;18081;81580;17653;14851
1477374247;18081;81469;17510;14831
1477375147;17986;81643;17391;14768
1477376047;18010;81731;17463;14807
1477376947;17867;81811;17225;14681
1477377847;17843;81889;17320;14671
1477378747;17938;81993;17534;14782
1477379647;17986;82003;17582;14831
1477380547;18081;82108;17724;14942
1477381447;18247;82144;18010;15112
1477382347;18366;82171;18057;15233
1477383247;18485;82141;18152;15344
1477384147;18557;82129;18343;15412
1477385047;18652;82150;18390;15509
1477385947;18628;82173;18366;15490
1477386847;18747;82171;19175;15606
1477387747;18985;82057;19698;15819
1477388647;19056;81961;19389;15873
1477389547;19318;81712;19888;16086
1477390447;19865;81412;21987;16569
1477391347;21533;79940;26744;17936
1477392247;21390;77347;23064;17313
1477393147;20770;79127;21223;17041
1477394047;20817;79052;22609;17074
1477394947;21318;78645;23160;17487
1477395847;21079;78823;21008;17288
1477396747;21223;79987;23184;17642
1477397647;21103;79934;21963;17515
1477398547;20793;80179;22154;17257
1477399447;20841;80556;22657;17372
1477400347;21939;79572;26965;18265
1477401247;23641;75670;30041;19176
1477402147;24532;67334;30142;18277
1477403047;25647;65051;32381;18815
1477403947;26965;61810;32820;19278
1477404847;25695;63963;28444;18603
1477405747;26598;62551;32587;19115
1477406647;27210;60303;32872;19127
1477407547;26965;60512;31893;18950
1477408447;27308;58232;32665;18678
1477409347;28841;57868;38087;20016
1477410247;29515;54169;36552;19606
1477411147;30041;52932;35985;19729
1477412047;29464;53939;35770;19492
1477412947;28791;54322;31382;18978
1477413847;27949;55847;30419;18627
1477414747;28617;54742;31484;18937
1477415647;29365;52935;34572;19104
1477416547;27382;56834;27727;18370
1477417447;26818;58220;28444;18215
1477418347;27333;57235;29315;18433
1477419247;26158;60478;26256;18181
1477420147;25404;61989;25841;17847
1477421047;25283;63040;25841;17989
1477421947;25453;63099;26012;18164
1477422847;24774;66052;24605;18216
1477423747;24195;68023;24098;18108
1477424647;23593;68959;23232;17737
1477425547;23352;70280;23088;17791
1477426447;22896;71434;22345;17596
1477427347;22034;73668;20698;17221
1477428247;21676;75191;20698;17176
1477429147;21366;76310;20627;17092
1477430047;21223;76712;20603;17030
1477430947;20960;77887;20198;16997
1477431847;20722;78208;20007;16825
1477432747;20603;78581;19960;16778
1477433647;20460;78891;19817;16696
1477434547;20412;79476;19960;16757
1477435447;20436;79255;19936;16739
1477436347;20174;79143;19579;16463
1477437247;19841;79524;19175;16207
1477438147;19603;80233;18985;16103
1477439047;19484;80517;18818;16037
1477439947;19579;80902;19222;16199
1477440847;19555;80785;19151;16155
1477441747;19318;80789;18699;15923
1477442647;19270;81031;18771;15919
1477443547;19294;81092;18842;15953
1477444447;19222;81244;18652;15910
1477445347;19080;81409;18509;15799
1477446247;18913;81623;18295;15674
1477447147;18866;81780;18319;15655
1477448047;18747;81893;18105;15558
1477448947;18557;82046;17867;15398
1477449847;18438;82131;17891;15296
1477450747;18485;82225;18200;15359
1477451647;18461;82303;18200;15349
1477452547;18485;82391;18247;15388
1477453447;18485;82419;18271;15392
1477454347;18366;82309;17891;15257
1477455247;18295;82321;17891;15189
1477456147;18319;82437;18081;15232
1477457047;18295;82460;17962;15213
1477457947;18176;82517;17748;15106
1477458847;18200;82577;17891;15140
1477459747;18152;82594;17796;15096
1477460647;18105;82639;17605;15057
1477461547;18057;82795;17463;15037
1477462447;17915;82956;17296;14924
1477463347;17819;83018;17153;14841
1477464247;17891;83061;17439;14919
1477465147;17962;83077;17510;14992
1477466047;17962;83050;17558;14987
1477466947;18033;83093;17605;15064
1477467847;18129;83170;17819;15171
1477468747;18224;83191;17891;15268
1477469647;18247;83224;17938;15297
1477470547;18390;83173;18295;15428
1477471447;18438;83128;18414;15467
1477472347;18604;83055;18889;15618
1477473247;19008;82951;20293;15998
1477474147;19627;82198;22154;16474
1477475047;20698;80553;25307;17231
1477475947;21390;76889;-;17226
1477476847;21939;75099;-;17413
1477477747;22369;73384;-;17488
1477478647;23280;70326;-;17732
1477479547;24291;65998;-;17743
1477480447;24315;65791;-;17719
1477481347;24677;63398;-;17501
1477482247;24871;62209;-;17397
1477483147;26012;59465;-;17784
1477484047;26720;58330;-;18152
1477484947;27210;56212;-;18039
1477485847;27998;53766;-;18081
1477486747;28692;50794;-;17835
1477487647;29090;49364;-;17753
1477488547;29414;48564;-;17795
1477489447;29991;44917;-;17092
1477490347;30596;45677;-;17905
1477491247;31153;41547;-;16908
1477492147;31637;39731;-;16632
1477493047;31816;40351;-;17038
1477493947;32098;40582;-;17381
1477494847;32381;39641;-;17259
1477495747;32536;38413;-;16895
1477496647;32639;37243;-;16493
1477497547;32562;36897;-;16276
1477498447;33209;37535;-;17122
1477499347;32975;36971;-;16673
1477500247;33183;38276;-;17412
1477501147;32820;36888;-;16500
1477502047;32613;36327;-;16073
1477502947;33365;35856;-;16527
1477503847;33495;36751;-;17037
1477504747;32175;37096;-;16020
1477505647;31128;38740;-;15779
1477506547;32175;37096;-;16020
1477507447;32227;37641;-;16298
1477508347;31868;38144;-;16190
1477509247;31179;38343;-;15662
1477510147;29464;39371;-;14552
1477511047;28369;41541;-;14407
1477511947;27702;43013;-;14346
1477512847;26158;46896;-;14275
1477513747;24895;52258;-;14767
1477514647;24146;55857;-;15081
1477515547;23593;58442;-;15246
1477516447;23040;60354;-;15210
1477517347;22417;62052;-;15037
1477518247;21963;63732;-;15004
1477519147;21557;65196;-;14954
1477520047;21199;66418;-;14888
1477520947;20817;67687;-;14802
1477521847;20460;68863;-;14712
1477522747;20150;70215;-;14699
1477523647;19841;71296;-;14624
1477524547;19627;73025;-;14765
1477525447;19389;74334;-;14792
1477526347;19151;75462;-;14779
1477527247;18889;76805;-;14779
1477528147;18628;77574;-;14667
1477529047;18414;78235;-;14580
1477529947;18247;78482;-;14463
1477530847;18105;78621;-;14349
1477531747;17986;78737;-;14254
1477532647;17891;79166;-;14238
1477533547;17772;79393;-;14163
1477534447;17653;79675;-;14097
1477535347;17605;79805;-;14073
1477536247;17582;79995;-;14084
1477537147;17463;80360;-;14032
1477538047;17534;80459;-;14119
1477538947;17296;80519;-;13897
1477539847;17153;80905;-;13825
1477540747;17011;81290;-;13752
1477541647;17106;81449;-;13872
1477542547;17153;81487;-;13926
1477543447;17106;81338;-;13853
1477544347;17201;81221;-;13926
1477545247;17201;81359;-;13950
1477546147;17249;81619;-;14042
1477547047;17106;81726;-;13920
1477547947;17130;81870;-;13968
1477548847;17177;81825;-;14007
1477549747;17130;81842;-;13963
1477550647;17034;81932;-;13885
1477551547;16987;81976;-;13846
1477552447;17082;82136;-;13967
1477553347;17249;82255;-;14151
1477554247;17415;82237;-;14311
1477555147;17391;82204;-;14282
1477556047;17391;82232;-;14287
1477556947;17629;82257;-;14525
1477557847;17891;82232;-;14777
1477558747;18271;82177;-;15141
1477559647;18794;81931;-;15611
1477560547;19199;81463;-;15925
1477561447;19532;80864;-;16146
1477562347;19888;79929;-;16327
1477563247;20674;78169;-;16771
1477564147;20698;76977;-;16570
1477565047;21079;76424;-;16836
1477565947;22705;72161;-;17562
1477566847;23809;65523;-;17175
1477567747;24581;60690;-;16747
1477568647;25380;58685;-;16987
1477569547;25866;53941;-;16151
1477570447;26573;53059;-;16554
1477571347;27259;50412;-;16398
1477572247;27924;47988;-;16244
1477573147;28369;47396;-;16458
1477574047;28791;45756;-;16293
1477574947;29464;44888;-;16604
1477575847;29815;44075;-;16635
1477576747;30495;44582;-;17430
1477577647;30419;42329;-;16543
1477578547;30672;42688;-;16904
1477579447;31103;41874;-;16987
1477580347;30117;41964;36389;16135
1477581247;31816;40685;-;17169
1477582147;30672;41494;-;16456
1477583047;30748;41835;-;16653
1477583947;31179;40617;-;16573
1477584847;32150;39885;-;17151
1477585747;32253;38788;-;16798
1477586647;31944;38958;-;16594
1477587547;31663;39030;-;16373
1477588447;32150;38509;-;16592
1477589347;32201;37571;-;16245
1477590247;32433;37729;-;16517
1477591147;32484;37363;-;16407
1477592047;31868;37538;-;15936
1477592947;32073;40044;-;17145
1477593847;31893;37877;-;16102
1477594747;30041;41625;-;15940
1477595647;30167;40643;-;15677
1477596547;29966;41550;-;15844
1477597447;29290;42929;-;15747
1477598347;28147;44700;-;15344
1477599247;26598;47370;-;14831
1477600147;25574;49360;-;14524
1477601047;24895;51720;-;14610
1477601947;24412;52886;-;14501
1477602847;23857;56282;30545;14926
1477603747;23424;58539;35102;15113
1477604647;23016;61511;43768;15472
1477605547;22585;63293;34045;15491
1477606447;22154;65299;38421;15547
1477607347;21676;66412;42803;15342
1477608247;21199;66627;42475;14934
1477609147;20793;68245;40487;14899
1477610047;20460;70361;41473;15027
1477610947;20150;71792;41443;15023
1477611847;19865;72608;39008;14912
1477612747;19627;73574;40717;14874
1477613647;19341;74755;40833;14828
1477614547;19103;76536;40804;14937
1477615447;18842;77561;39008;14873
1477616347;18628;78365;39715;14813
1477617247;18533;79077;38756;14849
1477618147;18414;79502;40057;14809
1477619047;18271;80032;-;14765
1477619947;18247;80334;43073;14795
1477620847;18176;80570;17772;14767
1477621747;18033;80595;17772;14632
1477622647;17986;80919;17677;14642
1477623547;17962;81053;-;14642
1477624447;17915;81293;-;14638
1477625347;17915;81488;21127;14672
1477626247;17891;81538;29991;14657
1477627147;17891;81511;21270;14652
1477628047;17843;81389;26085;14584
1477628947;17724;81391;34440;14468
1477629847;17415;81323;21724;14154
1477630747;17249;81536;19270;14027
1477631647;17130;81814;23930;13959
1477632547;17082;81887;20341;13924
1477633447;17082;81942;20150;13934
1477634347;17011;82037;34308;13880
1477635247;16939;82159;19817;13831
1477636147;16915;82237;21246;13821
1477637047;16796;82348;23448;13723
1477637947;16701;82410;-;13640
1477638847;16606;82471;-;13557
1477639747;16773;82646;16439;13750
1477640647;16987;82666;16677;13964
1477641547;16868;82777;16939;13866
1477642447;16915;82925;16654;13938
1477643347;17153;83006;17296;14185
1477644247;17605;82942;22729;14618
1477645147;18699;82661;19270;15644
1477646047;18818;81881;18628;15626
1477646947;19770;81083;24363;16417
1477647847;19389;79766;20031;15809
1477648747;19722;78028;20936;15817
1477649647;21318;76128;38365;17011
1477650547;22345;71154;39403;17007
1477651447;23088;69461;38060;17362
1477652347;23785;66151;30217;17296
1477653247;24436;63266;29966;17241
1477654147;24919;60683;36281;17064
1477655047;25428;58165;35797;16897
1477655947;25671;56831;33495;16769
1477656847;26500;54882;36444;17006
1477657747;27136;52852;36933;17016
1477658647;27358;50457;34704;16502
1477659547;27727;50698;37370;16916
1477660447;28369;48755;36579;16898
1477661347;28866;48495;41560;17270
1477662247;29365;45498;36742;16725
1477663147;29690;47592;38170;17728
1477664047;30117;47222;-;17995
1477664947;30318;41655;-;16200
1477665847;30824;42241;-;16874
1477666747;30925;41522;40920;16694
1477667647;31230;40756;-;16672
1477668547;32433;41319;45845;17967
1477669447;32047;37791;42119;16202
1477670347;32201;36524;42505;15796
1477671247;32278;38050;43435;16515
1477672147;32717;38431;42893;17063
1477673047;33235;37639;45845;17189
1477673947;33313;35749;43768;16433
1477674847;33157;39183;45154;17764
1477675747;32665;37785;43616;16747
1477676647;33313;36394;44104;16719
1477677547;33183;36517;42773;16659
1477678447;33313;36530;42833;16779
1477679347;33235;35571;43799;16285
1477680247;33027;35993;42416;16291
1477681147;32253;37306;39971;16178
1477682047;31944;37950;38337;16177
1477682947;31230;40022;35797;16384
1477683847;30545;40450;33757;15941
1477684747;29565;42135;31689;15703
1477685647;28419;44143;-;15396
1477686547;27259;47129;-;15357
1477687447;26451;49730;31791;15444
1477688347;25866;51534;25210;15452
1477689247;25307;53641;25380;15547
1477690147;24823;56175;24339;15799
1477691047;24388;58007;26207;15879
1477691947;23930;59880;29916;15930
1477692847;23545;62358;30167;16178
1477693747;23136;63960;33313;16172
1477694647;22729;65848;23112;16219
1477695547;22345;67336;21700;16187
1477696447;21963;68812;21223;16142
1477697347;21533;70120;20746;16008
1477698247;21151;71661;20246;15961
1477699147;20746;72953;20031;15832
1477700047;20412;74680;19841;15851
1477700947;20103;75968;19603;15800
1477701847;19865;77005;19436;15765
1477702747;19627;78150;19294;15747
1477703647;19413;78925;19127;15680
1477704547;19318;79666;19222;15722
1477705447;19270;80022;19341;15739
1477706347;18889;80249;18818;15408
1477707247;18699;80739;19627;15309
1477708147;18723;80828;19674;15348
1477709047;18557;80820;19722;15183
1477709947;18557;80960;19960;15208
1477710847;18366;81030;19793;15034
1477711747;18366;81225;20055;15068
1477712647;18461;81385;20341;15190
1477713547;18414;81458;20269;15156
1477714447;18485;81446;20460;15223
1477715347;18485;81390;20341;15214
1477716247;18461;81469;20436;15204
1477717147;18509;81423;20531;15243
1477718047;18485;81362;20531;15209
1477718947;18414;81263;20436;15122
1477719847;18438;81380;20555;15165
1477720747;18414;81403;20531;15146
1477721647;18224;81417;20198;14962
1477722547;18319;81660;20484;15098
1477723447;18295;81794;20460;15098
1477724347;18295;81877;20436;15112
1477725247;18319;81966;20531;15151
1477726147;18200;81995;20103;15039
1477727047;18200;82162;20269;15068
1477727947;18247;82200;20436;15121
1477728847;18176;82184;20174;15049
1477729747;18129;82312;20126;15024
1477730647;18295;82349;20531;15194
1477731547;18557;82324;21079;15446
1477732447;19103;82111;22011;15946
1477733347;19294;81790;22465;16076
1477734247;21628;75326;23448;17156
1477735147;22872;71518;26500;17590
1477736047;22992;72890;30824;17989
1477736947;23400;70496;27014;17883
1477737847;24122;69025;28345;18259
1477738747;24823;67415;32021;18573
1477739647;25380;64124;30091;18341
1477740547;25963;63244;-;18683
1477741447;26867;60899;31996;18956
1477742347;27358;57677;-;18575
1477743247;27554;56546;-;18452
1477744147;28369;55593;40343;18948
1477745047;28916;52426;34995;18537
1477745947;29414;50181;35904;18309
1477746847;29690;50346;35770;18614
1477747747;30066;48452;37015;18355
1477748647;30495;44877;46067;17534
1477749547;31128;45182;-;18215
1477750447;31535;44142;-;18214
1477751347;31740;43040;39715;17996
1477752247;32073;41480;41152;17707
1477753147;32330;41008;42594;17754
1477754047;32717;39575;-;17531
1477754947;32846;37060;-;16597
1477755847;33157;36786;44196;16753
1477756747;33548;36959;43768;17173
1477757647;33887;38076;44658;17952
1477758547;33914;34134;44627;16219
1477759447;33521;38378;41942;17755
1477760347;33704;35615;-;16717
1477761247;34019;33664;-;16089
1477762147;34045;33940;-;16243
1477763047;34124;31405;-;15068
1477763947;33835;33819;-;16002
1477764847;33966;36355;-;17277
1477765747;31740;41311;34704;17343
1477766647;31179;41383;-;16868
1477767547;30444;43917;-;17147
1477768447;29941;45173;30849;17136
1477769347;29240;47504;29389;17288
1477770247;29340;48555;31052;17723
1477771147;28941;50216;31740;17884
1477772047;27850;52632;27456;17612
1477772947;27087;55470;32975;17719
1477773847;26524;57614;26085;17778
1477774747;26061;60895;28048;18194
1477775647;25574;63974;-;18490
1477776547;24968;66387;32278;18478
1477777447;24315;69090;23641;18459
1477778347;23785;70863;22776;18331
1477779247;23280;72506;22321;18189
1477780147;22848;73972;25016;18070
1477781047;22585;74764;21915;17973
1477781947;22537;74464;22011;17867
1477782847;22321;75320;21652;17828
1477783747;21795;77087;21079;17659
1477784647;21533;76918;26207;17371
1477785547;21318;77790;20889;17327
1477786447;21008;78096;21032;17083
1477787347;20770;78616;20293;16947
1477788247;20507;79355;19912;16827
1477789147;20388;79782;19936;16789
1477790047;20269;80207;19960;16750
1477790947;20103;80115;21008;16570
1477791847;19912;80497;19603;16453
1477792747;19770;80719;19294;16353
1477793647;19817;80925;19555;16436
1477794547;19770;80915;19460;16388
1477795447;19793;80892;19651;16407
1477796347;19960;80507;20007;16501
1477797247;20055;79964;20126;16496
1477798147;20174;79482;20317;16525
1477799047;20246;79129;20293;16531
1477799947;20198;78978;20246;16456
1477800847;20174;78775;20150;16396
1477801747;20103;79014;19865;16370
1477802647;19984;79724;19698;16383
1477803547;19865;80008;19555;16318
1477804447;19698;80451;19365;16235
1477805347;19651;80609;19341;16217
1477806247;19674;80838;19365;16281
1477807147;19460;81072;19080;16113
1477808047;19341;81242;18985;16026
1477808947;19222;81412;18794;15940
1477809847;19080;81437;18580;15804
1477810747;18937;81740;18461;15718
1477811647;18747;81643;18319;15514
1477812547;18604;81611;18224;15369
1477813447;18533;81902;18081;15350
1477814347;18438;81992;17962;15272
1477815247;18390;82009;18057;15228
1477816147;18747;81782;19508;15538
1477817047;19484;80713;20984;16072
1477817947;20269;78624;22202;16461
1477818847;21223;76453;24074;16981
1477819747;22753;71583;25817;17488
1477820647;24750;61607;-;17135
1477821547;24508;60587;28568;16653
1477822447;22776;67591;25404;16655
1477823347;23809;66937;27776;17496
1477824247;23905;66022;28593;17381
1477825147;24098;65362;27210;17413
1477826047;23954;65850;28147;17387
1477826947;24436;65148;28791;17685
1477827847;25695;63811;33027;18566
1477828747;26207;61350;31535;18447
1477829647;27333;58954;32433;18892
1477830547;28295;56245;34942;19060
1477831447;27702;56944;32639;18699
1477832347;27727;54647;32639;18082
1477833247;28072;54093;33548;18245
1477834147;27924;54168;33131;18128
1477835047;28097;54160;33209;18287
1477835947;29040;52155;39857;18570
1477836847;29090;52322;35395;18667
1477837747;29890;50759;40257;18928
1477838647;29941;50701;40257;18956
1477839547;30167;48887;38812;18588
1477840447;30874;46268;-;18362
1477841347;30900;47155;-;18686
1477842247;30192;47785;37755;18251
1477843147;31204;46996;43435;18910
1477844047;31128;45544;-;18342
1477844947;31331;46225;-;18763
1477845847;30874;46988;-;18607
1477846747;31637;44318;-;18370
1477847647;31586;45302;42923;18673
1477848547;29941;47102;33652;17794
1477849447;29865;46995;37783;17690
1477850347;30369;45519;37618;17644
1477851247;29515;47571;36933;17561
1477852147;30369;46142;39093;17859
1477853047;30016;46393;37866;17624
1477853947;29590;47027;36227;17449
1477854847;28866;47490;34916;16942
1477855747;28147;48791;-;16706
1477856647;26818;51057;28642;16187
1477857547;26012;52792;31893;15956
1477858447;25089;55338;27776;15819
1477859347;24002;57824;27259;15470
1477860247;23376;60070;22729;15456
1477861147;22944;62685;27949;15688
1477862047;22537;64854;27186;15809
1477862947;22058;65282;27087;15452
1477863847;21700;66864;24195;15465
1477864747;21390;67879;22705;15391
1477865647;21056;70090;22274;15543
1477866547;20770;71209;20007;15501
1477867447;20507;71685;19793;15346
1477868347;20317;73536;19841;15534
1477869247;20126;73874;25671;15417
1477870147;19865;74687;19127;15322
1477871047;19627;75070;19246;15166
1477871947;19460;75467;23761;15080
1477872847;19365;76533;18747;15190
1477873747;19270;77594;18723;15296
1477874647;19056;77861;18604;15137
1477875547;18913;78707;18699;15153
1477876447;18747;79292;18557;15097
1477877347;18628;79660;18889;15047
1477878247;18628;79575;20722;15032
1477879147;18533;79583;18414;14940
1477880047;18414;79614;18247;14830
1477880947;18366;79884;18224;14831
1477881847;18390;80057;18366;14885
1477882747;18366;80220;18247;14891
1477883647;18509;80586;18557;15096
1477884547;18485;80497;18461;15057
1477885447;18319;80601;18271;14912
1477886347;18414;81012;18747;15078
1477887247;18485;80777;18771;15106
1477888147;18580;80825;18937;15208
1477889047;18343;80885;18343;14985
1477889947;18414;81124;18723;15097
1477890847;18438;81157;18580;15126
1477891747;18319;81577;18438;15083
1477892647;18557;81490;19008;15301
1477893547;18723;81303;19246;15431
1477894447;18580;80909;18794;15222
1477895347;18652;80869;19151;15285
1477896247;18771;81034;19222;15431
1477897147;18842;81385;19318;15562
1477898047;18913;81400;19318;15635
1477898947;18985;81416;19294;15707
1477899847;19032;81454;19341;15761
1477900747;19080;81604;19460;15834
1477901647;19008;81533;19222;15751
1477902547;19103;81665;19722;15868
1477903447;19793;81285;21772;16476
1477904347;20531;79755;39658;16924
1477905247;21032;78500;27751;17181
1477906147;21032;77645;41239;17021
1477907047;22034;75060;25065;17498
1477907947;22465;72614;24629;17424
1477908847;23881;69398;28493;18110
1477909747;24774;67557;29690;18558
1477910647;24460;66720;28221;18069
1477911547;25040;64158;30469;18027
1477912447;25817;60887;30824;17963
1477913347;25623;60640;30950;17717
1477914247;25501;61513;30268;17821
1477915147;26378;56654;32021;17382
1477916047;26475;57669;30874;17747
1477916947;26818;55935;32949;17596
1477917847;27063;54836;32639;17518
1477918747;27112;54717;31893;17530
1477919647;27530;52046;32510;17142
1477920547;27974;52298;35904;17627
1477921447;28841;48589;38143;17277
1477922347;29439;46095;38672;16998
1477923247;28841;49913;40343;17698
1477924147;29916;46153;-;17450
1477925047;29515;46235;-;17114
1477925947;29966;46028;-;17454
1477926847;30469;44447;41560;17359
1477927747;31128;42805;44165;17358
1477928647;31103;43266;41619;17505
1477929547;31331;41433;42238;17024
1477930447;31535;40589;42001;16880
1477931347;31765;40613;43073;17095
1477932247;31893;42393;44905;17893
1477933147;32227;41397;41619;17813
1477934047;31128;41910;36389;17023
1477934947;31637;41932;42179;17489
1477935847;30773;42964;36173;17097
1477936747;30343;42486;38616;16533
1477937647;30748;42796;39065;17012
1477938547;29515;43745;32949;16245
1477939447;29991;44424;38004;16918
1477940347;28692;45483;29640;16109
1477941247;29565;45555;36796;16926
1477942147;28245;47057;34071;16233
1477943047;27259;49290;27875;16049
1477943947;27358;50521;29640;16522
1477944847;26353;53504;26744;16479
1477945747;25355;58278;24629;16858
1477946647;24629;61894;24532;17091
1477947547;24002;63954;23400;16992
1477948447;23497;65861;22896;16954
1477949347;23208;67459;22920;17039
1477950247;22872;68145;22537;16869
1477951147;22561;69069;23569;16771
1477952047;22321;70325;-;16810
1477952947;21819;71554;40833;16583
1477953847;21413;72178;-;16320
1477954747;21056;72751;20484;16091
1477955647;20698;73813;23857;15958
1477956547;20341;74724;20055;15791
1477957447;20055;75758;19841;15714
1477958347;19793;76506;19318;15602
1477959247;19627;76985;19627;15530
1477960147;19460;77235;19674;15415
1477961047;19389;77703;19674;15432
1477961947;19294;78335;19603;15456
1477962847;19341;78543;19936;15541
1477963747;19318;78538;19865;15517
1477964647;19175;78903;19627;15444
1477965547;19127;79485;19746;15503
1477966447;18866;79542;18699;15258
1477967347;18794;80200;19603;15306
1477968247;18889;80417;20055;15438
1477969147;18937;80259;20174;15456
1477970047;18913;80170;20198;15417
1477970947;18937;80006;20317;15411
1477971847;18961;79759;20317;15390
1477972747;18985;79960;20388;15449
1477973647;18913;79636;20293;15321
1477974547;18747;79741;19888;15178
1477975447;18604;80215;19793;15123
1477976347;18485;80357;19627;15032
1477977247;18366;80583;19484;14956
1477978147;18461;80744;19841;15077
1477979047;18438;80683;19722;15043
1477979947;18414;80845;19770;15048
1477980847;18414;80957;19793;15068
1477981747;18366;80891;19746;15010
1477982647;18176;80849;19318;14816
1477983547;18105;81224;19389;14812
1477984447;18176;81295;19555;14894
1477985347;18224;81333;19603;14948
1477986247;18224;81417;19603;14962
1477987147;18033;81653;19199;14817
1477988047;18033;81764;19365;14836
1477988947;18176;81712;19698;14967
1477989847;18889;81646;21533;15655
1477990747;19365;80631;21652;15941
1477991647;19318;80621;21413;15893
1477992547;20793;78592;-;16966
1477993447;21390;74122;-;16688
1477994347;21485;73590;-;16674
1477995247;21628;73327;-;16760
1477996147;22369;71541;-;17110
1477997047;23400;68537;-;17461
1477997947;24219;66106;-;17699
1477998847;24412;64083;-;17412
1477999747;24581;63868;-;17522
1478000647;24944;60809;28593;17119
1478001547;24581;61519;27235;16953
1478002447;25162;59765;29265;17061
1478003347;25598;58967;29265;17266
1478004247;26573;54388;-;16935
1478005147;26622;53826;31153;16821
1478006047;26769;54321;31714;17098
1478006947;27235;51815;31586;16800
1478007847;27776;49774;-;16676
1478008747;27308;51123;-;16660
1478009647;27727;50121;-;16738
1478010547;28097;49687;-;16944
1478011447;27751;49514;-;16572
1478012347;28147;49275;-;16859
1478013247;29040;46764;-;16860
1478014147;28742;46532;-;16510
1478015047;29015;45979;-;16572
1478015947;29740;44231;-;16622
1478016847;29590;44148;-;16457
1478017747;29040;45427;33469;16406
1478018647;29115;44486;33678;16147
1478019547;29389;43993;37151;16221
1478020447;29840;42760;39234;16182
1478021347;29365;43366;34045;15973
1478022247;29215;44170;36851;16125
1478023147;29640;41945;37261;15699
1478024047;29490;44924;36335;16639
1478024947;28444;45323;34624;15829
1478025847;28891;44198;34916;15842
1478026747;28072;46158;33783;15775
1478027647;27875;46297;32898;15642
1478028547;27333;47203;34519;15448
1478029447;26720;50309;29590;15870
1478030347;25841;50481;-;15113
1478031247;24895;55873;30697;15785
1478032147;23954;57631;23400;15374
1478033047;23497;59321;23232;15380
1478033947;23112;63925;24050;16141
1478034847;22657;66135;-;16216
1478035747;22106;69134;-;16349
1478036647;21581;70423;-;16118
1478037547;21151;71252;-;15877
1478038447;21103;72964;36579;16180
1478039347;20722;72686;20817;15756
1478040247;20174;73826;28270;15453
1478041147;19817;74418;-;15224
1478042047;19603;74951;-;15119
1478042947;19389;75595;-;15036
1478043847;19175;76066;-;14917
1478044747;19008;76716;-;14878
1478045647;18913;77888;-;15003
1478046547;18723;78526;-;14935
1478047447;18533;78458;-;14737
1478048347;18390;79075;17843;14710
1478049247;18271;79695;17677;14705
1478050147;18129;79973;17701;14615
1478051047;18105;80499;18176;14685
1478051947;18057;80684;18533;14671
1478052847;18033;81013;18675;14705
1478053747;18033;81236;19056;14744
1478054647;18033;81431;19080;14778
1478055547;17986;81698;19246;14778
1478056447;18152;81707;19603;14943
1478057347;18010;81648;19318;14793
1478058247;17962;81915;19270;14792
1478059147;18010;82036;19436;14860
1478060047;17843;82166;19222;14719
1478060947;17867;82226;19413;14753
1478061847;17701;82162;19175;14578
1478062747;17677;82212;19175;14564
1478063647;17938;82131;19722;14806
1478064547;18081;82052;19793;14933
1478065447;18010;82036;19555;14860
1478066347;17938;82187;19532;14816
1478067247;18010;82313;19674;14908
1478068147;18081;82163;19888;14952
1478069047;18176;82045;34334;15025
1478069947;18200;81856;22250;15015
1478070847;18176;81851;22705;14991
1478071747;18271;81955;22944;15102
1478072647;18319;81994;23256;15156
1478073547;18390;81954;24219;15219
1478074447;18438;81909;23569;15257
1478075347;18580;81773;24146;15374
1478076247;19103;81135;25647;15774
1478077147;19651;80019;26793;16111
1478078047;20317;78152;28048;16420
1478078947;21413;74590;28866;16804
1478079847;22537;70925;27801;17143
1478080747;23569;64486;-;16706
1478081647;23256;65849;-;16723
1478082547;21772;69811;-;16172
1478083447;21724;71301;-;16439
1478084347;22178;68673;-;16319
1478085247;23280;65071;-;16567
1478086147;24460;60148;-;16497
1478087047;24847;57859;32150;16271
1478087947;24871;57987;31765;16327
1478088847;24702;58333;31179;16259
1478089747;25477;54798;33079;16031
1478090647;26304;53655;36039;16477
1478091547;27063;49296;35609;15871
1478092447;27407;48343;36308;15885
1478093347;28048;47162;-;16087
1478094247;28369;47591;-;16522
1478095147;28468;48089;-;16775
1478096047;29040;46373;-;16729
1478096947;29165;45016;-;16377
1478097847;29190;45804;-;16671
1478098747;29490;44169;-;16374
1478099647;29740;42617;-;16039
1478100547;29490;42556;-;15791
1478101447;29414;43602;-;16103
1478102347;29865;42334;-;16047
1478103247;29865;42466;-;16096
1478104147;30091;42689;-;16382
1478105047;30066;41230;-;15812
1478105947;29966;40820;-;15566
1478106847;30343;40661;-;15842
1478107747;30192;41177;-;15905
1478108647;30192;41840;-;16156
1478109547;29790;40070;-;15118
1478110447;29740;42187;-;15880
1478111347;29340;42473;-;15625
1478112247;29040;43822;-;15844
1478113147;28941;45644;-;16390
1478114047;28295;47322;-;16366
1478114947;27554;49038;-;16241
1478115847;26012;51363;-;15536
1478116747;25428;53343;-;15574
1478117647;24629;55553;28171;15449
1478118547;23689;58117;27235;15252
1478119447;23136;60001;27998;15213
1478120347;22729;60793;29315;15025
1478121247;22369;63529;26965;15342
1478122147;21772;67174;-;15602
1478123047;21533;68822;-;15732
1478123947;21175;70113;-;15663
1478124847;20865;71052;-;15560
1478125747;20746;73011;-;15844
1478126647;20555;73582;-;15774
1478127547;20531;74156;-;15864
1478128447;20317;74892;-;15800
1478129347;20055;75213;-;15609
1478130247;19793;75734;-;15455
1478131147;19722;76377;-;15508
1478132047;19865;76578;-;15685
1478132947;19722;76063;-;15448
1478133847;19627;76129;-;15368
1478134747;19579;76776;-;15444
1478135647;19555;77340;-;15527
1478136547;19532;77534;-;15540
1478137447;19460;77803;-;15520
1478138347;19508;77870;-;15579
1478139247;19436;77912;-;15517
1478140147;19389;78638;-;15605
1478141047;19341;79136;-;15649
1478141947;19318;79469;-;15686
1478142847;19413;79518;-;15788
1478143747;19460;79922;-;15907
1478144647;19484;80264;-;15992
1478145547;19532;80302;-;16045
1478146447;19508;80297;-;16021
1478147347;19460;80399;-;15993
1478148247;19460;80820;-;16068
1478149147;19484;80965;-;16117
1478150047;19508;81055;-;16156
1478150947;19508;80802;-;16111
1478151847;19294;80840;-;15909
1478152747;19270;81087;-;15929
1478153647;19127;81279;-;15823
1478154547;19127;81559;-;15872
1478155447;19175;81736;-;15950
1478156347;19080;81911;-;15887
1478157247;19246;82087;-;16081
1478158147;19365;81946;-;16173
1478159047;19484;82000;-;16299
1478159947;19318;82019;-;16139
1478160847;19246;81975;-;16062
1478161747;19246;81668;-;16008
1478162647;19246;81696;-;16013
1478163547;19389;81728;-;16158
1478164447;19912;81282;-;16593
1478165347;20436;79396;-;16765
1478166247;20555;78713;-;16756
1478167147;20865;78010;-;16927
1478168047;21199;77194;-;17099
1478168947;21533;76803;-;17349
1478169847;22011;76124;-;17683
1478170747;22154;75605;-;17721
1478171647;22298;76614;-;18056
1478172547;23713;72265;-;18556
1478173447;23785;71129;-;18388
1478174347;22944;73758;-;18119
1478175247;22848;74263;-;18128
1478176147;24195;71088;-;18773
1478177047;25283;66683;-;18846
1478177947;25137;67260;-;18838
1478178847;24557;68925;19698;18654
1478179747;24750;67553;22489;18534
1478180647;24847;66818;24750;18461
1478181547;24026;71617;21724;18722
1478182447;23665;73635;20222;18791
1478183347;24702;70173;28568;19065
1478184247;25065;68298;27949;19002
1478185147;25307;67591;28048;19075
1478186047;24388;70946;25525;18929
1478186947;23184;74533;22106;18508
1478187847;22441;76153;22321;18107
1478188747;23593;76125;27801;19219
1478189647;24653;69718;30824;18920
1478190547;25355;68110;29165;19238
1478191447;25404;65616;28419;18716
1478192347;25817;65140;28568;18998
1478193247;27038;62254;32407;19458
1478194147;27431;58407;33574;18840
1478195047;27505;58043;33001;18812
1478195947;26061;59379;23737;17807
1478196847;25089;61938;25137;17536
1478197747;25089;62764;25477;17738
1478198647;25210;63120;25186;17939
1478199547;25137;63322;22513;17919
1478200447;24774;64144;20174;17771
1478201347;24243;65779;24750;17647
1478202247;23689;67574;24050;17524
1478203147;23352;68916;23232;17497
1478204047;22824;70242;22298;17276
1478204947;22178;71358;21485;16888
1478205847;21915;72420;-;16853
1478206747;21604;72157;21008;16500
1478207647;21318;73818;20698;16558
1478208547;21175;74427;20698;16541
1478209447;20674;74992;19960;16166
1478210347;20269;76174;-;16001
1478211247;20031;77296;19318;15982
1478212147;19722;78056;18961;15822
1478213047;19460;78398;-;15630
1478213947;19270;78782;18604;15515
1478214847;19199;78654;18723;15422
1478215747;19008;79319;18390;15357
1478216647;18889;79800;18247;15328
1478217547;18889;80333;18390;15423
1478218447;18818;80429;18247;15370
1478219347;18699;80655;18010;15294
1478220247;18699;81047;18176;15363
1478221147;18842;81133;18271;15518
1478222047;18937;81350;18319;15649
1478222947;18889;81423;18200;15615
1478223847;18771;81592;18010;15529
1478224747;18794;81820;18033;15592
1478225647;18937;82130;18295;15786
1478226547;18937;82019;18343;15766
1478227447;18699;81744;17938;15485
1478228347;18461;81775;17605;15258
1478229247;18485;82225;17724;15359
1478230147;18699;82355;18057;15591
1478231047;18652;82261;17938;15528
1478231947;18485;82169;17677;15349
1478232847;18366;82393;17463;15271
1478233747;18271;82538;17391;15203
1478234647;18129;82672;17201;15086
1478235547;18033;82817;17130;15017
1478236447;17938;82879;16963;14934
1478237347;17986;83000;17130;15002
1478238247;17891;82951;16963;14900
1478239147;17915;83011;16939;14934
1478240047;17938;83127;16963;14977
1478240947;18105;83164;17201;15147
1478241847;18152;83175;17249;15195
1478242747;18366;83195;17653;15409
1478243647;18414;83123;17558;15443
1478244547;18438;83128;17558;15467
1478245447;18319;83157;17320;15356
1478246347;18247;83196;17225;15292
1478247247;18271;83285;17320;15331
1478248147;18628;83226;18414;15671
1478249047;18937;82741;18652;15891
1478249947;19294;82320;19365;16168
1478250847;19579;81518;20150;16308
1478251747;19698;81012;20174;16335
1478252647;20913;76935;22848;16771
1478253547;21318;75869;22585;16961
1478254447;21700;74270;22872;17018
1478255347;21939;73242;22705;17043
1478256247;22848;70659;24919;17387
1478257147;23497;67958;25040;17425
1478258047;24026;67095;27259;17739
1478258947;24774;63810;27998;17691
1478259847;24968;63080;27677;17700
1478260747;25744;60629;28816;17829
1478261647;25890;59786;29190;17752
1478262547;26769;55645;31561;17470
1478263447;27751;55882;33730;18452
1478264347;27702;54327;32330;17967
1478265247;28245;52080;33495;17813
1478266147;28766;50418;33835;17787
1478267047;29090;50009;35395;17957
1478267947;28568;49523;33079;17324
1478268847;28965;48734;35609;17438
1478269747;29490;47145;36715;17397
1478270647;30041;46037;38700;17525
1478271547;30318;44199;37838;17134
1478272447;30217;43529;36579;16802
1478273347;30697;44506;37728;17586
1478274247;29590;45263;33469;16848
1478275147;30217;44187;36742;17039
1478276047;31001;42194;37755;17016
1478276947;30646;43643;37535;17231
1478277847;30672;42224;36308;16731
1478278747;30545;42376;35716;16674
1478279647;29865;43653;29865;16529
1478280547;29215;44924;-;16390
1478281447;30142;43948;-;16885
1478282347;30571;43371;-;17063
1478283247;29865;43785;-;16576
1478284147;28816;46216;-;16472
1478285047;29690;44488;-;16668
1478285947;29240;45679;-;16674
1478286847;28394;46197;-;16081
1478287747;27998;47447;-;16136
1478288647;26769;54700;-;17206
1478289547;25598;57631;-;16915
1478290447;24412;60786;-;16612
1478291347;23400;62882;-;16167
1478292247;22681;64034;-;15756
1478293147;22106;65350;-;15513
1478294047;21676;66681;-;15402
1478294947;21342;68433;-;15465
1478295847;20889;68558;-;15058
1478296747;20674;71016;-;15369
1478297647;20484;72524;-;15493
1478298547;20293;73820;-;15567
1478299447;20055;74581;-;15486
1478300347;19841;75400;-;15437
1478301247;19651;76134;-;15392
1478302147;19389;76395;-;15188
1478303047;19270;77594;-;15296
1478303947;19151;78673;-;15379
1478304847;19008;79150;-;15327
1478305747;18818;79812;-;15260
1478306647;18652;79833;-;15101
1478307547;18509;80139;-;15016
1478308447;18414;80398;-;14969
1478309347;18319;80992;-;14981
1478310247;18343;81303;-;15059
1478311147;18271;81344;-;14996
1478312047;18461;81079;-;15136
1478312947;18604;81082;-;15276
1478313847;18818;81017;-;15474
1478314747;18913;80786;-;15526
1478315647;18913;80422;-;15462
1478316547;18842;79986;-;15314
1478317447;18913;80170;-;15417
1478318347;18747;80358;-;15288
1478319247;18747;80526;-;15318
1478320147;18699;80404;-;15249
1478321047;18604;80607;-;15192
1478321947;18414;80845;-;15048
1478322847;18438;81380;-;15165
1478323747;18343;81387;-;15073
1478324647;18438;81296;-;15151
1478325547;18485;81223;-;15184
1478326447;18509;81061;-;15179
1478327347;18509;81340;-;15228
1478328247;18366;81225;-;15068
1478329147;18414;81291;-;15127
1478330047;18295;81377;-;15025
1478330947;18295;81432;-;15035
1478331847;18200;81439;-;14943
1478332747;18057;81491;-;14812
1478333647;18057;81714;-;14851
1478334547;18224;81639;-;15001
1478335447;18533;80843;-;15164
1478336347;19508;79538;-;15885
1478337247;19341;79136;-;15649
1478338147;20317;75754;-;15967
1478339047;20603;75035;-;16105
1478339947;20841;73986;-;16130
1478340847;21676;70323;-;16189
1478341747;22321;68966;-;16520
1478342647;22800;68043;-;16778
1478343547;22872;67608;-;16751
1478344447;23088;65219;-;16418
1478345347;23833;63743;-;16782
1478346247;23737;63758;-;16694
1478347147;24605;61124;-;16878
1478348047;25525;57776;-;16885
1478348947;26182;55308;-;16830
1478349847;26573;56338;-;17479
1478350747;27481;50506;-;16630
1478351647;26989;53909;-;17186
1478352547;27481;51210;-;16845
1478353447;28766;48450;-;17164
1478354347;28369;50719;-;17514
1478355247;28023;50192;-;17033
1478356147;28891;49080;-;17480
1478357047;29015;47671;-;17138
1478357947;29540;46107;-;17093
1478358847;29240;46006;-;16786
1478359747;29966;45012;-;17102
1478360647;29840;45030;-;16995
1478361547;30950;44338;-;17755
1478362447;28742;46142;-;16379
1478363347;30041;42551;-;16286
1478364247;30142;43685;-;16790
1478365147;28345;45442;-;15780
1478366047;30091;42920;-;16467
1478366947;30621;43211;-;17051
1478367847;30646;42553;-;16831
1478368747;29040;44871;-;16214
1478369647;29590;44935;-;16734
1478370547;30217;44122;-;17015
1478371447;28816;46802;-;16668
1478372347;28841;46837;-;16703
1478373247;28345;48138;-;16677
1478374147;27063;50354;-;16199
1478375047;26329;52264;-;16096
1478375947;25768;55217;-;16419
1478376847;24484;58703;-;16151
1478377747;23737;60403;-;15879
1478378647;23112;62288;-;15751
1478379547;22753;62259;-;15404
1478380447;22465;63666;-;15465
1478381347;22274;66667;-;15969
1478382247;21987;69674;-;16350
1478383147;21294;72302;-;16230
1478384047;20793;72351;-;15757
1478384947;20341;73309;-;15512
1478385847;20055;74293;-;15430
1478386747;19841;74969;-;15354
1478387647;19722;75949;-;15426
1478388547;19579;76519;-;15396
1478389447;19555;76857;-;15436
1478390347;19484;77326;-;15455
1478391247;19318;77972;-;15413
1478392147;19127;78385;-;15303
1478393047;18961;78886;-;15232
1478393947;18794;79723;-;15221
1478394847;18675;80426;-;15230
1478395747;18675;80622;-;15265
1478396647;18723;80716;-;15328
1478397547;18723;80689;-;15323
1478398447;18723;80633;-;15313
1478399347;18747;80498;-;15313
1478400247;18747;80190;-;15258
1478401147;18818;80429;-;15370
1478402047;18794;80424;-;15346
1478402947;18771;80447;-;15327
1478403847;18771;80587;-;15352
1478404747;18699;80851;-;15329
1478405647;18675;80958;-;15324
1478406547;18628;81115;-;15305
1478407447;18509;81312;-;15223
1478408347;18533;81289;-;15243
1478409247;18533;81401;-;15262
1478410147;18390;81453;-;15132
1478411047;18438;81631;-;15209
1478411947;18390;81342;-;15112
1478412847;18105;81613;-;14880
1478413747;18010;82036;-;14860
1478414647;18081;82163;-;14952
1478415547;17962;82164;-;14835
1478416447;17915;82265;-;14806
1478417347;17962;82331;-;14864
1478418247;17938;82298;-;14835
1478419147;17701;82190;-;14583
1478420047;17653;82373;-;14568
1478420947;17772;82482;-;14703
1478421847;18105;82556;-;15043
1478422747;18485;81975;-;15316
1478423647;19080;81660;-;15843
1478424547;20317;77497;-;16298
1478425447;21079;74986;-;16558
1478426347;21581;72823;-;16612
1478427247;21533;71382;-;16272
1478428147;21223;71850;-;16069
1478429047;21533;71236;-;16241
1478429947;22705;68263;-;16734
1478430847;23521;65323;-;16854
1478431747;24122;65517;-;17472
1478432647;24243;62778;-;16940
1478433547;25016;61834;-;17442
1478434447;25890;57800;-;17233
1478435347;26012;58627;-;17566
1478436247;26867;55376;-;17486
1478437147;27751;55535;-;18355
1478438047;28444;50761;-;17596
1478438947;28023;52177;-;17637
1478439847;27875;54034;-;18044
1478440747;27998;51055;-;17275
1478441647;28394;49404;-;17127
1478442547;29565;48648;-;17959
1478443447;28742;48770;-;17244
