data_vaca;tbs;ur;tgn;tpo
10/15/16 11h59min7s;22.369;66.863;22.369;16.104
10/16/16 12h14min7s;22.321;67.093;22.321;16.110
10/16/16 12h29min7s;22.274;67.144;22.274;16.076
10/16/16 12h44min7s;22.202;67.340;22.202;16.050
10/16/16 12h59min7s;22.154;67.600;22.154;16.062
10/16/16 01h14min7s;22.130;67.922;22.130;16.110
10/16/16 01h29min7s;22.106;68.096;22.106;16.125
10/16/16 01h44min7s;22.082;68.181;22.058;16.120
10/16/16 01h59min7s;22.058;68.385;22.034;16.142
10/16/16 02h14min7s;22.034;68.677;22.034;16.182
10/16/16 02h29min7s;22.034;69.091;22.011;16.271
10/16/16 02h44min7s;21.987;69.290;22.011;16.268
10/16/16 02h59min7s;21.939;69.310;21.939;16.226
10/16/16 03h14min7s;21.819;69.348;21.843;16.120
10/16/16 03h29min7s;21.748;69.482;21.748;16.080
10/16/16 03h44min7s;21.724;69.684;21.724;16.100
10/16/16 03h59min7s;21.700;69.916;21.724;16.126
10/16/16 04h14min7s;21.700;70.151;21.724;16.176
10/16/16 04h29min7s;21.652;70.201;21.676;16.140
10/16/16 04h44min7s;21.581;70.276;21.581;16.087
10/16/16 04h59min7s;21.509;70.322;21.509;16.028
10/16/16 05h14min7s;21.437;70.455;21.437;15.987
10/16/16 05h29min7s;21.390;70.593;21.413;15.970
10/16/16 05h44min7s;21.390;70.681;21.390;15.988
10/16/16 05h59min7s;21.390;70.887;21.413;16.031
10/16/16 06h14min7s;21.461;71.047;21.461;16.133
10/16/16 06h29min7s;21.557;71.241;21.557;16.265
10/16/16 06h44min7s;21.724;71.301;21.700;16.439
10/16/16 06h59min7s;21.819;71.202;21.795;16.510
10/16/16 07h14min7s;21.891;71.098;21.891;16.558
10/16/16 07h29min7s;22.058;71.100;22.034;16.719
10/16/16 07h44min7s;22.321;70.973;22.298;16.946
10/16/16 07h59min7s;22.609;70.615;22.561;17.147
10/16/16 08h14min7s;22.896;70.048;22.848;17.303
10/16/16 08h29min7s;23.232;69.547;23.256;17.519
10/16/16 08h44min7s;23.448;68.814;23.424;17.567
10/16/16 08h59min7s;23.665;68.675;23.785;17.744
10/16/16 09h14min7s;24.026;67.604;24.146;17.853
10/16/16 09h29min7s;26.329;56.553;;17.309
10/16/16 09h44min7s;27.579;53.992;;17.757
10/16/16 09h59min7s;27.850;52.154;;17.470
10/16/16 10h14min7s;28.345;51.485;;17.726
10/16/16 10h29min7s;29.941;54.516;;20.102
10/16/16 10h44min7s;34.124;40.528;;19.169
10/16/16 10h59min7s;33.495;40.663;;18.662
10/16/16 11h14min7s;33.157;41.732;;18.776
10/16/16 11h29min7s;33.548;41.808;;19.155
10/16/16 11h44min7s;35.529;34.966;;18.020
10/16/16 11h59min7s;37.838;34.040;;19.599
10/16/16 12h14min7s;37.288;32.712;;18.466
10/16/16 12h29min7s;41.443;30.617;;20.951
10/16/16 12h44min7s;41.972;27.193;;19.409
10/16/16 12h59min7s;41.443;25.197;;17.691
10/16/16 01h14min7s;40.314;27.779;;18.364
10/16/16 01h29min7s;38.896;31.668;;19.323
10/16/16 01h44min7s;39.290;31.072;;19.348
10/16/16 01h59min7s;39.772;30.131;;19.251
10/16/16 02h14min7s;38.060;28.664;;16.965
10/16/16 02h29min7s;37.508;32.176;;18.386
10/16/16 02h44min7s;36.933;30.774;;17.161
10/16/16 02h59min7s;36.119;32.231;;17.212
10/16/16 03h14min7s;36.796;33.153;;18.259
10/16/16 03h29min7s;36.498;32.263;;17.556
10/16/16 03h44min7s;35.823;32.620;;17.150
10/16/16 03h59min7s;35.797;32.652;;17.143
10/16/16 04h14min7s;34.916;34.327;;17.186
10/16/16 04h29min7s;29.991;42.843;;16.348
10/16/16 04h44min7s;27.628;49.883;36.362;16.574
10/16/16 04h59min7s;26.036;51.843;29.340;15.701
10/16/16 05h14min7s;24.798;53.821;25.744;15.126
10/16/16 05h29min7s;23.569;55.959;24.532;14.570
10/16/16 05h44min7s;23.016;58.292;28.866;14.666
10/16/16 05h59min7s;22.537;61.098;24.702;14.919
10/16/16 06h14min7s;22.178;63.738;21.461;15.210
10/16/16 06h29min7s;21.795;65.656;20.889;15.286
10/16/16 06h44min7s;21.461;66.822;20.531;15.228
10/16/16 06h59min7s;21.103;68.419;19.912;15.234
10/16/16 07h14min7s;20.817;70.398;19.532;15.379
10/16/16 07h29min7s;20.507;72.064;19.246;15.423
10/16/16 07h44min7s;20.198;72.150;18.937;15.141
10/16/16 07h59min7s;20.007;73.099;18.818;15.148
10/16/16 08h14min7s;20.007;73.937;19.199;15.314
10/16/16 08h29min7s;20.055;73.976;19.413;15.367
10/16/16 08h44min7s;19.936;73.837;19.056;15.225
10/16/16 08h59min7s;19.865;74.600;19.175;15.305
10/16/16 09h14min7s;19.674;75.681;18.818;15.329
10/16/16 09h29min7s;19.318;76.295;18.200;15.099
10/16/16 09h44min7s;19.413;76.770;18.937;15.281
10/16/16 09h59min7s;19.294;76.490;18.628;15.113
10/16/16 10h14min7s;19.151;76.717;18.414;15.017
10/16/16 10h29min7s;19.127;76.797;18.485;15.009
10/16/16 10h44min7s;19.032;77.374;18.319;15.024
10/16/16 10h59min7s;18.937;77.525;18.295;14.959
10/16/16 11h14min7s;18.699;77.900;17.796;14.797
10/16/16 11h29min7s;18.461;78.527;17.415;14.680
10/16/16 11h44min7s;18.366;78.592;17.582;14.599
10/16/16 11h59min7s;18.390;78.850;17.891;14.669
10/17/16 12h14min7s;18.129;78.992;17.296;14.439
10/17/16 12h29min7s;17.986;79.494;18.057;14.390
10/17/16 12h44min7s;17.986;79.970;18.461;14.475
10/17/16 12h59min7s;18.081;80.186;18.509;14.606
10/17/16 01h14min7s;18.010;80.478;17.391;14.588
10/17/16 01h29min7s;17.796;80.655;17.011;14.410
10/17/16 01h44min7s;17.724;80.807;16.892;14.366
10/17/16 01h59min7s;17.558;81.049;16.677;14.246
10/17/16 02h14min7s;17.605;81.170;16.820;14.313
10/17/16 02h29min7s;17.463;81.361;16.630;14.207
10/17/16 02h44min7s;17.344;81.640;16.487;14.138
10/17/16 02h59min7s;17.225;81.752;16.368;14.041
10/17/16 03h14min7s;17.130;81.925;16.320;13.978
10/17/16 03h29min7s;17.320;82.161;16.654;14.205
10/17/16 03h44min7s;17.344;82.276;16.701;14.248
10/17/16 03h59min7s;17.486;82.363;16.963;14.403
10/17/16 04h14min7s;17.510;82.424;16.868;14.436
10/17/16 04h29min7s;17.510;82.479;16.963;14.446
10/17/16 04h44min7s;17.653;82.539;17.106;14.596
10/17/16 04h59min7s;17.510;82.535;16.749;14.455
10/17/16 05h14min7s;17.344;82.580;16.654;14.300
10/17/16 05h29min7s;17.510;82.645;18.390;14.474
10/17/16 05h44min7s;18.129;82.506;19.817;15.057
10/17/16 05h59min7s;18.794;82.265;22.729;15.669
10/17/16 06h14min7s;18.723;81.665;19.674;15.495
10/17/16 06h29min7s;19.103;81.442;21.581;15.828
10/17/16 06h44min7s;19.746;80.826;24.798;16.348
10/17/16 06h59min7s;20.936;77.768;27.431;16.952
10/17/16 07h14min7s;22.034;73.755;28.717;17.239
10/17/16 07h29min7s;22.920;69.460;29.916;17.201
10/17/16 07h44min7s;23.232;65.063;28.766;16.519
10/17/16 07h59min7s;23.857;63.231;30.798;16.684
10/17/16 08h14min7s;24.050;62.654;30.343;16.728
10/17/16 08h29min7s;24.532;60.221;30.697;16.584
10/17/16 08h44min7s;25.234;58.694;32.458;16.853
10/17/16 08h59min7s;25.890;55.549;33.157;16.624
10/17/16 09h14min7s;26.426;54.367;33.521;16.793
10/17/16 09h29min7s;26.842;53.952;34.150;17.061
10/17/16 09h44min7s;27.284;52.586;34.889;17.074
10/17/16 09h59min7s;27.727;50.890;36.173;16.975
10/17/16 10h14min7s;28.196;52.966;36.525;18.031
10/17/16 10h29min7s;28.369;52.416;37.563;18.028
10/17/16 10h44min7s;28.642;50.852;38.532;17.807
10/17/16 10h59min7s;28.941;49.700;38.004;17.722
10/17/16 11h14min7s;29.315;48.714;38.812;17.751
10/17/16 11h29min7s;29.265;47.605;38.644;17.344
10/17/16 11h44min7s;29.790;46.627;41.766;17.497
10/17/16 11h59min7s;30.369;44.698;39.743;17.357
10/17/16 12h14min7s;30.167;45.036;37.811;17.293
10/17/16 12h29min7s;30.874;43.240;42.297;17.289
10/17/16 12h44min7s;31.382;42.834;42.564;17.598
10/17/16 12h59min7s;31.586;41.528;42.624;17.289
10/17/16 01h14min7s;32.021;40.640;43.768;17.335
10/17/16 01h29min7s;31.586;40.861;40.978;17.032
10/17/16 01h44min7s;31.586;40.193;42.863;16.771
10/17/16 01h59min7s;32.304;38.961;44.658;16.915
10/17/16 02h14min7s;30.925;40.690;35.342;16.374
10/17/16 02h29min7s;30.773;41.206;38.087;16.437
10/17/16 02h44min7s;30.545;41.746;40.429;16.438
10/17/16 02h59min7s;30.167;41.970;34.045;16.182
10/17/16 03h14min7s;30.798;42.106;37.921;16.801
10/17/16 03h29min7s;30.217;43.100;33.600;16.646
10/17/16 03h44min7s;28.493;46.892;30.243;16.404
10/17/16 03h59min7s;29.941;46.515;36.308;17.597
10/17/16 04h14min7s;30.016;46.753;34.730;17.746
10/17/16 04h29min7s;29.140;48.335;32.330;17.469
10/17/16 04h44min7s;28.048;50.067;29.765;17.017
10/17/16 04h59min7s;26.646;53.830;26.940;16.844
10/17/16 05h14min7s;24.629;57.640;23.400;16.009
10/17/16 05h29min7s;23.761;60.928;22.585;16.033
10/17/16 05h44min7s;23.112;63.047;21.987;15.933
10/17/16 05h59min7s;22.633;64.539;21.604;15.828
10/17/16 06h14min7s;22.178;65.633;21.175;15.645
10/17/16 06h29min7s;21.748;66.664;20.698;15.466
10/17/16 06h44min7s;21.437;67.917;20.436;15.445
10/17/16 06h59min7s;21.079;69.006;20.031;15.337
10/17/16 07h14min7s;20.793;70.570;19.817;15.391
10/17/16 07h29min7s;20.460;72.142;19.460;15.393
10/17/16 07h44min7s;20.269;73.873;19.508;15.555
10/17/16 07h59min7s;20.269;74.191;19.698;15.617
10/17/16 08h14min7s;20.198;74.494;19.579;15.607
10/17/16 08h29min7s;20.126;74.940;19.532;15.625
10/17/16 08h44min7s;20.079;75.677;19.508;15.721
10/17/16 08h59min7s;20.007;75.319;19.508;15.583
10/17/16 09h14min7s;19.793;75.820;19.222;15.471
10/17/16 09h29min7s;19.746;76.211;19.246;15.499
10/17/16 09h44min7s;19.793;76.392;19.294;15.580
10/17/16 09h59min7s;19.508;76.619;18.699;15.345
10/17/16 10h14min7s;19.318;77.433;18.699;15.313
10/17/16 10h29min7s;19.460;77.775;19.056;15.515
10/17/16 10h44min7s;19.436;77.656;18.985;15.470
10/17/16 10h59min7s;19.389;77.675;18.913;15.427
10/17/16 11h14min7s;19.318;77.887;18.794;15.397
10/17/16 11h29min7s;19.365;78.152;18.937;15.492
10/17/16 11h44min7s;19.341;78.232;18.889;15.484
10/17/16 11h59min7s;19.127;78.442;18.461;15.314
10/18/16 12h14min7s;19.032;78.676;18.343;15.264
10/18/16 12h29min7s;19.032;79.127;18.580;15.346
10/18/16 12h44min7s;19.056;79.470;18.509;15.431
10/18/16 12h59min7s;19.103;79.592;18.699;15.499
10/18/16 01h14min7s;19.032;79.577;18.414;15.427
10/18/16 01h29min7s;18.747;79.685;17.938;15.168
10/18/16 01h44min7s;18.557;80.093;17.724;15.055
10/18/16 01h59min7s;18.414;80.426;17.582;14.974
10/18/16 02h14min7s;18.366;80.667;17.510;14.970
10/18/16 02h29min7s;18.366;80.779;17.653;14.990
10/18/16 02h44min7s;18.628;80.891;18.247;15.266
10/18/16 02h59min7s;18.580;80.965;17.938;15.232
10/18/16 03h14min7s;18.533;81.206;17.938;15.228
10/18/16 03h29min7s;18.414;81.375;17.796;15.141
10/18/16 03h44min7s;18.509;81.479;18.081;15.253
10/18/16 03h59min7s;18.604;81.583;18.224;15.364
10/18/16 04h14min7s;18.628;81.700;18.271;15.408
10/18/16 04h29min7s;18.628;81.784;18.271;15.422
10/18/16 04h44min7s;18.557;81.879;18.129;15.369
10/18/16 04h59min7s;18.461;81.969;18.057;15.291
10/18/16 05h14min7s;18.390;82.093;18.129;15.243
10/18/16 05h29min7s;18.414;82.181;18.247;15.281
10/18/16 05h44min7s;18.509;82.202;18.747;15.378
10/18/16 05h59min7s;18.628;82.145;19.080;15.485
10/18/16 06h14min7s;18.985;82.085;20.317;15.824
10/18/16 06h29min7s;19.436;81.738;21.246;16.207
10/18/16 06h44min7s;20.198;81.120;24.267;16.844
10/18/16 06h59min7s;20.531;80.010;25.065;16.970
10/18/16 07h14min7s;21.079;78.282;25.695;17.187
10/18/16 07h29min7s;21.795;76.225;26.475;17.493
10/18/16 07h44min7s;22.705;74.468;29.490;18.030
10/18/16 07h59min7s;23.857;70.758;31.433;18.379
10/18/16 08h14min7s;24.363;68.053;31.663;18.276
10/18/16 08h29min7s;25.065;66.434;32.536;18.581
10/18/16 08h44min7s;25.817;64.258;34.229;18.789
10/18/16 08h59min7s;26.451;62.712;34.995;19.015
10/18/16 09h14min7s;26.965;60.636;35.636;18.981
10/18/16 09h29min7s;27.235;58.315;35.850;18.631
10/18/16 09h44min7s;27.825;55.167;36.471;18.321
10/18/16 09h59min7s;28.295;54.917;37.261;18.687
10/18/16 10h14min7s;28.518;54.283;38.616;18.713
10/18/16 10h29min7s;29.040;52.923;39.177;18.800
10/18/16 10h44min7s;29.090;52.642;38.226;18.762
10/18/16 10h59min7s;29.615;51.045;39.375;18.762
10/18/16 11h14min7s;30.268;49.872;41.152;18.996
10/18/16 11h29min7s;31.357;43.427;45.499;17.793
10/18/16 11h44min7s;31.816;46.710;45.814;19.371
10/18/16 11h59min7s;31.612;44.843;42.893;18.534
10/18/16 12h14min7s;31.868;43.882;41.825;18.420
10/18/16 12h29min7s;30.798;45.143;42.505;17.903
10/18/16 12h44min7s;32.098;43.013;45.593;18.309
10/18/16 12h59min7s;32.562;40.497;45.908;17.762
10/18/16 01h14min7s;32.898;40.131;46.226;17.916
10/18/16 01h29min7s;32.381;39.942;42.149;17.380
10/18/16 01h44min7s;31.612;41.164;42.356;17.172
10/18/16 01h59min7s;32.124;40.150;40.688;17.233
10/18/16 02h14min7s;30.369;42.886;32.304;16.704
10/18/16 02h29min7s;29.439;43.999;31.408;16.268
10/18/16 02h44min7s;29.340;44.414;31.919;16.325
10/18/16 02h59min7s;29.790;44.237;37.673;16.670
10/18/16 03h14min7s;31.153;42.145;40.891;17.134
10/18/16 03h29min7s;31.331;41.998;39.800;17.239
10/18/16 03h44min7s;30.016;44.131;32.794;16.837
10/18/16 03h59min7s;30.066;46.138;35.636;17.583
10/18/16 04h14min7s;29.290;48.224;30.925;17.570
10/18/16 04h29min7s;27.677;52.608;27.456;17.445
10/18/16 04h44min7s;26.818;55.998;26.916;17.613
10/18/16 04h59min7s;26.280;58.450;25.963;17.771
10/18/16 05h14min7s;25.040;62.726;24.002;17.683
10/18/16 05h29min7s;24.315;64.340;23.256;17.381
10/18/16 05h44min7s;23.809;65.885;22.824;17.258
10/18/16 05h59min7s;23.472;66.907;22.585;17.168
10/18/16 06h14min7s;22.896;67.792;21.891;16.814
10/18/16 06h29min7s;22.393;69.038;21.318;16.604
10/18/16 06h44min7s;22.011;69.884;20.865;16.418
10/18/16 06h59min7s;21.724;71.243;20.817;16.427
10/18/16 07h14min7s;21.294;71.718;20.222;16.111
10/18/16 07h29min7s;20.913;72.345;19.960;15.871
10/18/16 07h44min7s;20.603;73.012;19.651;15.706
10/18/16 07h59min7s;20.341;73.685;19.436;15.587
10/18/16 08h14min7s;20.198;74.321;19.294;15.574
10/18/16 08h29min7s;20.079;75.017;19.222;15.594
10/18/16 08h44min7s;19.746;75.438;18.985;15.352
10/18/16 08h59min7s;19.532;75.824;18.842;15.218
10/18/16 09h14min7s;19.460;76.495;18.889;15.276
10/18/16 09h29min7s;19.341;76.670;18.794;15.193
10/18/16 09h44min7s;19.175;76.665;18.343;15.030
10/18/16 09h59min7s;18.866;77.198;17.938;14.829
10/18/16 10h14min7s;18.628;77.517;17.677;14.657
10/18/16 10h29min7s;18.485;78.166;17.605;14.637
10/18/16 10h44min7s;18.366;78.648;17.534;14.609
10/18/16 10h59min7s;18.271;78.853;17.463;14.553
10/18/16 11h14min7s;18.176;79.254;17.391;14.533
10/18/16 11h29min7s;18.033;79.477;17.177;14.433
10/18/16 11h44min7s;17.986;79.774;17.296;14.440
10/18/16 11h59min7s;18.200;79.904;17.867;14.672
10/19/16 12h14min7s;18.295;79.953;17.962;14.774
10/19/16 12h29min7s;18.343;79.823;17.915;14.797
10/19/16 12h44min7s;18.319;79.846;17.843;14.778
10/19/16 12h59min7s;18.319;79.958;17.938;14.798
10/19/16 01h14min7s;18.271;79.920;17.653;14.745
10/19/16 01h29min7s;18.105;80.024;17.415;14.601
10/19/16 01h44min7s;18.224;80.133;17.772;14.736
10/19/16 01h59min7s;18.295;80.205;17.867;14.819
10/19/16 02h14min7s;18.295;80.288;17.748;14.834
10/19/16 02h29min7s;18.129;80.448;17.368;14.699
10/19/16 02h44min7s;18.105;80.750;17.463;14.729
10/19/16 02h59min7s;18.200;81.022;17.724;14.870
10/19/16 03h14min7s;18.224;81.166;17.796;14.918
10/19/16 03h29min7s;18.010;81.286;17.344;14.730
10/19/16 03h44min7s;17.724;81.418;16.915;14.473
10/19/16 03h59min7s;17.629;81.675;16.939;14.424
10/19/16 04h14min7s;17.748;81.868;17.272;14.574
10/19/16 04h29min7s;17.796;81.989;17.296;14.642
10/19/16 04h44min7s;17.701;82.079;17.058;14.564
10/19/16 04h59min7s;17.629;82.174;17.058;14.510
10/19/16 05h14min7s;17.748;82.366;17.296;14.660
10/19/16 05h29min7s;17.962;82.441;17.582;14.883
10/19/16 05h44min7s;18.033;82.513;17.724;14.965
10/19/16 05h59min7s;18.200;82.522;18.295;15.130
10/19/16 06h14min7s;18.509;82.535;19.555;15.436
10/19/16 06h29min7s;19.008;82.368;21.963;15.897
10/19/16 06h44min7s;19.222;81.858;21.079;16.018
10/19/16 06h59min7s;19.960;81.153;24.798;16.616
10/19/16 07h14min7s;20.841;79.142;26.378;17.114
10/19/16 07h29min7s;21.843;75.600;28.965;17.419
10/19/16 07h44min7s;22.729;71.873;29.315;17.525
10/19/16 07h59min7s;23.593;69.019;30.697;17.750
10/19/16 08h14min7s;24.050;66.498;31.077;17.627
10/19/16 08h29min7s;24.653;65.396;32.124;17.950
10/19/16 08h44min7s;25.040;62.817;32.665;17.705
10/19/16 08h59min7s;25.550;61.337;33.209;17.823
10/19/16 09h14min7s;26.085;59.507;34.176;17.863
10/19/16 09h29min7s;26.500;57.954;34.704;17.846
10/19/16 09h44min7s;27.063;56.222;35.475;17.904
10/19/16 09h59min7s;27.677;54.671;36.769;18.043
10/19/16 10h14min7s;27.974;53.953;36.661;18.112
10/19/16 10h29min7s;28.642;51.557;38.504;18.022
10/19/16 10h44min7s;29.190;53.900;39.857;19.226
10/19/16 10h59min7s;29.715;51.090;41.766;18.868
10/19/16 11h14min7s;29.966;49.412;41.502;18.572
10/19/16 11h29min7s;30.167;48.595;41.065;18.493
10/19/16 11h44min7s;30.925;46.863;44.196;18.611
10/19/16 11h59min7s;31.510;45.589;44.812;18.704
10/19/16 12h14min7s;31.791;44.600;45.092;18.610
10/19/16 12h29min7s;31.868;44.147;44.073;18.516
10/19/16 12h44min7s;32.253;42.732;45.311;18.343
10/19/16 12h59min7s;31.586;42.326;43.799;17.592
10/19/16 01h14min7s;32.227;42.496;45.373;18.231
10/19/16 01h29min7s;31.484;43.077;38.032;17.779
10/19/16 01h44min7s;32.124;40.384;45.186;17.326
10/19/16 01h59min7s;32.355;40.241;42.327;17.476
10/19/16 02h14min7s;31.484;41.250;36.987;17.091
10/19/16 02h29min7s;30.722;42.694;34.387;16.951
10/19/16 02h44min7s;30.621;43.674;36.688;17.219
10/19/16 02h59min7s;30.016;43.605;33.157;16.648
10/19/16 03h14min7s;30.621;43.542;38.504;17.171
10/19/16 03h29min7s;30.217;43.825;32.562;16.909
10/19/16 03h44min7s;29.065;47.027;29.865;16.971
10/19/16 03h59min7s;28.692;49.119;29.615;17.310
10/19/16 04h14min7s;27.431;52.924;27.308;17.310
10/19/16 04h29min7s;26.744;56.175;26.451;17.594
10/19/16 04h44min7s;25.841;59.128;25.113;17.536
10/19/16 04h59min7s;25.137;60.933;24.291;17.333
10/19/16 05h14min7s;24.436;65.571;23.737;17.783
10/19/16 05h29min7s;23.857;65.562;22.848;17.230
10/19/16 05h44min7s;23.400;66.775;22.369;17.070
10/19/16 05h59min7s;23.064;67.404;22.154;16.889
10/19/16 06h14min7s;22.776;69.641;21.772;17.101
10/19/16 06h29min7s;22.250;71.283;21.175;16.942
10/19/16 06h44min7s;21.867;72.937;20.889;16.912
10/19/16 06h59min7s;21.557;73.691;20.603;16.764
10/19/16 07h14min7s;21.246;74.239;20.365;16.573
10/19/16 07h29min7s;21.103;74.760;20.317;16.537
10/19/16 07h44min7s;21.079;75.332;20.388;16.625
10/19/16 07h59min7s;21.032;75.984;20.388;16.705
10/19/16 08h14min7s;21.032;76.472;20.436;16.799
10/19/16 08h29min7s;20.889;77.016;20.317;16.763
10/19/16 08h44min7s;20.746;77.186;20.150;16.657
10/19/16 08h59min7s;20.579;77.495;20.055;16.552
10/19/16 09h14min7s;20.484;77.332;19.912;16.429
10/19/16 09h29min7s;20.269;77.488;19.651;16.250
10/19/16 09h44min7s;20.150;77.918;19.627;16.214
10/19/16 09h59min7s;20.031;77.751;19.294;16.067
10/19/16 10h14min7s;19.698;78.193;18.771;15.824
10/19/16 10h29min7s;19.365;78.972;18.461;15.642
10/19/16 10h44min7s;19.175;79.270;18.295;15.511
10/19/16 10h59min7s;19.127;79.429;18.295;15.493
10/19/16 11h14min7s;19.127;79.569;18.319;15.518
10/19/16 11h29min7s;19.222;79.674;18.580;15.630
10/19/16 11h44min7s;19.365;79.901;18.985;15.811
10/19/16 11h59min7s;19.341;79.896;18.818;15.786
10/20/16 12h14min7s;19.222;79.815;18.533;15.656
10/20/16 12h29min7s;19.103;79.986;18.580;15.570
10/20/16 12h44min7s;18.961;80.011;18.200;15.435
10/20/16 12h59min7s;18.675;80.343;17.819;15.215
10/20/16 01h14min7s;18.628;80.891;17.891;15.266
10/20/16 01h29min7s;18.723;81.219;18.271;15.417
10/20/16 01h44min7s;18.723;81.442;18.343;15.456
10/20/16 01h59min7s;18.319;81.493;17.629;15.069
10/20/16 02h14min7s;18.247;81.756;17.724;15.044
10/20/16 02h29min7s;17.986;81.948;17.272;14.821
10/20/16 02h44min7s;17.891;82.121;17.249;14.758
10/20/16 02h59min7s;17.962;82.303;17.510;14.859
10/20/16 03h14min7s;18.057;82.379;17.629;14.966
10/20/16 03h29min7s;18.081;82.468;17.677;15.004
10/20/16 03h44min7s;18.057;82.490;17.677;14.985
10/20/16 03h59min7s;18.081;82.495;17.701;15.009
10/20/16 04h14min7s;18.033;82.457;17.558;14.956
10/20/16 04h29min7s;18.057;82.490;17.582;14.985
10/20/16 04h44min7s;18.057;82.546;17.510;14.994
10/20/16 04h59min7s;17.986;82.613;17.439;14.936
10/20/16 05h14min7s;18.081;82.689;17.701;15.042
10/20/16 05h29min7s;18.152;82.733;17.891;15.120
10/20/16 05h44min7s;18.295;82.737;18.485;15.260
10/20/16 05h59min7s;18.628;82.672;19.413;15.576
10/20/16 06h14min7s;18.937;82.630;20.198;15.872
10/20/16 06h29min7s;19.460;82.440;22.417;16.353
10/20/16 06h44min7s;19.888;81.949;22.896;16.687
10/20/16 06h59min7s;20.103;81.240;23.497;16.772
10/20/16 07h14min7s;20.936;79.304;25.647;17.237
10/20/16 07h29min7s;21.390;77.347;26.598;17.313
10/20/16 07h44min7s;22.681;73.415;30.722;17.795
10/20/16 07h59min7s;23.256;71.178;30.293;17.889
10/20/16 08h14min7s;23.280;69.971;30.041;17.656
10/20/16 08h29min7s;24.171;67.300;33.235;17.923
10/20/16 08h44min7s;24.774;64.903;33.183;17.949
10/20/16 08h59min7s;25.016;63.454;31.179;17.836
10/20/16 09h14min7s;25.162;64.422;34.045;18.205
10/20/16 09h29min7s;26.085;60.157;34.836;18.030
10/20/16 09h44min7s;26.818;58.563;37.755;18.305
10/20/16 09h59min7s;26.207;55.877;32.355;17.010
10/20/16 10h14min7s;27.481;56.157;39.516;18.276
10/20/16 10h29min7s;27.333;53.989;33.443;17.528
10/20/16 10h44min7s;28.147;50.433;38.672;17.221
10/20/16 10h59min7s;29.365;49.593;42.684;18.078
10/20/16 11h14min7s;29.340;50.106;37.921;18.217
10/20/16 11h29min7s;29.790;49.195;45.217;18.342
10/20/16 11h44min7s;30.596;45.907;44.288;17.985
10/20/16 11h59min7s;29.715;47.791;34.730;17.817
10/20/16 12h14min7s;30.091;44.140;44.812;16.908
10/20/16 12h29min7s;31.230;42.850;45.877;17.466
10/20/16 12h44min7s;30.041;44.726;35.022;17.070
10/20/16 12h59min7s;30.798;44.287;44.688;17.600
10/20/16 01h14min7s;32.150;39.650;47.875;17.057
10/20/16 01h29min7s;32.898;36.388;49.140;16.351
10/20/16 01h44min7s;31.714;40.608;36.715;17.048
10/20/16 01h59min7s;29.815;43.219;32.691;16.327
10/20/16 02h14min7s;30.192;42.833;38.087;16.525
10/20/16 02h29min7s;30.419;40.936;42.505;16.016
10/20/16 02h44min7s;32.330;40.707;47.222;17.637
10/20/16 02h59min7s;31.970;37.346;43.982;15.945
10/20/16 03h14min7s;31.740;39.473;42.267;16.620
10/20/16 03h29min7s;32.150;36.079;43.223;15.557
10/20/16 03h44min7s;32.201;35.677;41.590;15.424
10/20/16 03h59min7s;32.898;35.030;41.531;15.744
10/20/16 04h14min7s;32.073;36.004;38.198;15.456
10/20/16 04h29min7s;31.842;38.040;37.425;16.124
10/20/16 04h44min7s;30.925;40.357;33.966;16.244
10/20/16 04h59min7s;29.265;45.682;29.790;16.698
10/20/16 05h14min7s;27.284;53.856;26.378;17.444
10/20/16 05h29min7s;25.793;58.407;24.508;17.302
10/20/16 05h44min7s;25.040;61.623;23.881;17.413
10/20/16 05h59min7s;24.146;65.461;23.016;17.482
10/20/16 06h14min7s;23.545;66.650;22.417;17.179
10/20/16 06h29min7s;22.992;68.017;21.891;16.956
10/20/16 06h44min7s;22.681;68.883;21.891;16.846
10/20/16 06h59min7s;22.489;70.209;21.795;16.946
10/20/16 07h14min7s;22.154;71.705;21.485;16.937
10/20/16 07h29min7s;21.987;72.609;21.413;16.961
10/20/16 07h44min7s;21.724;73.317;21.127;16.850
10/20/16 07h59min7s;21.413;74.040;20.865;16.695
10/20/16 08h14min7s;21.223;74.986;20.698;16.696
10/20/16 08h29min7s;21.103;75.423;20.484;16.666
10/20/16 08h44min7s;21.127;75.629;20.674;16.729
10/20/16 08h59min7s;21.079;76.051;20.627;16.764
10/20/16 09h14min7s;20.936;76.625;20.507;16.735
10/20/16 09h29min7s;20.793;77.025;20.365;16.672
10/20/16 09h44min7s;20.746;77.044;20.341;16.630
10/20/16 09h59min7s;20.674;77.372;20.293;16.622
10/20/16 10h14min7s;20.603;77.528;20.246;16.582
10/20/16 10h29min7s;20.507;77.879;20.103;16.555
10/20/16 10h44min7s;20.412;78.001;20.031;16.485
10/20/16 10h59min7s;20.293;78.431;19.912;16.448
10/20/16 11h14min7s;20.246;78.846;19.841;16.479
10/20/16 11h29min7s;20.246;79.129;19.912;16.531
10/20/16 11h44min7s;20.198;79.261;19.841;16.508
10/20/16 11h59min7s;20.222;79.322;19.841;16.543
10/21/16 12h14min7s;20.222;79.548;19.888;16.584
10/21/16 12h29min7s;20.198;79.713;19.817;16.590
10/21/16 12h44min7s;20.031;79.452;19.484;16.380
10/21/16 12h59min7s;19.674;79.658;18.889;16.069
10/21/16 01h14min7s;19.627;80.126;19.080;16.107
10/21/16 01h29min7s;19.555;80.476;18.961;16.100
10/21/16 01h44min7s;19.627;80.660;19.246;16.202
10/21/16 01h59min7s;19.627;80.884;19.246;16.242
10/21/16 02h14min7s;19.532;81.032;19.199;16.175
10/21/16 02h29min7s;19.460;80.988;19.151;16.098
10/21/16 02h44min7s;19.413;80.950;19.199;16.044
10/21/16 02h59min7s;19.460;80.904;19.222;16.083
10/21/16 03h14min7s;19.508;80.858;19.270;16.121
10/21/16 03h29min7s;19.508;80.774;19.246;16.106
10/21/16 03h44min7s;19.555;80.757;19.246;16.150
10/21/16 03h59min7s;19.555;80.757;19.294;16.150
10/21/16 04h14min7s;19.484;80.853;19.246;16.097
10/21/16 04h29min7s;19.175;81.402;18.557;15.891
10/21/16 04h44min7s;19.032;81.482;18.414;15.766
10/21/16 04h59min7s;18.985;81.527;18.366;15.727
10/21/16 05h14min7s;19.032;81.538;18.557;15.775
10/21/16 05h29min7s;19.175;81.569;18.961;15.921
10/21/16 05h44min7s;19.294;81.623;19.413;16.047
10/21/16 05h59min7s;19.508;81.614;19.984;16.255
10/21/16 06h14min7s;19.651;81.533;20.460;16.381
10/21/16 06h29min7s;19.841;81.323;20.793;16.530
10/21/16 06h44min7s;20.079;81.066;21.533;16.717
10/21/16 06h59min7s;20.317;80.527;22.178;16.854
10/21/16 07h14min7s;20.817;79.618;23.497;17.178
10/21/16 07h29min7s;21.151;78.838;23.689;17.360
10/21/16 07h44min7s;21.628;77.711;25.331;17.615
10/21/16 07h59min7s;22.776;76.192;29.790;18.440
10/21/16 08h14min7s;23.833;72.905;32.047;18.805
10/21/16 08h29min7s;24.388;69.342;31.868;18.583
10/21/16 08h44min7s;24.944;67.617;33.443;18.734
10/21/16 08h59min7s;26.085;66.006;35.877;19.455
10/21/16 09h14min7s;27.431;62.903;40.833;19.991
10/21/16 09h29min7s;27.677;61.028;38.840;19.753
10/21/16 09h44min7s;27.677;60.345;37.783;19.578
10/21/16 09h59min7s;28.369;53.499;37.398;18.348
10/21/16 10h14min7s;27.308;58.326;32.768;18.703
10/21/16 10h29min7s;28.444;57.117;40.978;19.440
10/21/16 10h44min7s;28.692;56.082;39.914;19.385
10/21/16 10h59min7s;29.815;52.677;45.311;19.444
10/21/16 11h14min7s;29.540;51.260;41.972;18.759
10/21/16 11h29min7s;30.520;50.196;44.442;19.330
10/21/16 11h44min7s;31.026;49.775;45.373;19.662
10/21/16 11h59min7s;31.816;45.131;;18.822
10/21/16 12h14min7s;31.893;45.404;43.254;18.987
10/21/16 12h29min7s;30.394;44.931;36.661;17.462
10/21/16 12h44min7s;31.281;45.134;;18.337
10/21/16 12h59min7s;32.433;44.410;;19.122
10/21/16 01h14min7s;32.691;44.572;48.271;19.414
10/21/16 01h29min7s;32.124;41.252;40.314;17.665
10/21/16 01h44min7s;32.073;40.479;44.968;17.317
10/21/16 01h59min7s;31.357;43.063;35.931;17.659
10/21/16 02h14min7s;31.663;42.832;41.298;17.850
10/21/16 02h29min7s;30.874;46.006;33.313;18.272
10/21/16 02h44min7s;29.365;50.271;30.545;18.291
10/21/16 02h59min7s;28.990;53.363;30.545;18.883
10/21/16 03h14min7s;29.115;53.794;33.783;19.126
10/21/16 03h29min7s;29.140;53.288;32.484;19.000
10/21/16 03h44min7s;28.543;55.554;31.740;19.099
10/21/16 03h59min7s;27.087;59.507;26.818;18.806
10/21/16 04h14min7s;26.182;61.531;25.647;18.469
10/21/16 04h29min7s;26.061;62.280;25.866;18.540
10/21/16 04h44min7s;25.768;62.906;25.331;18.417
10/21/16 04h59min7s;25.380;63.850;24.871;18.276
10/21/16 05h14min7s;24.968;64.935;24.339;18.141
10/21/16 05h29min7s;24.677;65.612;24.098;18.023
10/21/16 05h44min7s;24.291;66.901;23.665;17.949
10/21/16 05h59min7s;23.930;67.288;23.328;17.690
10/21/16 06h14min7s;23.545;67.847;22.992;17.447
10/21/16 06h29min7s;23.208;68.800;22.681;17.334
10/21/16 06h44min7s;22.753;69.578;22.178;17.065
10/21/16 06h59min7s;22.298;71.204;21.676;16.971
10/21/16 07h14min7s;22.058;71.511;21.557;16.805
10/21/16 07h29min7s;21.843;72.231;21.318;16.746
10/21/16 07h44min7s;21.652;73.012;21.127;16.720
10/21/16 07h59min7s;21.366;72.315;20.841;16.302
10/21/16 08h14min7s;20.936;72.291;20.341;15.883
10/21/16 08h29min7s;20.674;73.692;19.984;15.911
10/21/16 08h44min7s;20.484;74.810;19.770;15.946
10/21/16 08h59min7s;20.531;75.682;20.103;16.161
10/21/16 09h14min7s;20.460;76.413;19.912;16.232
10/21/16 09h29min7s;20.317;76.870;19.746;16.180
10/21/16 09h44min7s;20.222;77.278;19.674;16.164
10/21/16 09h59min7s;20.174;77.553;19.722;16.169
10/21/16 10h14min7s;20.222;77.649;19.817;16.233
10/21/16 10h29min7s;20.222;77.905;19.841;16.281
10/21/16 10h44min7s;20.174;78.065;19.865;16.265
10/21/16 10h59min7s;20.007;78.343;19.555;16.154
10/21/16 11h14min7s;19.888;78.799;19.389;16.122
10/21/16 11h29min7s;19.817;78.954;19.413;16.080
10/21/16 11h44min7s;19.674;78.924;19.175;15.935
10/21/16 11h59min7s;19.579;79.356;19.056;15.921
10/22/16 12h14min7s;19.555;79.745;19.127;15.968
10/22/16 12h29min7s;19.484;80.011;18.913;15.947
10/22/16 12h44min7s;19.413;80.108;18.842;15.894
10/22/16 12h59min7s;19.508;80.353;19.199;16.031
10/22/16 01h14min7s;19.579;80.425;19.222;16.114
10/22/16 01h29min7s;19.627;80.548;19.318;16.182
10/22/16 01h44min7s;19.698;80.619;19.389;16.265
10/22/16 01h59min7s;19.603;80.879;18.937;16.218
10/22/16 02h14min7s;19.508;81.362;18.913;16.211
10/22/16 02h29min7s;19.413;81.677;18.913;16.173
10/22/16 02h44min7s;19.389;81.979;18.889;16.202
10/22/16 02h59min7s;19.175;82.182;18.604;16.028
10/22/16 03h14min7s;19.175;82.266;18.675;16.042
10/22/16 03h29min7s;19.175;82.349;18.723;16.057
10/22/16 03h44min7s;19.103;82.500;18.628;16.013
10/22/16 03h59min7s;19.080;82.551;18.675;15.998
10/22/16 04h14min7s;18.961;82.580;18.485;15.887
10/22/16 04h29min7s;18.818;82.631;18.343;15.756
10/22/16 04h44min7s;18.747;82.699;18.319;15.697
10/22/16 04h59min7s;18.675;82.738;18.319;15.634
10/22/16 05h14min7s;18.723;82.804;18.414;15.692
10/22/16 05h29min7s;18.771;82.815;18.557;15.741
10/22/16 05h44min7s;18.842;82.831;18.913;15.813
10/22/16 05h59min7s;19.032;82.845;19.532;16.003
10/22/16 06h14min7s;19.318;82.798;20.746;16.275
10/22/16 06h29min7s;19.722;82.665;22.393;16.649
10/22/16 06h44min7s;20.460;82.354;25.040;17.318
10/22/16 06h59min7s;20.126;81.665;21.891;16.870
10/22/16 07h14min7s;20.412;81.279;23.088;17.082
10/22/16 07h29min7s;20.889;80.509;24.122;17.410
10/22/16 07h44min7s;21.103;78.998;24.219;17.344
10/22/16 07h59min7s;21.175;78.302;24.195;17.284
10/22/16 08h14min7s;22.154;77.189;28.369;18.027
10/22/16 08h29min7s;23.376;72.084;30.041;18.194
10/22/16 08h44min7s;24.436;68.873;30.545;18.527
10/22/16 08h59min7s;24.750;66.440;30.495;18.282
10/22/16 09h14min7s;24.944;65.295;30.545;18.202
10/22/16 09h29min7s;25.817;63.465;32.949;18.598
10/22/16 09h44min7s;26.012;62.609;33.548;18.575
10/22/16 09h59min7s;27.112;60.039;35.208;18.967
10/22/16 10h14min7s;26.842;60.059;32.768;18.718
10/22/16 10h29min7s;26.965;60.078;33.287;18.839
10/22/16 10h44min7s;28.072;56.873;39.886;19.026
10/22/16 10h59min7s;27.974;57.926;37.178;19.219
10/22/16 11h14min7s;27.653;56.466;33.287;18.522
10/22/16 11h29min7s;27.308;56.384;32.536;18.178
10/22/16 11h44min7s;29.065;52.958;40.487;18.833
10/22/16 11h59min7s;28.642;53.187;34.651;18.509
10/22/16 12h14min7s;28.048;53.518;32.975;18.055
10/22/16 12h29min7s;27.899;53.052;32.587;17.781
10/22/16 12h44min7s;28.468;52.397;35.770;18.114
10/22/16 12h59min7s;29.215;51.056;36.661;18.397
10/22/16 01h14min7s;29.190;50.570;35.128;18.224
10/22/16 01h29min7s;28.543;50.870;32.433;17.721
10/22/16 01h44min7s;29.065;51.646;36.119;18.439
10/22/16 01h59min7s;30.394;49.726;43.616;19.065
10/22/16 02h14min7s;30.293;48.675;42.060;18.635
10/22/16 02h29min7s;28.816;50.231;33.730;17.775
10/22/16 02h44min7s;30.520;49.191;44.905;19.010
10/22/16 02h59min7s;29.464;48.246;31.868;17.737
10/22/16 03h14min7s;29.240;49.642;38.756;17.979
10/22/16 03h29min7s;29.414;49.503;32.510;18.095
10/22/16 03h44min7s;28.147;50.658;29.065;17.290
10/22/16 03h59min7s;27.776;51.792;29.215;17.293
10/22/16 04h14min7s;28.394;52.802;32.846;18.166
10/22/16 04h29min7s;27.112;55.285;27.186;17.690
10/22/16 04h44min7s;26.207;57.723;26.036;17.510
10/22/16 04h59min7s;25.768;59.798;25.380;17.640
10/22/16 05h14min7s;25.307;60.744;24.847;17.446
10/22/16 05h29min7s;24.484;65.186;23.472;17.740
10/22/16 05h44min7s;23.617;67.532;22.585;17.446
10/22/16 05h59min7s;23.088;68.838;22.202;17.227
10/22/16 06h14min7s;22.800;70.591;21.939;17.327
10/22/16 06h29min7s;22.226;71.895;21.461;17.045
10/22/16 06h44min7s;21.652;73.244;20.817;16.767
10/22/16 06h59min7s;21.318;74.513;20.531;16.696
10/22/16 07h14min7s;21.127;74.822;20.484;16.572
10/22/16 07h29min7s;20.960;75.049;20.341;16.455
10/22/16 07h44min7s;20.698;75.543;20.055;16.296
10/22/16 07h59min7s;20.603;76.328;20.055;16.354
10/22/16 08h14min7s;20.341;76.703;19.508;16.171
10/22/16 08h29min7s;20.174;77.496;19.389;16.159
10/22/16 08h44min7s;20.031;77.609;19.318;16.041
10/22/16 08h59min7s;19.865;77.603;19.151;15.877
10/22/16 09h14min7s;20.007;77.889;19.698;16.069
10/22/16 09h29min7s;20.103;77.937;19.817;16.171
10/22/16 09h44min7s;20.103;78.249;19.793;16.229
10/22/16 09h59min7s;20.055;78.580;19.603;16.244
10/22/16 10h14min7s;20.055;78.750;19.746;16.275
10/22/16 10h29min7s;19.984;79.102;19.365;16.270
10/22/16 10h44min7s;19.936;79.460;19.627;16.289
10/22/16 10h59min7s;19.912;79.398;19.579;16.254
10/22/16 11h14min7s;19.817;79.632;19.246;16.204
10/22/16 11h29min7s;19.674;80.277;19.080;16.180
10/22/16 11h44min7s;19.365;80.603;18.628;15.936
10/22/16 11h59min7s;19.341;80.878;18.747;15.962
10/23/16 12h14min7s;19.151;80.921;18.319;15.783
10/23/16 12h29min7s;18.771;81.034;18.057;15.431
10/23/16 12h44min7s;18.699;81.214;18.129;15.392
10/23/16 12h59min7s;18.533;81.317;17.772;15.248
10/23/16 01h14min7s;18.247;81.450;17.391;14.991
10/23/16 01h29min7s;18.105;81.557;17.391;14.870
10/23/16 01h44min7s;18.057;81.603;17.344;14.831
10/23/16 01h59min7s;17.915;81.738;17.201;14.715
10/23/16 02h14min7s;17.819;81.856;17.130;14.642
10/23/16 02h29min7s;17.796;81.961;17.082;14.637
10/23/16 02h44min7s;17.748;82.062;17.153;14.608
10/23/16 02h59min7s;17.843;82.138;17.344;14.714
10/23/16 03h14min7s;17.986;82.197;17.534;14.864
10/23/16 03h29min7s;18.010;82.230;17.558;14.893
10/23/16 03h44min7s;17.938;82.353;17.368;14.844
10/23/16 03h59min7s;17.891;82.453;17.368;14.815
10/23/16 04h14min7s;17.748;82.587;17.130;14.698
10/23/16 04h29min7s;17.772;82.703;17.249;14.741
10/23/16 04h44min7s;17.701;82.770;17.082;14.682
10/23/16 04h59min7s;17.582;82.827;16.987;14.575
10/23/16 05h14min7s;17.605;82.887;17.177;14.609
10/23/16 05h29min7s;17.843;82.913;18.366;14.847
10/23/16 05h44min7s;18.129;82.921;18.652;15.128
10/23/16 05h59min7s;18.699;82.910;20.841;15.687
10/23/16 06h14min7s;19.175;82.572;20.984;16.096
10/23/16 06h29min7s;19.389;82.118;21.342;16.227
10/23/16 06h44min7s;20.507;81.271;25.598;17.174
10/23/16 06h59min7s;21.270;77.751;26.353;17.274
10/23/16 07h14min7s;22.417;75.194;28.692;17.896
10/23/16 07h29min7s;23.064;70.877;29.090;17.641
10/23/16 07h44min7s;23.905;67.583;30.950;17.733
10/23/16 07h59min7s;23.978;65.613;30.369;17.356
10/23/16 08h14min7s;24.508;63.552;30.748;17.378
10/23/16 08h29min7s;25.113;63.196;31.714;17.866
10/23/16 08h44min7s;25.720;60.686;32.665;17.820
10/23/16 08h59min7s;25.866;59.411;32.458;17.632
10/23/16 09h14min7s;26.720;58.143;34.519;18.102
10/23/16 09h29min7s;26.989;56.588;34.598;17.936
10/23/16 09h44min7s;27.259;55.243;35.208;17.815
10/23/16 09h59min7s;28.196;51.561;35.958;17.612
10/23/16 10h14min7s;28.245;49.803;36.933;17.116
10/23/16 10h29min7s;28.667;48.696;37.315;17.152
10/23/16 10h44min7s;29.490;43.281;39.403;16.055
10/23/16 10h59min7s;29.991;43.008;41.854;16.408
10/23/16 11h14min7s;30.041;41.956;39.516;16.064
10/23/16 11h29min7s;30.469;41.605;41.414;16.317
10/23/16 11h44min7s;31.077;43.527;41.590;17.577
10/23/16 11h59min7s;30.596;44.429;39.177;17.467
10/23/16 12h14min7s;29.740;50.610;38.980;18.743
10/23/16 12h29min7s;29.565;51.745;39.743;18.931
10/23/16 12h44min7s;29.464;52.661;41.239;19.115
10/23/16 12h59min7s;28.543;54.064;35.395;18.673
10/23/16 01h14min7s;29.290;51.836;40.314;18.705
10/23/16 01h29min7s;29.615;50.851;41.678;18.702
10/23/16 01h44min7s;28.692;53.194;32.458;18.557
10/23/16 01h59min7s;27.235;57.408;32.073;18.388
10/23/16 02h14min7s;28.866;54.396;33.287;19.069
10/23/16 02h29min7s;28.097;54.794;31.510;18.468
10/23/16 02h44min7s;29.040;52.507;33.992;18.676
10/23/16 02h59min7s;26.646;61.327;27.924;18.856
10/23/16 03h14min7s;25.283;65.323;26.182;18.532
10/23/16 03h29min7s;23.954;70.776;24.581;18.475
10/23/16 03h44min7s;23.280;69.200;23.761;17.490
10/23/16 03h59min7s;22.633;67.804;22.058;16.565
10/23/16 04h14min7s;21.891;70.010;20.246;16.329
10/23/16 04h29min7s;20.865;73.266;19.341;16.010
10/23/16 04h44min7s;20.627;74.290;19.294;15.983
10/23/16 04h59min7s;20.460;76.155;19.460;16.183
10/23/16 05h14min7s;20.579;77.495;19.770;16.552
10/23/16 05h29min7s;20.460;78.068;19.627;16.544
10/23/16 05h44min7s;20.198;78.184;19.555;16.310
10/23/16 05h59min7s;20.103;78.590;19.222;16.292
10/23/16 06h14min7s;20.055;79.598;19.294;16.430
10/23/16 06h29min7s;19.984;80.118;19.294;16.454
10/23/16 06h44min7s;19.888;80.463;19.222;16.423
10/23/16 06h59min7s;19.722;80.905;19.151;16.339
10/23/16 07h14min7s;19.674;81.035;19.175;16.316
10/23/16 07h29min7s;19.746;80.938;19.246;16.368
10/23/16 07h44min7s;19.722;80.961;19.270;16.349
10/23/16 07h59min7s;19.698;81.292;19.294;16.385
10/23/16 08h14min7s;19.746;81.582;19.365;16.482
10/23/16 08h29min7s;19.770;81.587;19.389;16.507
10/23/16 08h44min7s;19.746;81.610;19.413;16.487
10/23/16 08h59min7s;19.770;81.559;19.484;16.502
10/23/16 09h14min7s;19.770;81.643;19.436;16.517
10/23/16 09h29min7s;19.722;81.717;19.365;16.483
10/23/16 09h44min7s;19.698;81.739;19.318;16.464
10/23/16 09h59min7s;19.722;81.856;19.389;16.507
10/23/16 10h14min7s;19.627;81.891;19.318;16.420
10/23/16 10h29min7s;19.603;81.942;19.318;16.406
10/23/16 10h44min7s;19.508;81.977;19.246;16.319
10/23/16 10h59min7s;19.270;81.925;18.866;16.076
10/23/16 11h14min7s;19.127;82.033;18.818;15.955
10/23/16 11h29min7s;19.080;82.078;18.818;15.916
10/23/16 11h44min7s;18.985;82.140;18.604;15.834
10/23/16 11h59min7s;18.961;82.219;18.628;15.824
10/24/16 12h14min7s;18.889;82.258;18.438;15.761
10/24/16 12h29min7s;18.913;82.347;18.699;15.800
10/24/16 12h44min7s;19.008;82.340;18.794;15.892
10/24/16 12h59min7s;18.937;82.352;18.723;15.824
10/24/16 01h14min7s;18.937;82.352;18.794;15.824
10/24/16 01h29min7s;18.937;82.297;18.771;15.815
10/24/16 01h44min7s;18.794;82.265;18.628;15.669
10/24/16 01h59min7s;18.628;82.284;18.200;15.509
10/24/16 02h14min7s;18.295;82.432;17.605;15.208
10/24/16 02h29min7s;18.152;82.594;17.605;15.096
10/24/16 02h44min7s;18.010;82.673;17.463;14.969
10/24/16 02h59min7s;17.867;82.807;17.368;14.852
10/24/16 03h14min7s;17.867;82.918;17.415;14.871
10/24/16 03h29min7s;17.796;82.985;17.344;14.812
10/24/16 03h44min7s;17.677;83.041;17.130;14.705
10/24/16 03h59min7s;17.629;83.141;17.130;14.675
10/24/16 04h14min7s;17.629;83.223;17.225;14.689
10/24/16 04h29min7s;17.582;83.295;17.106;14.655
10/24/16 04h44min7s;17.510;83.362;17.011;14.596
10/24/16 04h59min7s;17.415;83.423;16.868;14.513
10/24/16 05h14min7s;17.415;83.478;16.987;14.522
10/24/16 05h29min7s;17.486;83.466;17.296;14.590
10/24/16 05h44min7s;17.701;83.432;17.677;14.795
10/24/16 05h59min7s;17.986;83.358;18.319;15.063
10/24/16 06h14min7s;18.485;83.194;20.507;15.525
10/24/16 06h29min7s;18.866;82.919;21.867;15.852
10/24/16 06h44min7s;19.246;82.448;21.676;16.144
10/24/16 06h59min7s;19.555;82.099;21.652;16.387
10/24/16 07h14min7s;20.484;81.351;24.508;17.164
10/24/16 07h29min7s;20.841;80.132;24.581;17.295
10/24/16 07h44min7s;22.011;78.047;28.717;18.051
10/24/16 07h59min7s;22.537;74.986;26.989;17.971
10/24/16 08h14min7s;22.513;72.418;26.500;17.430
10/24/16 08h29min7s;23.328;70.955;30.142;17.911
10/24/16 08h44min7s;24.557;67.968;32.175;18.442
10/24/16 08h59min7s;24.871;65.252;31.026;18.123
10/24/16 09h14min7s;25.477;62.369;32.639;18.009
10/24/16 09h29min7s;25.331;61.332;30.849;17.616
10/24/16 09h44min7s;25.258;60.675;29.565;17.382
10/24/16 09h59min7s;25.963;59.953;33.678;17.863
10/24/16 10h14min7s;27.136;55.981;35.823;17.906
10/24/16 10h29min7s;27.431;55.015;35.049;17.911
10/24/16 10h44min7s;27.530;54.207;34.071;17.773
10/24/16 10h59min7s;27.554;52.846;35.502;17.401
10/24/16 11h14min7s;28.196;50.247;35.931;17.209
10/24/16 11h29min7s;28.841;49.429;38.952;17.545
10/24/16 11h44min7s;28.692;49.507;36.308;17.433
10/24/16 11h59min7s;28.593;48.266;35.102;16.946
10/24/16 12h14min7s;28.667;48.664;33.652;17.142
10/24/16 12h29min7s;29.540;46.042;38.421;17.071
10/24/16 12h44min7s;28.617;46.387;32.278;16.348
10/24/16 12h59min7s;30.469;44.513;41.414;17.382
10/24/16 01h14min7s;30.596;44.264;39.971;17.408
10/24/16 01h29min7s;31.535;41.056;42.238;17.062
10/24/16 01h44min7s;30.217;41.843;34.624;16.180
10/24/16 01h59min7s;29.290;45.064;31.663;16.507
10/24/16 02h14min7s;30.646;42.983;40.028;16.990
10/24/16 02h29min7s;30.520;41.743;35.288;16.414
10/24/16 02h44min7s;30.243;44.749;36.498;17.261
10/24/16 02h59min7s;29.740;44.559;33.079;16.738
10/24/16 03h14min7s;29.190;45.771;32.201;16.660
10/24/16 03h29min7s;29.190;46.815;31.714;17.013
10/24/16 03h44min7s;29.389;47.880;33.730;17.549
10/24/16 03h59min7s;28.543;48.519;29.790;16.982
10/24/16 04h14min7s;28.048;49.262;29.890;16.765
10/24/16 04h29min7s;27.186;50.210;27.702;16.268
10/24/16 04h44min7s;26.304;51.371;26.622;15.808
10/24/16 04h59min7s;25.963;52.595;26.793;15.854
10/24/16 05h14min7s;25.040;54.013;24.315;15.405
10/24/16 05h29min7s;24.171;56.701;23.136;15.331
10/24/16 05h44min7s;23.617;58.723;22.729;15.341
10/24/16 05h59min7s;23.160;60.587;22.178;15.381
10/24/16 06h14min7s;22.729;63.498;21.748;15.676
10/24/16 06h29min7s;22.321;64.847;21.270;15.603
10/24/16 06h44min7s;21.963;66.194;20.889;15.567
10/24/16 06h59min7s;21.604;67.531;20.531;15.521
10/24/16 07h14min7s;21.270;68.272;20.198;15.362
10/24/16 07h29min7s;21.008;69.582;20.031;15.390
10/24/16 07h44min7s;20.722;70.644;19.674;15.338
10/24/16 07h59min7s;20.436;72.166;19.484;15.375
10/24/16 08h14min7s;20.341;73.164;19.579;15.483
10/24/16 08h29min7s;20.317;73.304;19.627;15.488
10/24/16 08h44min7s;20.031;74.317;19.032;15.411
10/24/16 08h59min7s;19.817;75.108;18.818;15.358
10/24/16 09h14min7s;19.484;75.815;18.414;15.170
10/24/16 09h29min7s;19.151;76.318;18.129;14.942
10/24/16 09h44min7s;19.008;76.744;18.081;14.883
10/24/16 09h59min7s;18.961;77.331;18.176;14.947
10/24/16 10h14min7s;18.913;77.548;18.105;14.940
10/24/16 10h29min7s;18.509;77.606;17.605;14.557
10/24/16 10h44min7s;18.438;78.128;17.843;14.584
10/24/16 10h59min7s;18.533;78.232;18.057;14.696
10/24/16 11h14min7s;18.485;78.166;17.867;14.637
10/24/16 11h29min7s;18.509;78.284;17.867;14.682
10/24/16 11h44min7s;18.414;78.433;17.629;14.616
10/24/16 11h59min7s;18.295;78.943;17.439;14.593
10/25/16 12h14min7s;18.176;79.395;17.320;14.558
10/25/16 12h29min7s;18.105;79.716;17.272;14.546
10/25/16 12h44min7s;18.033;80.092;17.201;14.543
10/25/16 12h59min7s;18.057;80.293;17.249;14.602
10/25/16 01h14min7s;17.986;80.696;17.130;14.603
10/25/16 01h29min7s;17.962;80.914;17.177;14.618
10/25/16 01h44min7s;18.033;81.208;17.391;14.739
10/25/16 01h59min7s;18.010;81.314;17.296;14.735
10/25/16 02h14min7s;17.891;81.399;17.201;14.633
10/25/16 02h29min7s;18.081;81.580;17.653;14.851
10/25/16 02h44min7s;18.081;81.469;17.510;14.831
10/25/16 02h59min7s;17.986;81.643;17.391;14.768
10/25/16 03h14min7s;18.010;81.731;17.463;14.807
10/25/16 03h29min7s;17.867;81.811;17.225;14.681
10/25/16 03h44min7s;17.843;81.889;17.320;14.671
10/25/16 03h59min7s;17.938;81.993;17.534;14.782
10/25/16 04h14min7s;17.986;82.003;17.582;14.831
10/25/16 04h29min7s;18.081;82.108;17.724;14.942
10/25/16 04h44min7s;18.247;82.144;18.010;15.112
10/25/16 04h59min7s;18.366;82.171;18.057;15.233
10/25/16 05h14min7s;18.485;82.141;18.152;15.344
10/25/16 05h29min7s;18.557;82.129;18.343;15.412
10/25/16 05h44min7s;18.652;82.150;18.390;15.509
10/25/16 05h59min7s;18.628;82.173;18.366;15.490
10/25/16 06h14min7s;18.747;82.171;19.175;15.606
10/25/16 06h29min7s;18.985;82.057;19.698;15.819
10/25/16 06h44min7s;19.056;81.961;19.389;15.873
10/25/16 06h59min7s;19.318;81.712;19.888;16.086
10/25/16 07h14min7s;19.865;81.412;21.987;16.569
10/25/16 07h29min7s;21.533;79.940;26.744;17.936
10/25/16 07h44min7s;21.390;77.347;23.064;17.313
10/25/16 07h59min7s;20.770;79.127;21.223;17.041
10/25/16 08h14min7s;20.817;79.052;22.609;17.074
10/25/16 08h29min7s;21.318;78.645;23.160;17.487
10/25/16 08h44min7s;21.079;78.823;21.008;17.288
10/25/16 08h59min7s;21.223;79.987;23.184;17.642
10/25/16 09h14min7s;21.103;79.934;21.963;17.515
10/25/16 09h29min7s;20.793;80.179;22.154;17.257
10/25/16 09h44min7s;20.841;80.556;22.657;17.372
10/25/16 09h59min7s;21.939;79.572;26.965;18.265
10/25/16 10h14min7s;23.641;75.670;30.041;19.176
10/25/16 10h29min7s;24.532;67.334;30.142;18.277
10/25/16 10h44min7s;25.647;65.051;32.381;18.815
10/25/16 10h59min7s;26.965;61.810;32.820;19.278
10/25/16 11h14min7s;25.695;63.963;28.444;18.603
10/25/16 11h29min7s;26.598;62.551;32.587;19.115
10/25/16 11h44min7s;27.210;60.303;32.872;19.127
10/25/16 11h59min7s;26.965;60.512;31.893;18.950
10/25/16 12h14min7s;27.308;58.232;32.665;18.678
10/25/16 12h29min7s;28.841;57.868;38.087;20.016
10/25/16 12h44min7s;29.515;54.169;36.552;19.606
10/25/16 12h59min7s;30.041;52.932;35.985;19.729
10/25/16 01h14min7s;29.464;53.939;35.770;19.492
10/25/16 01h29min7s;28.791;54.322;31.382;18.978
10/25/16 01h44min7s;27.949;55.847;30.419;18.627
10/25/16 01h59min7s;28.617;54.742;31.484;18.937
10/25/16 02h14min7s;29.365;52.935;34.572;19.104
10/25/16 02h29min7s;27.382;56.834;27.727;18.370
10/25/16 02h44min7s;26.818;58.220;28.444;18.215
10/25/16 02h59min7s;27.333;57.235;29.315;18.433
10/25/16 03h14min7s;26.158;60.478;26.256;18.181
10/25/16 03h29min7s;25.404;61.989;25.841;17.847
10/25/16 03h44min7s;25.283;63.040;25.841;17.989
10/25/16 03h59min7s;25.453;63.099;26.012;18.164
10/25/16 04h14min7s;24.774;66.052;24.605;18.216
10/25/16 04h29min7s;24.195;68.023;24.098;18.108
10/25/16 04h44min7s;23.593;68.959;23.232;17.737
10/25/16 04h59min7s;23.352;70.280;23.088;17.791
10/25/16 05h14min7s;22.896;71.434;22.345;17.596
10/25/16 05h29min7s;22.034;73.668;20.698;17.221
10/25/16 05h44min7s;21.676;75.191;20.698;17.176
10/25/16 05h59min7s;21.366;76.310;20.627;17.092
10/25/16 06h14min7s;21.223;76.712;20.603;17.030
10/25/16 06h29min7s;20.960;77.887;20.198;16.997
10/25/16 06h44min7s;20.722;78.208;20.007;16.825
10/25/16 06h59min7s;20.603;78.581;19.960;16.778
10/25/16 07h14min7s;20.460;78.891;19.817;16.696
10/25/16 07h29min7s;20.412;79.476;19.960;16.757
10/25/16 07h44min7s;20.436;79.255;19.936;16.739
10/25/16 07h59min7s;20.174;79.143;19.579;16.463
10/25/16 08h14min7s;19.841;79.524;19.175;16.207
10/25/16 08h29min7s;19.603;80.233;18.985;16.103
10/25/16 08h44min7s;19.484;80.517;18.818;16.037
10/25/16 08h59min7s;19.579;80.902;19.222;16.199
10/25/16 09h14min7s;19.555;80.785;19.151;16.155
10/25/16 09h29min7s;19.318;80.789;18.699;15.923
10/25/16 09h44min7s;19.270;81.031;18.771;15.919
10/25/16 09h59min7s;19.294;81.092;18.842;15.953
10/25/16 10h14min7s;19.222;81.244;18.652;15.910
10/25/16 10h29min7s;19.080;81.409;18.509;15.799
10/25/16 10h44min7s;18.913;81.623;18.295;15.674
10/25/16 10h59min7s;18.866;81.780;18.319;15.655
10/25/16 11h14min7s;18.747;81.893;18.105;15.558
10/25/16 11h29min7s;18.557;82.046;17.867;15.398
10/25/16 11h44min7s;18.438;82.131;17.891;15.296
10/25/16 11h59min7s;18.485;82.225;18.200;15.359
10/26/16 12h14min7s;18.461;82.303;18.200;15.349
10/26/16 12h29min7s;18.485;82.391;18.247;15.388
10/26/16 12h44min7s;18.485;82.419;18.271;15.392
10/26/16 12h59min7s;18.366;82.309;17.891;15.257
10/26/16 01h14min7s;18.295;82.321;17.891;15.189
10/26/16 01h29min7s;18.319;82.437;18.081;15.232
10/26/16 01h44min7s;18.295;82.460;17.962;15.213
10/26/16 01h59min7s;18.176;82.517;17.748;15.106
10/26/16 02h14min7s;18.200;82.577;17.891;15.140
10/26/16 02h29min7s;18.152;82.594;17.796;15.096
10/26/16 02h44min7s;18.105;82.639;17.605;15.057
10/26/16 02h59min7s;18.057;82.795;17.463;15.037
10/26/16 03h14min7s;17.915;82.956;17.296;14.924
10/26/16 03h29min7s;17.819;83.018;17.153;14.841
10/26/16 03h44min7s;17.891;83.061;17.439;14.919
10/26/16 03h59min7s;17.962;83.077;17.510;14.992
10/26/16 04h14min7s;17.962;83.050;17.558;14.987
10/26/16 04h29min7s;18.033;83.093;17.605;15.064
10/26/16 04h44min7s;18.129;83.170;17.819;15.171
10/26/16 04h59min7s;18.224;83.191;17.891;15.268
10/26/16 05h14min7s;18.247;83.224;17.938;15.297
10/26/16 05h29min7s;18.390;83.173;18.295;15.428
10/26/16 05h44min7s;18.438;83.128;18.414;15.467
10/26/16 05h59min7s;18.604;83.055;18.889;15.618
10/26/16 06h14min7s;19.008;82.951;20.293;15.998
10/26/16 06h29min7s;19.627;82.198;22.154;16.474
10/26/16 06h44min7s;20.698;80.553;25.307;17.231
10/26/16 06h59min7s;21.390;76.889;;17.226
10/26/16 07h14min7s;21.939;75.099;;17.413
10/26/16 07h29min7s;22.369;73.384;;17.488
10/26/16 07h44min7s;23.280;70.326;;17.732
10/26/16 07h59min7s;24.291;65.998;;17.743
10/26/16 08h14min7s;24.315;65.791;;17.719
10/26/16 08h29min7s;24.677;63.398;;17.501
10/26/16 08h44min7s;24.871;62.209;;17.397
10/26/16 08h59min7s;26.012;59.465;;17.784
10/26/16 09h14min7s;26.720;58.330;;18.152
10/26/16 09h29min7s;27.210;56.212;;18.039
10/26/16 09h44min7s;27.998;53.766;;18.081
10/26/16 09h59min7s;28.692;50.794;;17.835
10/26/16 10h14min7s;29.090;49.364;;17.753
10/26/16 10h29min7s;29.414;48.564;;17.795
10/26/16 10h44min7s;29.991;44.917;;17.092
10/26/16 10h59min7s;30.596;45.677;;17.905
10/26/16 11h14min7s;31.153;41.547;;16.908
10/26/16 11h29min7s;31.637;39.731;;16.632
10/26/16 11h44min7s;31.816;40.351;;17.038
10/26/16 11h59min7s;32.098;40.582;;17.381
10/26/16 12h14min7s;32.381;39.641;;17.259
10/26/16 12h29min7s;32.536;38.413;;16.895
10/26/16 12h44min7s;32.639;37.243;;16.493
10/26/16 12h59min7s;32.562;36.897;;16.276
10/26/16 01h14min7s;33.209;37.535;;17.122
10/26/16 01h29min7s;32.975;36.971;;16.673
10/26/16 01h44min7s;33.183;38.276;;17.412
10/26/16 01h59min7s;32.820;36.888;;16.500
10/26/16 02h14min7s;32.613;36.327;;16.073
10/26/16 02h29min7s;33.365;35.856;;16.527
10/26/16 02h44min7s;33.495;36.751;;17.037
10/26/16 02h59min7s;32.175;37.096;;16.020
10/26/16 03h14min7s;31.128;38.740;;15.779
10/26/16 03h29min7s;32.175;37.096;;16.020
10/26/16 03h44min7s;32.227;37.641;;16.298
10/26/16 03h59min7s;31.868;38.144;;16.190
10/26/16 04h14min7s;31.179;38.343;;15.662
10/26/16 04h29min7s;29.464;39.371;;14.552
10/26/16 04h44min7s;28.369;41.541;;14.407
10/26/16 04h59min7s;27.702;43.013;;14.346
10/26/16 05h14min7s;26.158;46.896;;14.275
10/26/16 05h29min7s;24.895;52.258;;14.767
10/26/16 05h44min7s;24.146;55.857;;15.081
10/26/16 05h59min7s;23.593;58.442;;15.246
10/26/16 06h14min7s;23.040;60.354;;15.210
10/26/16 06h29min7s;22.417;62.052;;15.037
10/26/16 06h44min7s;21.963;63.732;;15.004
10/26/16 06h59min7s;21.557;65.196;;14.954
10/26/16 07h14min7s;21.199;66.418;;14.888
10/26/16 07h29min7s;20.817;67.687;;14.802
10/26/16 07h44min7s;20.460;68.863;;14.712
10/26/16 07h59min7s;20.150;70.215;;14.699
10/26/16 08h14min7s;19.841;71.296;;14.624
10/26/16 08h29min7s;19.627;73.025;;14.765
10/26/16 08h44min7s;19.389;74.334;;14.792
10/26/16 08h59min7s;19.151;75.462;;14.779
10/26/16 09h14min7s;18.889;76.805;;14.779
10/26/16 09h29min7s;18.628;77.574;;14.667
10/26/16 09h44min7s;18.414;78.235;;14.580
10/26/16 09h59min7s;18.247;78.482;;14.463
10/26/16 10h14min7s;18.105;78.621;;14.349
10/26/16 10h29min7s;17.986;78.737;;14.254
10/26/16 10h44min7s;17.891;79.166;;14.238
10/26/16 10h59min7s;17.772;79.393;;14.163
10/26/16 11h14min7s;17.653;79.675;;14.097
10/26/16 11h29min7s;17.605;79.805;;14.073
10/26/16 11h44min7s;17.582;79.995;;14.084
10/26/16 11h59min7s;17.463;80.360;;14.032
10/27/16 12h14min7s;17.534;80.459;;14.119
10/27/16 12h29min7s;17.296;80.519;;13.897
10/27/16 12h44min7s;17.153;80.905;;13.825
10/27/16 12h59min7s;17.011;81.290;;13.752
10/27/16 01h14min7s;17.106;81.449;;13.872
10/27/16 01h29min7s;17.153;81.487;;13.926
10/27/16 01h44min7s;17.106;81.338;;13.853
10/27/16 01h59min7s;17.201;81.221;;13.926
10/27/16 02h14min7s;17.201;81.359;;13.950
10/27/16 02h29min7s;17.249;81.619;;14.042
10/27/16 02h44min7s;17.106;81.726;;13.920
10/27/16 02h59min7s;17.130;81.870;;13.968
10/27/16 03h14min7s;17.177;81.825;;14.007
10/27/16 03h29min7s;17.130;81.842;;13.963
10/27/16 03h44min7s;17.034;81.932;;13.885
10/27/16 03h59min7s;16.987;81.976;;13.846
10/27/16 04h14min7s;17.082;82.136;;13.967
10/27/16 04h29min7s;17.249;82.255;;14.151
10/27/16 04h44min7s;17.415;82.237;;14.311
10/27/16 04h59min7s;17.391;82.204;;14.282
10/27/16 05h14min7s;17.391;82.232;;14.287
10/27/16 05h29min7s;17.629;82.257;;14.525
10/27/16 05h44min7s;17.891;82.232;;14.777
10/27/16 05h59min7s;18.271;82.177;;15.141
10/27/16 06h14min7s;18.794;81.931;;15.611
10/27/16 06h29min7s;19.199;81.463;;15.925
10/27/16 06h44min7s;19.532;80.864;;16.146
10/27/16 06h59min7s;19.888;79.929;;16.327
10/27/16 07h14min7s;20.674;78.169;;16.771
10/27/16 07h29min7s;20.698;76.977;;16.570
10/27/16 07h44min7s;21.079;76.424;;16.836
10/27/16 07h59min7s;22.705;72.161;;17.562
10/27/16 08h14min7s;23.809;65.523;;17.175
10/27/16 08h29min7s;24.581;60.690;;16.747
10/27/16 08h44min7s;25.380;58.685;;16.987
10/27/16 08h59min7s;25.866;53.941;;16.151
10/27/16 09h14min7s;26.573;53.059;;16.554
10/27/16 09h29min7s;27.259;50.412;;16.398
10/27/16 09h44min7s;27.924;47.988;;16.244
10/27/16 09h59min7s;28.369;47.396;;16.458
10/27/16 10h14min7s;28.791;45.756;;16.293
10/27/16 10h29min7s;29.464;44.888;;16.604
10/27/16 10h44min7s;29.815;44.075;;16.635
10/27/16 10h59min7s;30.495;44.582;;17.430
10/27/16 11h14min7s;30.419;42.329;;16.543
10/27/16 11h29min7s;30.672;42.688;;16.904
10/27/16 11h44min7s;31.103;41.874;;16.987
10/27/16 11h59min7s;30.117;41.964;36.389;16.135
10/27/16 12h14min7s;31.816;40.685;;17.169
10/27/16 12h29min7s;30.672;41.494;;16.456
10/27/16 12h44min7s;30.748;41.835;;16.653
10/27/16 12h59min7s;31.179;40.617;;16.573
10/27/16 01h14min7s;32.150;39.885;;17.151
10/27/16 01h29min7s;32.253;38.788;;16.798
10/27/16 01h44min7s;31.944;38.958;;16.594
10/27/16 01h59min7s;31.663;39.030;;16.373
10/27/16 02h14min7s;32.150;38.509;;16.592
10/27/16 02h29min7s;32.201;37.571;;16.245
10/27/16 02h44min7s;32.433;37.729;;16.517
10/27/16 02h59min7s;32.484;37.363;;16.407
10/27/16 03h14min7s;31.868;37.538;;15.936
10/27/16 03h29min7s;32.073;40.044;;17.145
10/27/16 03h44min7s;31.893;37.877;;16.102
10/27/16 03h59min7s;30.041;41.625;;15.940
10/27/16 04h14min7s;30.167;40.643;;15.677
10/27/16 04h29min7s;29.966;41.550;;15.844
10/27/16 04h44min7s;29.290;42.929;;15.747
10/27/16 04h59min7s;28.147;44.700;;15.344
10/27/16 05h14min7s;26.598;47.370;;14.831
10/27/16 05h29min7s;25.574;49.360;;14.524
10/27/16 05h44min7s;24.895;51.720;;14.610
10/27/16 05h59min7s;24.412;52.886;;14.501
10/27/16 06h14min7s;23.857;56.282;30.545;14.926
10/27/16 06h29min7s;23.424;58.539;35.102;15.113
10/27/16 06h44min7s;23.016;61.511;43.768;15.472
10/27/16 06h59min7s;22.585;63.293;34.045;15.491
10/27/16 07h14min7s;22.154;65.299;38.421;15.547
10/27/16 07h29min7s;21.676;66.412;42.803;15.342
10/27/16 07h44min7s;21.199;66.627;42.475;14.934
10/27/16 07h59min7s;20.793;68.245;40.487;14.899
10/27/16 08h14min7s;20.460;70.361;41.473;15.027
10/27/16 08h29min7s;20.150;71.792;41.443;15.023
10/27/16 08h44min7s;19.865;72.608;39.008;14.912
10/27/16 08h59min7s;19.627;73.574;40.717;14.874
10/27/16 09h14min7s;19.341;74.755;40.833;14.828
10/27/16 09h29min7s;19.103;76.536;40.804;14.937
10/27/16 09h44min7s;18.842;77.561;39.008;14.873
10/27/16 09h59min7s;18.628;78.365;39.715;14.813
10/27/16 10h14min7s;18.533;79.077;38.756;14.849
10/27/16 10h29min7s;18.414;79.502;40.057;14.809
10/27/16 10h44min7s;18.271;80.032;;14.765
10/27/16 10h59min7s;18.247;80.334;43.073;14.795
10/27/16 11h14min7s;18.176;80.570;17.772;14.767
10/27/16 11h29min7s;18.033;80.595;17.772;14.632
10/27/16 11h44min7s;17.986;80.919;17.677;14.642
10/27/16 11h59min7s;17.962;81.053;;14.642
10/28/16 12h14min7s;17.915;81.293;;14.638
10/28/16 12h29min7s;17.915;81.488;21.127;14.672
10/28/16 12h44min7s;17.891;81.538;29.991;14.657
10/28/16 12h59min7s;17.891;81.511;21.270;14.652
10/28/16 01h14min7s;17.843;81.389;26.085;14.584
10/28/16 01h29min7s;17.724;81.391;34.440;14.468
10/28/16 01h44min7s;17.415;81.323;21.724;14.154
10/28/16 01h59min7s;17.249;81.536;19.270;14.027
10/28/16 02h14min7s;17.130;81.814;23.930;13.959
10/28/16 02h29min7s;17.082;81.887;20.341;13.924
10/28/16 02h44min7s;17.082;81.942;20.150;13.934
10/28/16 02h59min7s;17.011;82.037;34.308;13.880
10/28/16 03h14min7s;16.939;82.159;19.817;13.831
10/28/16 03h29min7s;16.915;82.237;21.246;13.821
10/28/16 03h44min7s;16.796;82.348;23.448;13.723
10/28/16 03h59min7s;16.701;82.410;;13.640
10/28/16 04h14min7s;16.606;82.471;;13.557
10/28/16 04h29min7s;16.773;82.646;16.439;13.750
10/28/16 04h44min7s;16.987;82.666;16.677;13.964
10/28/16 04h59min7s;16.868;82.777;16.939;13.866
10/28/16 05h14min7s;16.915;82.925;16.654;13.938
10/28/16 05h29min7s;17.153;83.006;17.296;14.185
10/28/16 05h44min7s;17.605;82.942;22.729;14.618
10/28/16 05h59min7s;18.699;82.661;19.270;15.644
10/28/16 06h14min7s;18.818;81.881;18.628;15.626
10/28/16 06h29min7s;19.770;81.083;24.363;16.417
10/28/16 06h44min7s;19.389;79.766;20.031;15.809
10/28/16 06h59min7s;19.722;78.028;20.936;15.817
10/28/16 07h14min7s;21.318;76.128;38.365;17.011
10/28/16 07h29min7s;22.345;71.154;39.403;17.007
10/28/16 07h44min7s;23.088;69.461;38.060;17.362
10/28/16 07h59min7s;23.785;66.151;30.217;17.296
10/28/16 08h14min7s;24.436;63.266;29.966;17.241
10/28/16 08h29min7s;24.919;60.683;36.281;17.064
10/28/16 08h44min7s;25.428;58.165;35.797;16.897
10/28/16 08h59min7s;25.671;56.831;33.495;16.769
10/28/16 09h14min7s;26.500;54.882;36.444;17.006
10/28/16 09h29min7s;27.136;52.852;36.933;17.016
10/28/16 09h44min7s;27.358;50.457;34.704;16.502
10/28/16 09h59min7s;27.727;50.698;37.370;16.916
10/28/16 10h14min7s;28.369;48.755;36.579;16.898
10/28/16 10h29min7s;28.866;48.495;41.560;17.270
10/28/16 10h44min7s;29.365;45.498;36.742;16.725
10/28/16 10h59min7s;29.690;47.592;38.170;17.728
10/28/16 11h14min7s;30.117;47.222;;17.995
10/28/16 11h29min7s;30.318;41.655;;16.200
10/28/16 11h44min7s;30.824;42.241;;16.874
10/28/16 11h59min7s;30.925;41.522;40.920;16.694
10/28/16 12h14min7s;31.230;40.756;;16.672
10/28/16 12h29min7s;32.433;41.319;45.845;17.967
10/28/16 12h44min7s;32.047;37.791;42.119;16.202
10/28/16 12h59min7s;32.201;36.524;42.505;15.796
10/28/16 01h14min7s;32.278;38.050;43.435;16.515
10/28/16 01h29min7s;32.717;38.431;42.893;17.063
10/28/16 01h44min7s;33.235;37.639;45.845;17.189
10/28/16 01h59min7s;33.313;35.749;43.768;16.433
10/28/16 02h14min7s;33.157;39.183;45.154;17.764
10/28/16 02h29min7s;32.665;37.785;43.616;16.747
10/28/16 02h44min7s;33.313;36.394;44.104;16.719
10/28/16 02h59min7s;33.183;36.517;42.773;16.659
10/28/16 03h14min7s;33.313;36.530;42.833;16.779
10/28/16 03h29min7s;33.235;35.571;43.799;16.285
10/28/16 03h44min7s;33.027;35.993;42.416;16.291
10/28/16 03h59min7s;32.253;37.306;39.971;16.178
10/28/16 04h14min7s;31.944;37.950;38.337;16.177
10/28/16 04h29min7s;31.230;40.022;35.797;16.384
10/28/16 04h44min7s;30.545;40.450;33.757;15.941
10/28/16 04h59min7s;29.565;42.135;31.689;15.703
10/28/16 05h14min7s;28.419;44.143;;15.396
10/28/16 05h29min7s;27.259;47.129;;15.357
10/28/16 05h44min7s;26.451;49.730;31.791;15.444
10/28/16 05h59min7s;25.866;51.534;25.210;15.452
10/28/16 06h14min7s;25.307;53.641;25.380;15.547
10/28/16 06h29min7s;24.823;56.175;24.339;15.799
10/28/16 06h44min7s;24.388;58.007;26.207;15.879
10/28/16 06h59min7s;23.930;59.880;29.916;15.930
10/28/16 07h14min7s;23.545;62.358;30.167;16.178
10/28/16 07h29min7s;23.136;63.960;33.313;16.172
10/28/16 07h44min7s;22.729;65.848;23.112;16.219
10/28/16 07h59min7s;22.345;67.336;21.700;16.187
10/28/16 08h14min7s;21.963;68.812;21.223;16.142
10/28/16 08h29min7s;21.533;70.120;20.746;16.008
10/28/16 08h44min7s;21.151;71.661;20.246;15.961
10/28/16 08h59min7s;20.746;72.953;20.031;15.832
10/28/16 09h14min7s;20.412;74.680;19.841;15.851
10/28/16 09h29min7s;20.103;75.968;19.603;15.800
10/28/16 09h44min7s;19.865;77.005;19.436;15.765
10/28/16 09h59min7s;19.627;78.150;19.294;15.747
10/28/16 10h14min7s;19.413;78.925;19.127;15.680
10/28/16 10h29min7s;19.318;79.666;19.222;15.722
10/28/16 10h44min7s;19.270;80.022;19.341;15.739
10/28/16 10h59min7s;18.889;80.249;18.818;15.408
10/28/16 11h14min7s;18.699;80.739;19.627;15.309
10/28/16 11h29min7s;18.723;80.828;19.674;15.348
10/28/16 11h44min7s;18.557;80.820;19.722;15.183
10/28/16 11h59min7s;18.557;80.960;19.960;15.208
10/29/16 12h14min7s;18.366;81.030;19.793;15.034
10/29/16 12h29min7s;18.366;81.225;20.055;15.068
10/29/16 12h44min7s;18.461;81.385;20.341;15.190
10/29/16 12h59min7s;18.414;81.458;20.269;15.156
10/29/16 01h14min7s;18.485;81.446;20.460;15.223
10/29/16 01h29min7s;18.485;81.390;20.341;15.214
10/29/16 01h44min7s;18.461;81.469;20.436;15.204
10/29/16 01h59min7s;18.509;81.423;20.531;15.243
10/29/16 02h14min7s;18.485;81.362;20.531;15.209
10/29/16 02h29min7s;18.414;81.263;20.436;15.122
10/29/16 02h44min7s;18.438;81.380;20.555;15.165
10/29/16 02h59min7s;18.414;81.403;20.531;15.146
10/29/16 03h14min7s;18.224;81.417;20.198;14.962
10/29/16 03h29min7s;18.319;81.660;20.484;15.098
10/29/16 03h44min7s;18.295;81.794;20.460;15.098
10/29/16 03h59min7s;18.295;81.877;20.436;15.112
10/29/16 04h14min7s;18.319;81.966;20.531;15.151
10/29/16 04h29min7s;18.200;81.995;20.103;15.039
10/29/16 04h44min7s;18.200;82.162;20.269;15.068
10/29/16 04h59min7s;18.247;82.200;20.436;15.121
10/29/16 05h14min7s;18.176;82.184;20.174;15.049
10/29/16 05h29min7s;18.129;82.312;20.126;15.024
10/29/16 05h44min7s;18.295;82.349;20.531;15.194
10/29/16 05h59min7s;18.557;82.324;21.079;15.446
10/29/16 06h14min7s;19.103;82.111;22.011;15.946
10/29/16 06h29min7s;19.294;81.790;22.465;16.076
10/29/16 06h44min7s;21.628;75.326;23.448;17.156
10/29/16 06h59min7s;22.872;71.518;26.500;17.590
10/29/16 07h14min7s;22.992;72.890;30.824;17.989
10/29/16 07h29min7s;23.400;70.496;27.014;17.883
10/29/16 07h44min7s;24.122;69.025;28.345;18.259
10/29/16 07h59min7s;24.823;67.415;32.021;18.573
10/29/16 08h14min7s;25.380;64.124;30.091;18.341
10/29/16 08h29min7s;25.963;63.244;;18.683
10/29/16 08h44min7s;26.867;60.899;31.996;18.956
10/29/16 08h59min7s;27.358;57.677;;18.575
10/29/16 09h14min7s;27.554;56.546;;18.452
10/29/16 09h29min7s;28.369;55.593;40.343;18.948
10/29/16 09h44min7s;28.916;52.426;34.995;18.537
10/29/16 09h59min7s;29.414;50.181;35.904;18.309
10/29/16 10h14min7s;29.690;50.346;35.770;18.614
10/29/16 10h29min7s;30.066;48.452;37.015;18.355
10/29/16 10h44min7s;30.495;44.877;46.067;17.534
10/29/16 10h59min7s;31.128;45.182;;18.215
10/29/16 11h14min7s;31.535;44.142;;18.214
10/29/16 11h29min7s;31.740;43.040;39.715;17.996
10/29/16 11h44min7s;32.073;41.480;41.152;17.707
10/29/16 11h59min7s;32.330;41.008;42.594;17.754
10/29/16 12h14min7s;32.717;39.575;;17.531
10/29/16 12h29min7s;32.846;37.060;;16.597
10/29/16 12h44min7s;33.157;36.786;44.196;16.753
10/29/16 12h59min7s;33.548;36.959;43.768;17.173
10/29/16 01h14min7s;33.887;38.076;44.658;17.952
10/29/16 01h29min7s;33.914;34.134;44.627;16.219
10/29/16 01h44min7s;33.521;38.378;41.942;17.755
10/29/16 01h59min7s;33.704;35.615;;16.717
10/29/16 02h14min7s;34.019;33.664;;16.089
10/29/16 02h29min7s;34.045;33.940;;16.243
10/29/16 02h44min7s;34.124;31.405;;15.068
10/29/16 02h59min7s;33.835;33.819;;16.002
10/29/16 03h14min7s;33.966;36.355;;17.277
10/29/16 03h29min7s;31.740;41.311;34.704;17.343
10/29/16 03h44min7s;31.179;41.383;;16.868
10/29/16 03h59min7s;30.444;43.917;;17.147
10/29/16 04h14min7s;29.941;45.173;30.849;17.136
10/29/16 04h29min7s;29.240;47.504;29.389;17.288
10/29/16 04h44min7s;29.340;48.555;31.052;17.723
10/29/16 04h59min7s;28.941;50.216;31.740;17.884
10/29/16 05h14min7s;27.850;52.632;27.456;17.612
10/29/16 05h29min7s;27.087;55.470;32.975;17.719
10/29/16 05h44min7s;26.524;57.614;26.085;17.778
10/29/16 05h59min7s;26.061;60.895;28.048;18.194
10/29/16 06h14min7s;25.574;63.974;;18.490
10/29/16 06h29min7s;24.968;66.387;32.278;18.478
10/29/16 06h44min7s;24.315;69.090;23.641;18.459
10/29/16 06h59min7s;23.785;70.863;22.776;18.331
10/29/16 07h14min7s;23.280;72.506;22.321;18.189
10/29/16 07h29min7s;22.848;73.972;25.016;18.070
10/29/16 07h44min7s;22.585;74.764;21.915;17.973
10/29/16 07h59min7s;22.537;74.464;22.011;17.867
10/29/16 08h14min7s;22.321;75.320;21.652;17.828
10/29/16 08h29min7s;21.795;77.087;21.079;17.659
10/29/16 08h44min7s;21.533;76.918;26.207;17.371
10/29/16 08h59min7s;21.318;77.790;20.889;17.327
10/29/16 09h14min7s;21.008;78.096;21.032;17.083
10/29/16 09h29min7s;20.770;78.616;20.293;16.947
10/29/16 09h44min7s;20.507;79.355;19.912;16.827
10/29/16 09h59min7s;20.388;79.782;19.936;16.789
10/29/16 10h14min7s;20.269;80.207;19.960;16.750
10/29/16 10h29min7s;20.103;80.115;21.008;16.570
10/29/16 10h44min7s;19.912;80.497;19.603;16.453
10/29/16 10h59min7s;19.770;80.719;19.294;16.353
10/29/16 11h14min7s;19.817;80.925;19.555;16.436
10/29/16 11h29min7s;19.770;80.915;19.460;16.388
10/29/16 11h44min7s;19.793;80.892;19.651;16.407
10/29/16 11h59min7s;19.960;80.507;20.007;16.501
10/30/16 12h14min7s;20.055;79.964;20.126;16.496
10/30/16 12h29min7s;20.174;79.482;20.317;16.525
10/30/16 12h44min7s;20.246;79.129;20.293;16.531
10/30/16 12h59min7s;20.198;78.978;20.246;16.456
10/30/16 01h14min7s;20.174;78.775;20.150;16.396
10/30/16 01h29min7s;20.103;79.014;19.865;16.370
10/30/16 01h44min7s;19.984;79.724;19.698;16.383
10/30/16 01h59min7s;19.865;80.008;19.555;16.318
10/30/16 02h14min7s;19.698;80.451;19.365;16.235
10/30/16 02h29min7s;19.651;80.609;19.341;16.217
10/30/16 02h44min7s;19.674;80.838;19.365;16.281
10/30/16 02h59min7s;19.460;81.072;19.080;16.113
10/30/16 03h14min7s;19.341;81.242;18.985;16.026
10/30/16 03h29min7s;19.222;81.412;18.794;15.940
10/30/16 03h44min7s;19.080;81.437;18.580;15.804
10/30/16 03h59min7s;18.937;81.740;18.461;15.718
10/30/16 04h14min7s;18.747;81.643;18.319;15.514
10/30/16 04h29min7s;18.604;81.611;18.224;15.369
10/30/16 04h44min7s;18.533;81.902;18.081;15.350
10/30/16 04h59min7s;18.438;81.992;17.962;15.272
10/30/16 05h14min7s;18.390;82.009;18.057;15.228
10/30/16 05h29min7s;18.747;81.782;19.508;15.538
10/30/16 05h44min7s;19.484;80.713;20.984;16.072
10/30/16 05h59min7s;20.269;78.624;22.202;16.461
10/30/16 06h14min7s;21.223;76.453;24.074;16.981
10/30/16 06h29min7s;22.753;71.583;25.817;17.488
10/30/16 06h44min7s;24.750;61.607;;17.135
10/30/16 06h59min7s;24.508;60.587;28.568;16.653
10/30/16 07h14min7s;22.776;67.591;25.404;16.655
10/30/16 07h29min7s;23.809;66.937;27.776;17.496
10/30/16 07h44min7s;23.905;66.022;28.593;17.381
10/30/16 07h59min7s;24.098;65.362;27.210;17.413
10/30/16 08h14min7s;23.954;65.850;28.147;17.387
10/30/16 08h29min7s;24.436;65.148;28.791;17.685
10/30/16 08h44min7s;25.695;63.811;33.027;18.566
10/30/16 08h59min7s;26.207;61.350;31.535;18.447
10/30/16 09h14min7s;27.333;58.954;32.433;18.892
10/30/16 09h29min7s;28.295;56.245;34.942;19.060
10/30/16 09h44min7s;27.702;56.944;32.639;18.699
10/30/16 09h59min7s;27.727;54.647;32.639;18.082
10/30/16 10h14min7s;28.072;54.093;33.548;18.245
10/30/16 10h29min7s;27.924;54.168;33.131;18.128
10/30/16 10h44min7s;28.097;54.160;33.209;18.287
10/30/16 10h59min7s;29.040;52.155;39.857;18.570
10/30/16 11h14min7s;29.090;52.322;35.395;18.667
10/30/16 11h29min7s;29.890;50.759;40.257;18.928
10/30/16 11h44min7s;29.941;50.701;40.257;18.956
10/30/16 11h59min7s;30.167;48.887;38.812;18.588
10/30/16 12h14min7s;30.874;46.268;;18.362
10/30/16 12h29min7s;30.900;47.155;;18.686
10/30/16 12h44min7s;30.192;47.785;37.755;18.251
10/30/16 12h59min7s;31.204;46.996;43.435;18.910
10/30/16 01h14min7s;31.128;45.544;;18.342
10/30/16 01h29min7s;31.331;46.225;;18.763
10/30/16 01h44min7s;30.874;46.988;;18.607
10/30/16 01h59min7s;31.637;44.318;;18.370
10/30/16 02h14min7s;31.586;45.302;42.923;18.673
10/30/16 02h29min7s;29.941;47.102;33.652;17.794
10/30/16 02h44min7s;29.865;46.995;37.783;17.690
10/30/16 02h59min7s;30.369;45.519;37.618;17.644
10/30/16 03h14min7s;29.515;47.571;36.933;17.561
10/30/16 03h29min7s;30.369;46.142;39.093;17.859
10/30/16 03h44min7s;30.016;46.393;37.866;17.624
10/30/16 03h59min7s;29.590;47.027;36.227;17.449
10/30/16 04h14min7s;28.866;47.490;34.916;16.942
10/30/16 04h29min7s;28.147;48.791;;16.706
10/30/16 04h44min7s;26.818;51.057;28.642;16.187
10/30/16 04h59min7s;26.012;52.792;31.893;15.956
10/30/16 05h14min7s;25.089;55.338;27.776;15.819
10/30/16 05h29min7s;24.002;57.824;27.259;15.470
10/30/16 05h44min7s;23.376;60.070;22.729;15.456
10/30/16 05h59min7s;22.944;62.685;27.949;15.688
10/30/16 06h14min7s;22.537;64.854;27.186;15.809
10/30/16 06h29min7s;22.058;65.282;27.087;15.452
10/30/16 06h44min7s;21.700;66.864;24.195;15.465
10/30/16 06h59min7s;21.390;67.879;22.705;15.391
10/30/16 07h14min7s;21.056;70.090;22.274;15.543
10/30/16 07h29min7s;20.770;71.209;20.007;15.501
10/30/16 07h44min7s;20.507;71.685;19.793;15.346
10/30/16 07h59min7s;20.317;73.536;19.841;15.534
10/30/16 08h14min7s;20.126;73.874;25.671;15.417
10/30/16 08h29min7s;19.865;74.687;19.127;15.322
10/30/16 08h44min7s;19.627;75.070;19.246;15.166
10/30/16 08h59min7s;19.460;75.467;23.761;15.080
10/30/16 09h14min7s;19.365;76.533;18.747;15.190
10/30/16 09h29min7s;19.270;77.594;18.723;15.296
10/30/16 09h44min7s;19.056;77.861;18.604;15.137
10/30/16 09h59min7s;18.913;78.707;18.699;15.153
10/30/16 10h14min7s;18.747;79.292;18.557;15.097
10/30/16 10h29min7s;18.628;79.660;18.889;15.047
10/30/16 10h44min7s;18.628;79.575;20.722;15.032
10/30/16 10h59min7s;18.533;79.583;18.414;14.940
10/30/16 11h14min7s;18.414;79.614;18.247;14.830
10/30/16 11h29min7s;18.366;79.884;18.224;14.831
10/30/16 11h44min7s;18.390;80.057;18.366;14.885
10/30/16 11h59min7s;18.366;80.220;18.247;14.891
10/31/16 12h14min7s;18.509;80.586;18.557;15.096
10/31/16 12h29min7s;18.485;80.497;18.461;15.057
10/31/16 12h44min7s;18.319;80.601;18.271;14.912
10/31/16 12h59min7s;18.414;81.012;18.747;15.078
10/31/16 01h14min7s;18.485;80.777;18.771;15.106
10/31/16 01h29min7s;18.580;80.825;18.937;15.208
10/31/16 01h44min7s;18.343;80.885;18.343;14.985
10/31/16 01h59min7s;18.414;81.124;18.723;15.097
10/31/16 02h14min7s;18.438;81.157;18.580;15.126
10/31/16 02h29min7s;18.319;81.577;18.438;15.083
10/31/16 02h44min7s;18.557;81.490;19.008;15.301
10/31/16 02h59min7s;18.723;81.303;19.246;15.431
10/31/16 03h14min7s;18.580;80.909;18.794;15.222
10/31/16 03h29min7s;18.652;80.869;19.151;15.285
10/31/16 03h44min7s;18.771;81.034;19.222;15.431
10/31/16 03h59min7s;18.842;81.385;19.318;15.562
10/31/16 04h14min7s;18.913;81.400;19.318;15.635
10/31/16 04h29min7s;18.985;81.416;19.294;15.707
10/31/16 04h44min7s;19.032;81.454;19.341;15.761
10/31/16 04h59min7s;19.080;81.604;19.460;15.834
10/31/16 05h14min7s;19.008;81.533;19.222;15.751
10/31/16 05h29min7s;19.103;81.665;19.722;15.868
10/31/16 05h44min7s;19.793;81.285;21.772;16.476
10/31/16 05h59min7s;20.531;79.755;39.658;16.924
10/31/16 06h14min7s;21.032;78.500;27.751;17.181
10/31/16 06h29min7s;21.032;77.645;41.239;17.021
10/31/16 06h44min7s;22.034;75.060;25.065;17.498
10/31/16 06h59min7s;22.465;72.614;24.629;17.424
10/31/16 07h14min7s;23.881;69.398;28.493;18.110
10/31/16 07h29min7s;24.774;67.557;29.690;18.558
10/31/16 07h44min7s;24.460;66.720;28.221;18.069
10/31/16 07h59min7s;25.040;64.158;30.469;18.027
10/31/16 08h14min7s;25.817;60.887;30.824;17.963
10/31/16 08h29min7s;25.623;60.640;30.950;17.717
10/31/16 08h44min7s;25.501;61.513;30.268;17.821
10/31/16 08h59min7s;26.378;56.654;32.021;17.382
10/31/16 09h14min7s;26.475;57.669;30.874;17.747
10/31/16 09h29min7s;26.818;55.935;32.949;17.596
10/31/16 09h44min7s;27.063;54.836;32.639;17.518
10/31/16 09h59min7s;27.112;54.717;31.893;17.530
10/31/16 10h14min7s;27.530;52.046;32.510;17.142
10/31/16 10h29min7s;27.974;52.298;35.904;17.627
10/31/16 10h44min7s;28.841;48.589;38.143;17.277
10/31/16 10h59min7s;29.439;46.095;38.672;16.998
10/31/16 11h14min7s;28.841;49.913;40.343;17.698
10/31/16 11h29min7s;29.916;46.153;;17.450
10/31/16 11h44min7s;29.515;46.235;;17.114
10/31/16 11h59min7s;29.966;46.028;;17.454
10/31/16 12h14min7s;30.469;44.447;41.560;17.359
10/31/16 12h29min7s;31.128;42.805;44.165;17.358
10/31/16 12h44min7s;31.103;43.266;41.619;17.505
10/31/16 12h59min7s;31.331;41.433;42.238;17.024
10/31/16 01h14min7s;31.535;40.589;42.001;16.880
10/31/16 01h29min7s;31.765;40.613;43.073;17.095
10/31/16 01h44min7s;31.893;42.393;44.905;17.893
10/31/16 01h59min7s;32.227;41.397;41.619;17.813
10/31/16 02h14min7s;31.128;41.910;36.389;17.023
10/31/16 02h29min7s;31.637;41.932;42.179;17.489
10/31/16 02h44min7s;30.773;42.964;36.173;17.097
10/31/16 02h59min7s;30.343;42.486;38.616;16.533
10/31/16 03h14min7s;30.748;42.796;39.065;17.012
10/31/16 03h29min7s;29.515;43.745;32.949;16.245
10/31/16 03h44min7s;29.991;44.424;38.004;16.918
10/31/16 03h59min7s;28.692;45.483;29.640;16.109
10/31/16 04h14min7s;29.565;45.555;36.796;16.926
10/31/16 04h29min7s;28.245;47.057;34.071;16.233
10/31/16 04h44min7s;27.259;49.290;27.875;16.049
10/31/16 04h59min7s;27.358;50.521;29.640;16.522
10/31/16 05h14min7s;26.353;53.504;26.744;16.479
10/31/16 05h29min7s;25.355;58.278;24.629;16.858
10/31/16 05h44min7s;24.629;61.894;24.532;17.091
10/31/16 05h59min7s;24.002;63.954;23.400;16.992
10/31/16 06h14min7s;23.497;65.861;22.896;16.954
10/31/16 06h29min7s;23.208;67.459;22.920;17.039
10/31/16 06h44min7s;22.872;68.145;22.537;16.869
10/31/16 06h59min7s;22.561;69.069;23.569;16.771
10/31/16 07h14min7s;22.321;70.325;;16.810
10/31/16 07h29min7s;21.819;71.554;40.833;16.583
10/31/16 07h44min7s;21.413;72.178;;16.320
10/31/16 07h59min7s;21.056;72.751;20.484;16.091
10/31/16 08h14min7s;20.698;73.813;23.857;15.958
10/31/16 08h29min7s;20.341;74.724;20.055;15.791
10/31/16 08h44min7s;20.055;75.758;19.841;15.714
10/31/16 08h59min7s;19.793;76.506;19.318;15.602
10/31/16 09h14min7s;19.627;76.985;19.627;15.530
10/31/16 09h29min7s;19.460;77.235;19.674;15.415
10/31/16 09h44min7s;19.389;77.703;19.674;15.432
10/31/16 09h59min7s;19.294;78.335;19.603;15.456
10/31/16 10h14min7s;19.341;78.543;19.936;15.541
10/31/16 10h29min7s;19.318;78.538;19.865;15.517
10/31/16 10h44min7s;19.175;78.903;19.627;15.444
10/31/16 10h59min7s;19.127;79.485;19.746;15.503
10/31/16 11h14min7s;18.866;79.542;18.699;15.258
10/31/16 11h29min7s;18.794;80.200;19.603;15.306
10/31/16 11h44min7s;18.889;80.417;20.055;15.438
10/31/16 11h59min7s;18.937;80.259;20.174;15.456
11/01/16 12h14min7s;18.913;80.170;20.198;15.417
11/01/16 12h29min7s;18.937;80.006;20.317;15.411
11/01/16 12h44min7s;18.961;79.759;20.317;15.390
11/01/16 12h59min7s;18.985;79.960;20.388;15.449
11/01/16 01h14min7s;18.913;79.636;20.293;15.321
11/01/16 01h29min7s;18.747;79.741;19.888;15.178
11/01/16 01h44min7s;18.604;80.215;19.793;15.123
11/01/16 01h59min7s;18.485;80.357;19.627;15.032
11/01/16 02h14min7s;18.366;80.583;19.484;14.956
11/01/16 02h29min7s;18.461;80.744;19.841;15.077
11/01/16 02h44min7s;18.438;80.683;19.722;15.043
11/01/16 02h59min7s;18.414;80.845;19.770;15.048
11/01/16 03h14min7s;18.414;80.957;19.793;15.068
11/01/16 03h29min7s;18.366;80.891;19.746;15.010
11/01/16 03h44min7s;18.176;80.849;19.318;14.816
11/01/16 03h59min7s;18.105;81.224;19.389;14.812
11/01/16 04h14min7s;18.176;81.295;19.555;14.894
11/01/16 04h29min7s;18.224;81.333;19.603;14.948
11/01/16 04h44min7s;18.224;81.417;19.603;14.962
11/01/16 04h59min7s;18.033;81.653;19.199;14.817
11/01/16 05h14min7s;18.033;81.764;19.365;14.836
11/01/16 05h29min7s;18.176;81.712;19.698;14.967
11/01/16 05h44min7s;18.889;81.646;21.533;15.655
11/01/16 05h59min7s;19.365;80.631;21.652;15.941
11/01/16 06h14min7s;19.318;80.621;21.413;15.893
11/01/16 06h29min7s;20.793;78.592;;16.966
11/01/16 06h44min7s;21.390;74.122;;16.688
11/01/16 06h59min7s;21.485;73.590;;16.674
11/01/16 07h14min7s;21.628;73.327;;16.760
11/01/16 07h29min7s;22.369;71.541;;17.110
11/01/16 07h44min7s;23.400;68.537;;17.461
11/01/16 07h59min7s;24.219;66.106;;17.699
11/01/16 08h14min7s;24.412;64.083;;17.412
11/01/16 08h29min7s;24.581;63.868;;17.522
11/01/16 08h44min7s;24.944;60.809;28.593;17.119
11/01/16 08h59min7s;24.581;61.519;27.235;16.953
11/01/16 09h14min7s;25.162;59.765;29.265;17.061
11/01/16 09h29min7s;25.598;58.967;29.265;17.266
11/01/16 09h44min7s;26.573;54.388;;16.935
11/01/16 09h59min7s;26.622;53.826;31.153;16.821
11/01/16 10h14min7s;26.769;54.321;31.714;17.098
11/01/16 10h29min7s;27.235;51.815;31.586;16.800
11/01/16 10h44min7s;27.776;49.774;;16.676
11/01/16 10h59min7s;27.308;51.123;;16.660
11/01/16 11h14min7s;27.727;50.121;;16.738
11/01/16 11h29min7s;28.097;49.687;;16.944
11/01/16 11h44min7s;27.751;49.514;;16.572
11/01/16 11h59min7s;28.147;49.275;;16.859
11/01/16 12h14min7s;29.040;46.764;;16.860
11/01/16 12h29min7s;28.742;46.532;;16.510
11/01/16 12h44min7s;29.015;45.979;;16.572
11/01/16 12h59min7s;29.740;44.231;;16.622
11/01/16 01h14min7s;29.590;44.148;;16.457
11/01/16 01h29min7s;29.040;45.427;33.469;16.406
11/01/16 01h44min7s;29.115;44.486;33.678;16.147
11/01/16 01h59min7s;29.389;43.993;37.151;16.221
11/01/16 02h14min7s;29.840;42.760;39.234;16.182
11/01/16 02h29min7s;29.365;43.366;34.045;15.973
11/01/16 02h44min7s;29.215;44.170;36.851;16.125
11/01/16 02h59min7s;29.640;41.945;37.261;15.699
11/01/16 03h14min7s;29.490;44.924;36.335;16.639
11/01/16 03h29min7s;28.444;45.323;34.624;15.829
11/01/16 03h44min7s;28.891;44.198;34.916;15.842
11/01/16 03h59min7s;28.072;46.158;33.783;15.775
11/01/16 04h14min7s;27.875;46.297;32.898;15.642
11/01/16 04h29min7s;27.333;47.203;34.519;15.448
11/01/16 04h44min7s;26.720;50.309;29.590;15.870
11/01/16 04h59min7s;25.841;50.481;;15.113
11/01/16 05h14min7s;24.895;55.873;30.697;15.785
11/01/16 05h29min7s;23.954;57.631;23.400;15.374
11/01/16 05h44min7s;23.497;59.321;23.232;15.380
11/01/16 05h59min7s;23.112;63.925;24.050;16.141
11/01/16 06h14min7s;22.657;66.135;;16.216
11/01/16 06h29min7s;22.106;69.134;;16.349
11/01/16 06h44min7s;21.581;70.423;;16.118
11/01/16 06h59min7s;21.151;71.252;;15.877
11/01/16 07h14min7s;21.103;72.964;36.579;16.180
11/01/16 07h29min7s;20.722;72.686;20.817;15.756
11/01/16 07h44min7s;20.174;73.826;28.270;15.453
11/01/16 07h59min7s;19.817;74.418;;15.224
11/01/16 08h14min7s;19.603;74.951;;15.119
11/01/16 08h29min7s;19.389;75.595;;15.036
11/01/16 08h44min7s;19.175;76.066;;14.917
11/01/16 08h59min7s;19.008;76.716;;14.878
11/01/16 09h14min7s;18.913;77.888;;15.003
11/01/16 09h29min7s;18.723;78.526;;14.935
11/01/16 09h44min7s;18.533;78.458;;14.737
11/01/16 09h59min7s;18.390;79.075;17.843;14.710
11/01/16 10h14min7s;18.271;79.695;17.677;14.705
11/01/16 10h29min7s;18.129;79.973;17.701;14.615
11/01/16 10h44min7s;18.105;80.499;18.176;14.685
11/01/16 10h59min7s;18.057;80.684;18.533;14.671
11/01/16 11h14min7s;18.033;81.013;18.675;14.705
11/01/16 11h29min7s;18.033;81.236;19.056;14.744
11/01/16 11h44min7s;18.033;81.431;19.080;14.778
11/01/16 11h59min7s;17.986;81.698;19.246;14.778
11/02/16 12h14min7s;18.152;81.707;19.603;14.943
11/02/16 12h29min7s;18.010;81.648;19.318;14.793
11/02/16 12h44min7s;17.962;81.915;19.270;14.792
11/02/16 12h59min7s;18.010;82.036;19.436;14.860
11/02/16 01h14min7s;17.843;82.166;19.222;14.719
11/02/16 01h29min7s;17.867;82.226;19.413;14.753
11/02/16 01h44min7s;17.701;82.162;19.175;14.578
11/02/16 01h59min7s;17.677;82.212;19.175;14.564
11/02/16 02h14min7s;17.938;82.131;19.722;14.806
11/02/16 02h29min7s;18.081;82.052;19.793;14.933
11/02/16 02h44min7s;18.010;82.036;19.555;14.860
11/02/16 02h59min7s;17.938;82.187;19.532;14.816
11/02/16 03h14min7s;18.010;82.313;19.674;14.908
11/02/16 03h29min7s;18.081;82.163;19.888;14.952
11/02/16 03h44min7s;18.176;82.045;34.334;15.025
11/02/16 03h59min7s;18.200;81.856;22.250;15.015
11/02/16 04h14min7s;18.176;81.851;22.705;14.991
11/02/16 04h29min7s;18.271;81.955;22.944;15.102
11/02/16 04h44min7s;18.319;81.994;23.256;15.156
11/02/16 04h59min7s;18.390;81.954;24.219;15.219
11/02/16 05h14min7s;18.438;81.909;23.569;15.257
11/02/16 05h29min7s;18.580;81.773;24.146;15.374
11/02/16 05h44min7s;19.103;81.135;25.647;15.774
11/02/16 05h59min7s;19.651;80.019;26.793;16.111
11/02/16 06h14min7s;20.317;78.152;28.048;16.420
11/02/16 06h29min7s;21.413;74.590;28.866;16.804
11/02/16 06h44min7s;22.537;70.925;27.801;17.143
11/02/16 06h59min7s;23.569;64.486;;16.706
11/02/16 07h14min7s;23.256;65.849;;16.723
11/02/16 07h29min7s;21.772;69.811;;16.172
11/02/16 07h44min7s;21.724;71.301;;16.439
11/02/16 07h59min7s;22.178;68.673;;16.319
11/02/16 08h14min7s;23.280;65.071;;16.567
11/02/16 08h29min7s;24.460;60.148;;16.497
11/02/16 08h44min7s;24.847;57.859;32.150;16.271
11/02/16 08h59min7s;24.871;57.987;31.765;16.327
11/02/16 09h14min7s;24.702;58.333;31.179;16.259
11/02/16 09h29min7s;25.477;54.798;33.079;16.031
11/02/16 09h44min7s;26.304;53.655;36.039;16.477
11/02/16 09h59min7s;27.063;49.296;35.609;15.871
11/02/16 10h14min7s;27.407;48.343;36.308;15.885
11/02/16 10h29min7s;28.048;47.162;;16.087
11/02/16 10h44min7s;28.369;47.591;;16.522
11/02/16 10h59min7s;28.468;48.089;;16.775
11/02/16 11h14min7s;29.040;46.373;;16.729
11/02/16 11h29min7s;29.165;45.016;;16.377
11/02/16 11h44min7s;29.190;45.804;;16.671
11/02/16 11h59min7s;29.490;44.169;;16.374
11/02/16 12h14min7s;29.740;42.617;;16.039
11/02/16 12h29min7s;29.490;42.556;;15.791
11/02/16 12h44min7s;29.414;43.602;;16.103
11/02/16 12h59min7s;29.865;42.334;;16.047
11/02/16 01h14min7s;29.865;42.466;;16.096
11/02/16 01h29min7s;30.091;42.689;;16.382
11/02/16 01h44min7s;30.066;41.230;;15.812
11/02/16 01h59min7s;29.966;40.820;;15.566
11/02/16 02h14min7s;30.343;40.661;;15.842
11/02/16 02h29min7s;30.192;41.177;;15.905
11/02/16 02h44min7s;30.192;41.840;;16.156
11/02/16 02h59min7s;29.790;40.070;;15.118
11/02/16 03h14min7s;29.740;42.187;;15.880
11/02/16 03h29min7s;29.340;42.473;;15.625
11/02/16 03h44min7s;29.040;43.822;;15.844
11/02/16 03h59min7s;28.941;45.644;;16.390
11/02/16 04h14min7s;28.295;47.322;;16.366
11/02/16 04h29min7s;27.554;49.038;;16.241
11/02/16 04h44min7s;26.012;51.363;;15.536
11/02/16 04h59min7s;25.428;53.343;;15.574
11/02/16 05h14min7s;24.629;55.553;28.171;15.449
11/02/16 05h29min7s;23.689;58.117;27.235;15.252
11/02/16 05h44min7s;23.136;60.001;27.998;15.213
11/02/16 05h59min7s;22.729;60.793;29.315;15.025
11/02/16 06h14min7s;22.369;63.529;26.965;15.342
11/02/16 06h29min7s;21.772;67.174;;15.602
11/02/16 06h44min7s;21.533;68.822;;15.732
11/02/16 06h59min7s;21.175;70.113;;15.663
11/02/16 07h14min7s;20.865;71.052;;15.560
11/02/16 07h29min7s;20.746;73.011;;15.844
11/02/16 07h44min7s;20.555;73.582;;15.774
11/02/16 07h59min7s;20.531;74.156;;15.864
11/02/16 08h14min7s;20.317;74.892;;15.800
11/02/16 08h29min7s;20.055;75.213;;15.609
11/02/16 08h44min7s;19.793;75.734;;15.455
11/02/16 08h59min7s;19.722;76.377;;15.508
11/02/16 09h14min7s;19.865;76.578;;15.685
11/02/16 09h29min7s;19.722;76.063;;15.448
11/02/16 09h44min7s;19.627;76.129;;15.368
11/02/16 09h59min7s;19.579;76.776;;15.444
11/02/16 10h14min7s;19.555;77.340;;15.527
11/02/16 10h29min7s;19.532;77.534;;15.540
11/02/16 10h44min7s;19.460;77.803;;15.520
11/02/16 10h59min7s;19.508;77.870;;15.579
11/02/16 11h14min7s;19.436;77.912;;15.517
11/02/16 11h29min7s;19.389;78.638;;15.605
11/02/16 11h44min7s;19.341;79.136;;15.649
11/02/16 11h59min7s;19.318;79.469;;15.686
11/03/16 12h14min7s;19.413;79.518;;15.788
11/03/16 12h29min7s;19.460;79.922;;15.907
11/03/16 12h44min7s;19.484;80.264;;15.992
11/03/16 12h59min7s;19.532;80.302;;16.045
11/03/16 01h14min7s;19.508;80.297;;16.021
11/03/16 01h29min7s;19.460;80.399;;15.993
11/03/16 01h44min7s;19.460;80.820;;16.068
11/03/16 01h59min7s;19.484;80.965;;16.117
11/03/16 02h14min7s;19.508;81.055;;16.156
11/03/16 02h29min7s;19.508;80.802;;16.111
11/03/16 02h44min7s;19.294;80.840;;15.909
11/03/16 02h59min7s;19.270;81.087;;15.929
11/03/16 03h14min7s;19.127;81.279;;15.823
11/03/16 03h29min7s;19.127;81.559;;15.872
11/03/16 03h44min7s;19.175;81.736;;15.950
11/03/16 03h59min7s;19.080;81.911;;15.887
11/03/16 04h14min7s;19.246;82.087;;16.081
11/03/16 04h29min7s;19.365;81.946;;16.173
11/03/16 04h44min7s;19.484;82.000;;16.299
11/03/16 04h59min7s;19.318;82.019;;16.139
11/03/16 05h14min7s;19.246;81.975;;16.062
11/03/16 05h29min7s;19.246;81.668;;16.008
11/03/16 05h44min7s;19.246;81.696;;16.013
11/03/16 05h59min7s;19.389;81.728;;16.158
11/03/16 06h14min7s;19.912;81.282;;16.593
11/03/16 06h29min7s;20.436;79.396;;16.765
11/03/16 06h44min7s;20.555;78.713;;16.756
11/03/16 06h59min7s;20.865;78.010;;16.927
11/03/16 07h14min7s;21.199;77.194;;17.099
11/03/16 07h29min7s;21.533;76.803;;17.349
11/03/16 07h44min7s;22.011;76.124;;17.683
11/03/16 07h59min7s;22.154;75.605;;17.721
11/03/16 08h14min7s;22.298;76.614;;18.056
11/03/16 08h29min7s;23.713;72.265;;18.556
11/03/16 08h44min7s;23.785;71.129;;18.388
11/03/16 08h59min7s;22.944;73.758;;18.119
11/03/16 09h14min7s;22.848;74.263;;18.128
11/03/16 09h29min7s;24.195;71.088;;18.773
11/03/16 09h44min7s;25.283;66.683;;18.846
11/03/16 09h59min7s;25.137;67.260;;18.838
11/03/16 10h14min7s;24.557;68.925;19.698;18.654
11/03/16 10h29min7s;24.750;67.553;22.489;18.534
11/03/16 10h44min7s;24.847;66.818;24.750;18.461
11/03/16 10h59min7s;24.026;71.617;21.724;18.722
11/03/16 11h14min7s;23.665;73.635;20.222;18.791
11/03/16 11h29min7s;24.702;70.173;28.568;19.065
11/03/16 11h44min7s;25.065;68.298;27.949;19.002
11/03/16 11h59min7s;25.307;67.591;28.048;19.075
11/03/16 12h14min7s;24.388;70.946;25.525;18.929
11/03/16 12h29min7s;23.184;74.533;22.106;18.508
11/03/16 12h44min7s;22.441;76.153;22.321;18.107
11/03/16 12h59min7s;23.593;76.125;27.801;19.219
11/03/16 01h14min7s;24.653;69.718;30.824;18.920
11/03/16 01h29min7s;25.355;68.110;29.165;19.238
11/03/16 01h44min7s;25.404;65.616;28.419;18.716
11/03/16 01h59min7s;25.817;65.140;28.568;18.998
11/03/16 02h14min7s;27.038;62.254;32.407;19.458
11/03/16 02h29min7s;27.431;58.407;33.574;18.840
11/03/16 02h44min7s;27.505;58.043;33.001;18.812
11/03/16 02h59min7s;26.061;59.379;23.737;17.807
11/03/16 03h14min7s;25.089;61.938;25.137;17.536
11/03/16 03h29min7s;25.089;62.764;25.477;17.738
11/03/16 03h44min7s;25.210;63.120;25.186;17.939
11/03/16 03h59min7s;25.137;63.322;22.513;17.919
11/03/16 04h14min7s;24.774;64.144;20.174;17.771
11/03/16 04h29min7s;24.243;65.779;24.750;17.647
11/03/16 04h44min7s;23.689;67.574;24.050;17.524
11/03/16 04h59min7s;23.352;68.916;23.232;17.497
11/03/16 05h14min7s;22.824;70.242;22.298;17.276
11/03/16 05h29min7s;22.178;71.358;21.485;16.888
11/03/16 05h44min7s;21.915;72.420;;16.853
11/03/16 05h59min7s;21.604;72.157;21.008;16.500
11/03/16 06h14min7s;21.318;73.818;20.698;16.558
11/03/16 06h29min7s;21.175;74.427;20.698;16.541
11/03/16 06h44min7s;20.674;74.992;19.960;16.166
11/03/16 06h59min7s;20.269;76.174;;16.001
11/03/16 07h14min7s;20.031;77.296;19.318;15.982
11/03/16 07h29min7s;19.722;78.056;18.961;15.822
11/03/16 07h44min7s;19.460;78.398;;15.630
11/03/16 07h59min7s;19.270;78.782;18.604;15.515
11/03/16 08h14min7s;19.199;78.654;18.723;15.422
11/03/16 08h29min7s;19.008;79.319;18.390;15.357
11/03/16 08h44min7s;18.889;79.800;18.247;15.328
11/03/16 08h59min7s;18.889;80.333;18.390;15.423
11/03/16 09h14min7s;18.818;80.429;18.247;15.370
11/03/16 09h29min7s;18.699;80.655;18.010;15.294
11/03/16 09h44min7s;18.699;81.047;18.176;15.363
11/03/16 09h59min7s;18.842;81.133;18.271;15.518
11/03/16 10h14min7s;18.937;81.350;18.319;15.649
11/03/16 10h29min7s;18.889;81.423;18.200;15.615
11/03/16 10h44min7s;18.771;81.592;18.010;15.529
11/03/16 10h59min7s;18.794;81.820;18.033;15.592
11/03/16 11h14min7s;18.937;82.130;18.295;15.786
11/03/16 11h29min7s;18.937;82.019;18.343;15.766
11/03/16 11h44min7s;18.699;81.744;17.938;15.485
11/03/16 11h59min7s;18.461;81.775;17.605;15.258
11/04/16 12h14min7s;18.485;82.225;17.724;15.359
11/04/16 12h29min7s;18.699;82.355;18.057;15.591
11/04/16 12h44min7s;18.652;82.261;17.938;15.528
11/04/16 12h59min7s;18.485;82.169;17.677;15.349
11/04/16 01h14min7s;18.366;82.393;17.463;15.271
11/04/16 01h29min7s;18.271;82.538;17.391;15.203
11/04/16 01h44min7s;18.129;82.672;17.201;15.086
11/04/16 01h59min7s;18.033;82.817;17.130;15.017
11/04/16 02h14min7s;17.938;82.879;16.963;14.934
11/04/16 02h29min7s;17.986;83.000;17.130;15.002
11/04/16 02h44min7s;17.891;82.951;16.963;14.900
11/04/16 02h59min7s;17.915;83.011;16.939;14.934
11/04/16 03h14min7s;17.938;83.127;16.963;14.977
11/04/16 03h29min7s;18.105;83.164;17.201;15.147
11/04/16 03h44min7s;18.152;83.175;17.249;15.195
11/04/16 03h59min7s;18.366;83.195;17.653;15.409
11/04/16 04h14min7s;18.414;83.123;17.558;15.443
11/04/16 04h29min7s;18.438;83.128;17.558;15.467
11/04/16 04h44min7s;18.319;83.157;17.320;15.356
11/04/16 04h59min7s;18.247;83.196;17.225;15.292
11/04/16 05h14min7s;18.271;83.285;17.320;15.331
11/04/16 05h29min7s;18.628;83.226;18.414;15.671
11/04/16 05h44min7s;18.937;82.741;18.652;15.891
11/04/16 05h59min7s;19.294;82.320;19.365;16.168
11/04/16 06h14min7s;19.579;81.518;20.150;16.308
11/04/16 06h29min7s;19.698;81.012;20.174;16.335
11/04/16 06h44min7s;20.913;76.935;22.848;16.771
11/04/16 06h59min7s;21.318;75.869;22.585;16.961
11/04/16 07h14min7s;21.700;74.270;22.872;17.018
11/04/16 07h29min7s;21.939;73.242;22.705;17.043
11/04/16 07h44min7s;22.848;70.659;24.919;17.387
11/04/16 07h59min7s;23.497;67.958;25.040;17.425
11/04/16 08h14min7s;24.026;67.095;27.259;17.739
11/04/16 08h29min7s;24.774;63.810;27.998;17.691
11/04/16 08h44min7s;24.968;63.080;27.677;17.700
11/04/16 08h59min7s;25.744;60.629;28.816;17.829
11/04/16 09h14min7s;25.890;59.786;29.190;17.752
11/04/16 09h29min7s;26.769;55.645;31.561;17.470
11/04/16 09h44min7s;27.751;55.882;33.730;18.452
11/04/16 09h59min7s;27.702;54.327;32.330;17.967
11/04/16 10h14min7s;28.245;52.080;33.495;17.813
11/04/16 10h29min7s;28.766;50.418;33.835;17.787
11/04/16 10h44min7s;29.090;50.009;35.395;17.957
11/04/16 10h59min7s;28.568;49.523;33.079;17.324
11/04/16 11h14min7s;28.965;48.734;35.609;17.438
11/04/16 11h29min7s;29.490;47.145;36.715;17.397
11/04/16 11h44min7s;30.041;46.037;38.700;17.525
11/04/16 11h59min7s;30.318;44.199;37.838;17.134
11/04/16 12h14min7s;30.217;43.529;36.579;16.802
11/04/16 12h29min7s;30.697;44.506;37.728;17.586
11/04/16 12h44min7s;29.590;45.263;33.469;16.848
11/04/16 12h59min7s;30.217;44.187;36.742;17.039
11/04/16 01h14min7s;31.001;42.194;37.755;17.016
11/04/16 01h29min7s;30.646;43.643;37.535;17.231
11/04/16 01h44min7s;30.672;42.224;36.308;16.731
11/04/16 01h59min7s;30.545;42.376;35.716;16.674
11/04/16 02h14min7s;29.865;43.653;29.865;16.529
11/04/16 02h29min7s;29.215;44.924;;16.390
11/04/16 02h44min7s;30.142;43.948;;16.885
11/04/16 02h59min7s;30.571;43.371;;17.063
11/04/16 03h14min7s;29.865;43.785;;16.576
11/04/16 03h29min7s;28.816;46.216;;16.472
11/04/16 03h44min7s;29.690;44.488;;16.668
11/04/16 03h59min7s;29.240;45.679;;16.674
11/04/16 04h14min7s;28.394;46.197;;16.081
11/04/16 04h29min7s;27.998;47.447;;16.136
11/04/16 04h44min7s;26.769;54.700;;17.206
11/04/16 04h59min7s;25.598;57.631;;16.915
11/04/16 05h14min7s;24.412;60.786;;16.612
11/04/16 05h29min7s;23.400;62.882;;16.167
11/04/16 05h44min7s;22.681;64.034;;15.756
11/04/16 05h59min7s;22.106;65.350;;15.513
11/04/16 06h14min7s;21.676;66.681;;15.402
11/04/16 06h29min7s;21.342;68.433;;15.465
11/04/16 06h44min7s;20.889;68.558;;15.058
11/04/16 06h59min7s;20.674;71.016;;15.369
11/04/16 07h14min7s;20.484;72.524;;15.493
11/04/16 07h29min7s;20.293;73.820;;15.567
11/04/16 07h44min7s;20.055;74.581;;15.486
11/04/16 07h59min7s;19.841;75.400;;15.437
11/04/16 08h14min7s;19.651;76.134;;15.392
11/04/16 08h29min7s;19.389;76.395;;15.188
11/04/16 08h44min7s;19.270;77.594;;15.296
11/04/16 08h59min7s;19.151;78.673;;15.379
11/04/16 09h14min7s;19.008;79.150;;15.327
11/04/16 09h29min7s;18.818;79.812;;15.260
11/04/16 09h44min7s;18.652;79.833;;15.101
11/04/16 09h59min7s;18.509;80.139;;15.016
11/04/16 10h14min7s;18.414;80.398;;14.969
11/04/16 10h29min7s;18.319;80.992;;14.981
11/04/16 10h44min7s;18.343;81.303;;15.059
11/04/16 10h59min7s;18.271;81.344;;14.996
11/04/16 11h14min7s;18.461;81.079;;15.136
11/04/16 11h29min7s;18.604;81.082;;15.276
11/04/16 11h44min7s;18.818;81.017;;15.474
11/04/16 11h59min7s;18.913;80.786;;15.526
11/05/16 12h14min7s;18.913;80.422;;15.462
11/05/16 12h29min7s;18.842;79.986;;15.314
11/05/16 12h44min7s;18.913;80.170;;15.417
11/05/16 12h59min7s;18.747;80.358;;15.288
11/05/16 01h14min7s;18.747;80.526;;15.318
11/05/16 01h29min7s;18.699;80.404;;15.249
11/05/16 01h44min7s;18.604;80.607;;15.192
11/05/16 01h59min7s;18.414;80.845;;15.048
11/05/16 02h14min7s;18.438;81.380;;15.165
11/05/16 02h29min7s;18.343;81.387;;15.073
11/05/16 02h44min7s;18.438;81.296;;15.151
11/05/16 02h59min7s;18.485;81.223;;15.184
11/05/16 03h14min7s;18.509;81.061;;15.179
11/05/16 03h29min7s;18.509;81.340;;15.228
11/05/16 03h44min7s;18.366;81.225;;15.068
11/05/16 03h59min7s;18.414;81.291;;15.127
11/05/16 04h14min7s;18.295;81.377;;15.025
11/05/16 04h29min7s;18.295;81.432;;15.035
11/05/16 04h44min7s;18.200;81.439;;14.943
11/05/16 04h59min7s;18.057;81.491;;14.812
11/05/16 05h14min7s;18.057;81.714;;14.851
11/05/16 05h29min7s;18.224;81.639;;15.001
11/05/16 05h44min7s;18.533;80.843;;15.164
11/05/16 05h59min7s;19.508;79.538;;15.885
11/05/16 06h14min7s;19.341;79.136;;15.649
11/05/16 06h29min7s;20.317;75.754;;15.967
11/05/16 06h44min7s;20.603;75.035;;16.105
11/05/16 06h59min7s;20.841;73.986;;16.130
11/05/16 07h14min7s;21.676;70.323;;16.189
11/05/16 07h29min7s;22.321;68.966;;16.520
11/05/16 07h44min7s;22.800;68.043;;16.778
11/05/16 07h59min7s;22.872;67.608;;16.751
11/05/16 08h14min7s;23.088;65.219;;16.418
11/05/16 08h29min7s;23.833;63.743;;16.782
11/05/16 08h44min7s;23.737;63.758;;16.694
11/05/16 08h59min7s;24.605;61.124;;16.878
11/05/16 09h14min7s;25.525;57.776;;16.885
11/05/16 09h29min7s;26.182;55.308;;16.830
11/05/16 09h44min7s;26.573;56.338;;17.479
11/05/16 09h59min7s;27.481;50.506;;16.630
11/05/16 10h14min7s;26.989;53.909;;17.186
11/05/16 10h29min7s;27.481;51.210;;16.845
11/05/16 10h44min7s;28.766;48.450;;17.164
11/05/16 10h59min7s;28.369;50.719;;17.514
11/05/16 11h14min7s;28.023;50.192;;17.033
11/05/16 11h29min7s;28.891;49.080;;17.480
11/05/16 11h44min7s;29.015;47.671;;17.138
11/05/16 11h59min7s;29.540;46.107;;17.093
11/05/16 12h14min7s;29.240;46.006;;16.786
11/05/16 12h29min7s;29.966;45.012;;17.102
11/05/16 12h44min7s;29.840;45.030;;16.995
11/05/16 12h59min7s;30.950;44.338;;17.755
11/05/16 01h14min7s;28.742;46.142;;16.379
11/05/16 01h29min7s;30.041;42.551;;16.286
11/05/16 01h44min7s;30.142;43.685;;16.790
11/05/16 01h59min7s;28.345;45.442;;15.780
11/05/16 02h14min7s;30.091;42.920;;16.467
11/05/16 02h29min7s;30.621;43.211;;17.051
11/05/16 02h44min7s;30.646;42.553;;16.831
11/05/16 02h59min7s;29.040;44.871;;16.214
11/05/16 03h14min7s;29.590;44.935;;16.734
11/05/16 03h29min7s;30.217;44.122;;17.015
11/05/16 03h44min7s;28.816;46.802;;16.668
11/05/16 03h59min7s;28.841;46.837;;16.703
11/05/16 04h14min7s;28.345;48.138;;16.677
11/05/16 04h29min7s;27.063;50.354;;16.199
11/05/16 04h44min7s;26.329;52.264;;16.096
11/05/16 04h59min7s;25.768;55.217;;16.419
11/05/16 05h14min7s;24.484;58.703;;16.151
11/05/16 05h29min7s;23.737;60.403;;15.879
11/05/16 05h44min7s;23.112;62.288;;15.751
11/05/16 05h59min7s;22.753;62.259;;15.404
11/05/16 06h14min7s;22.465;63.666;;15.465
11/05/16 06h29min7s;22.274;66.667;;15.969
11/05/16 06h44min7s;21.987;69.674;;16.350
11/05/16 06h59min7s;21.294;72.302;;16.230
11/05/16 07h14min7s;20.793;72.351;;15.757
11/05/16 07h29min7s;20.341;73.309;;15.512
11/05/16 07h44min7s;20.055;74.293;;15.430
11/05/16 07h59min7s;19.841;74.969;;15.354
11/05/16 08h14min7s;19.722;75.949;;15.426
11/05/16 08h29min7s;19.579;76.519;;15.396
11/05/16 08h44min7s;19.555;76.857;;15.436
11/05/16 08h59min7s;19.484;77.326;;15.455
11/05/16 09h14min7s;19.318;77.972;;15.413
11/05/16 09h29min7s;19.127;78.385;;15.303
11/05/16 09h44min7s;18.961;78.886;;15.232
11/05/16 09h59min7s;18.794;79.723;;15.221
11/05/16 10h14min7s;18.675;80.426;;15.230
11/05/16 10h29min7s;18.675;80.622;;15.265
11/05/16 10h44min7s;18.723;80.716;;15.328
11/05/16 10h59min7s;18.723;80.689;;15.323
11/05/16 11h14min7s;18.723;80.633;;15.313
11/05/16 11h29min7s;18.747;80.498;;15.313
11/05/16 11h44min7s;18.747;80.190;;15.258
11/05/16 11h59min7s;18.818;80.429;;15.370
11/06/16 12h14min7s;18.794;80.424;;15.346
11/06/16 12h29min7s;18.771;80.447;;15.327
11/06/16 12h44min7s;18.771;80.587;;15.352
11/06/16 12h59min7s;18.699;80.851;;15.329
11/06/16 01h14min7s;18.675;80.958;;15.324
11/06/16 01h29min7s;18.628;81.115;;15.305
11/06/16 01h44min7s;18.509;81.312;;15.223
11/06/16 01h59min7s;18.533;81.289;;15.243
11/06/16 02h14min7s;18.533;81.401;;15.262
11/06/16 02h29min7s;18.390;81.453;;15.132
11/06/16 02h44min7s;18.438;81.631;;15.209
11/06/16 02h59min7s;18.390;81.342;;15.112
11/06/16 03h14min7s;18.105;81.613;;14.880
11/06/16 03h29min7s;18.010;82.036;;14.860
11/06/16 03h44min7s;18.081;82.163;;14.952
11/06/16 03h59min7s;17.962;82.164;;14.835
11/06/16 04h14min7s;17.915;82.265;;14.806
11/06/16 04h29min7s;17.962;82.331;;14.864
11/06/16 04h44min7s;17.938;82.298;;14.835
11/06/16 04h59min7s;17.701;82.190;;14.583
11/06/16 05h14min7s;17.653;82.373;;14.568
11/06/16 05h29min7s;17.772;82.482;;14.703
11/06/16 05h44min7s;18.105;82.556;;15.043
11/06/16 05h59min7s;18.485;81.975;;15.316
11/06/16 06h14min7s;19.080;81.660;;15.843
11/06/16 06h29min7s;20.317;77.497;;16.298
11/06/16 06h44min7s;21.079;74.986;;16.558
11/06/16 06h59min7s;21.581;72.823;;16.612
11/06/16 07h14min7s;21.533;71.382;;16.272
11/06/16 07h29min7s;21.223;71.850;;16.069
11/06/16 07h44min7s;21.533;71.236;;16.241
11/06/16 07h59min7s;22.705;68.263;;16.734
11/06/16 08h14min7s;23.521;65.323;;16.854
11/06/16 08h29min7s;24.122;65.517;;17.472
11/06/16 08h44min7s;24.243;62.778;;16.940
11/06/16 08h59min7s;25.016;61.834;;17.442
11/06/16 09h14min7s;25.890;57.800;;17.233
11/06/16 09h29min7s;26.012;58.627;;17.566
11/06/16 09h44min7s;26.867;55.376;;17.486
11/06/16 09h59min7s;27.751;55.535;;18.355
11/06/16 10h14min7s;28.444;50.761;;17.596
11/06/16 10h29min7s;28.023;52.177;;17.637
11/06/16 10h44min7s;27.875;54.034;;18.044
11/06/16 10h59min7s;27.998;51.055;;17.275
11/06/16 11h14min7s;28.394;49.404;;17.127
11/06/16 11h29min7s;29.565;48.648;;17.959
11/06/16 11h44min7s;28.742;48.770;;17.244
;41.972;83.478;49.140;20.951
;16.606;25.197;16.320;13.557
