data_abrigo;tbs;ur;tgn;tpo
10/16/2016 00:6:9;22274;66062;26769;15652
10/16/2016 00:21:9;22250;66347;26695;15696
10/16/2016 00:36:9;22178;66565;26695;15679
10/16/2016 00:51:9;22106;66927;26598;15696
10/16/2016 01:6:9;22058;67292;26573;15735
10/16/2016 01:21:9;22034;67689;26524;15805
10/16/2016 01:36:9;22011;67827;26573;15814
10/16/2016 01:51:9;21987;68052;26524;15843
10/16/2016 02:6:9;21939;68385;26524;15874
10/16/2016 02:21:9;21915;68722;26475;15928
10/16/2016 02:36:9;21891;69057;26524;15981
10/16/2016 02:51:9;21891;69284;26524;16032
10/16/2016 03:6:9;21795;69295;26402;15944
10/16/2016 03:21:9;21700;69419;26280;15880
10/16/2016 03:36:9;21652;69692;26256;15896
10/16/2016 03:51:9;21604;69936;26207;15905
10/16/2016 04:6:9;21604;70245;26256;15974
10/16/2016 04:21:9;21604;70441;26231;16018
10/16/2016 04:36:9;21509;70480;26256;15935
10/16/2016 04:51:9;21461;70527;26158;15899
10/16/2016 05:6:9;21390;70681;26207;15865
10/16/2016 05:21:9;21318;70891;26182;15843
10/16/2016 05:36:9;21294;71054;26109;15856
10/16/2016 05:51:9;21437;72080;26182;16218
10/16/2016 06:6:9;21581;71580;26256;16247
10/16/2016 06:21:9;21604;71390;26207;16228
10/16/2016 06:36:9;21652;71371;26231;16269
10/16/2016 06:51:9;21724;71357;26280;16335
10/16/2016 07:6:9;21772;71338;26280;16377
10/16/2016 07:21:9;21819;71458;26426;16449
10/16/2016 07:36:9;22011;71717;26500;16690
10/16/2016 07:51:9;22274;71599;26769;16917
10/16/2016 08:6:9;22561;71262;26965;17118
10/16/2016 08:21:9;22872;70788;27112;17311
10/16/2016 08:36:9;23184;69915;27161;17413
10/16/2016 08:51:9;23400;69216;27407;17461
10/16/2016 09:6:9;23713;69102;27530;17733
10/16/2016 09:21:9;24653;65712;28122;17830
10/16/2016 09:36:9;26036;59438;28941;17541
10/16/2016 09:51:9;26598;57426;29140;17520
10/16/2016 10:6:9;26916;55631;29414;17313
10/16/2016 10:21:9;27284;54833;29715;17426
10/16/2016 10:36:9;29040;59803;30874;20456
10/16/2016 10:51:9;31382;50823;32304;19993
10/16/2016 11:6:9;31919;47257;32717;19310
10/16/2016 11:21:9;32098;46978;32717;19378
10/16/2016 11:36:9;33600;40166;33783;18218
10/16/2016 11:51:9;35075;33963;34704;16857
10/16/2016 12:6:9;39403;32459;37453;19892
10/16/2016 12:21:9;40631;33074;38365;21260
10/16/2016 12:36:9;42031;26857;39065;19084
10/16/2016 12:51:9;41385;25646;38812;17803
10/16/2016 13:6:9;40171;26049;37866;17031
10/16/2016 13:21:9;39149;27506;37398;17028
10/16/2016 13:36:9;39431;29896;37535;18594
10/16/2016 13:51:9;39829;30112;37838;19049
10/16/2016 14:6:9;39886;27858;37728;17854
10/16/2016 14:21:9;38700;26804;36851;16240
10/16/2016 14:36:9;37866;28004;36335;16222
10/16/2016 14:51:9;36960;28526;35904;15740
10/16/2016 15:6:9;36579;29781;35662;16089
10/16/2016 15:21:9;36688;29277;35716;15914
10/16/2016 15:36:9;36119;29708;35155;15657
10/16/2016 15:51:9;35797;29683;35288;15366
10/16/2016 16:6:9;35368;29868;34836;15096
10/16/2016 16:21:9;34466;28739;34308;13726
10/16/2016 16:36:9;28122;47461;30217;15921
10/16/2016 16:51:9;25065;55242;28320;15481
10/16/2016 17:6:9;24171;56915;27850;15113
10/16/2016 17:21:9;23328;57713;27382;14543
10/16/2016 17:36:9;22848;59738;26989;14628
10/16/2016 17:51:9;22345;62708;26769;14908
10/16/2016 18:6:9;21891;65765;26524;15218
10/16/2016 18:21:9;21509;68904;26134;15581
10/16/2016 18:36:9;21127;70911;25987;15664
10/16/2016 18:51:9;20698;73966;25768;15912
10/16/2016 19:6:9;20365;76082;25453;16031
10/16/2016 19:21:9;19960;79653;25258;16359
10/16/2016 19:36:9;19627;80971;25137;16292
10/16/2016 19:51:9;19413;81967;25186;16275
10/16/2016 20:6:9;19389;82341;25331;16323
10/16/2016 20:21:9;19436;82149;25307;16333
10/16/2016 20:36:9;19484;81246;25186;16206
10/16/2016 20:51:9;19294;82722;25380;16303
10/16/2016 21:6:9;19222;83058;25453;16297
10/16/2016 21:21:9;18842;84266;25841;16151
10/16/2016 21:36:9;18771;84718;26109;16165
10/16/2016 21:51:9;19032;82186;25234;15945
10/16/2016 22:6:9;18818;82742;25210;15841
10/16/2016 22:21:9;18771;83156;25501;15873
10/16/2016 22:36:9;18723;83594;25744;15909
10/16/2016 22:51:9;18557;83953;25817;15813
10/16/2016 23:6:9;18438;84173;25866;15737
10/16/2016 23:21:9;18105;85397;26500;15636
10/16/2016 23:36:9;17986;86097;27063;15647
10/16/2016 23:51:9;18010;86176;27112;15685
10/17/2016 00:6:9;17867;85900;26720;15495
10/17/2016 00:21:9;17748;86186;27087;15430
10/17/2016 00:36:9;17605;86466;27161;15340
10/17/2016 00:51:9;17867;86214;27136;15552
10/17/2016 01:6:9;17701;86537;27481;15446
10/17/2016 01:21:9;17534;86953;27751;15357
10/17/2016 01:36:9;17558;87245;28023;15433
10/17/2016 01:51:9;17249;87695;28419;15209
10/17/2016 02:6:9;17296;88486;29890;15395
10/17/2016 02:21:9;17082;88833;29966;15245
10/17/2016 02:36:9;17011;89026;30469;15209
10/17/2016 02:51:9;16915;89073;30394;15123
10/17/2016 03:6:9;16773;89340;30748;15028
10/17/2016 03:21:9;16939;89707;31306;15257
10/17/2016 03:36:9;16915;89747;31510;15240
10/17/2016 03:51:9;17082;89881;31893;15428
10/17/2016 04:6:9;17153;89899;31944;15502
10/17/2016 04:21:9;17011;89863;32073;15355
10/17/2016 04:36:9;17320;89731;32587;15637
10/17/2016 04:51:9;17344;88568;30874;15457
10/17/2016 05:6:9;17153;88168;30976;15199
10/17/2016 05:21:9;17106;88440;31331;15200
10/17/2016 05:36:9;17701;87637;30192;15644
10/17/2016 05:51:9;18366;85165;26695;15851
10/17/2016 06:6:9;18818;83391;25453;15964
10/17/2016 06:21:9;19008;83559;25720;16182
10/17/2016 06:36:9;19698;80243;24726;16220
10/17/2016 06:51:9;21485;72613;26036;16380
10/17/2016 07:6:9;23016;65986;27136;16340
10/17/2016 07:21:9;25113;59022;28419;16564
10/17/2016 07:36:9;24339;59544;27899;15977
10/17/2016 07:51:9;26475;51221;29265;15605
10/17/2016 08:6:9;26695;51955;29389;16031
10/17/2016 08:21:9;27628;49332;29941;16076
10/17/2016 08:36:9;27825;47754;30192;15747
10/17/2016 08:51:9;26818;50234;29439;15616
10/17/2016 09:6:9;29140;44658;30874;15891
10/17/2016 09:21:9;30192;42957;31714;16231
10/17/2016 09:36:9;30217;43027;31663;16279
10/17/2016 09:51:9;29515;44265;31306;16091
10/17/2016 10:6:9;30318;42563;31765;16200
10/17/2016 10:21:9;29916;44411;31433;16505
10/17/2016 10:36:9;31970;38716;32768;16187
10/17/2016 10:51:9;32536;38215;33079;16484
10/17/2016 11:6:9;32355;38336;32872;16374
10/17/2016 11:21:9;30849;40502;32098;15896
10/17/2016 11:36:9;31996;37463;32794;15694
10/17/2016 11:51:9;33391;35095;33730;15900
10/17/2016 12:6:9;33105;35918;33574;16012
10/17/2016 12:21:9;32820;35467;33443;15564
10/17/2016 12:36:9;33783;32416;34019;15002
10/17/2016 12:51:9;34413;32542;34413;15609
10/17/2016 13:6:9;35102;31047;34783;15470
10/17/2016 13:21:9;34995;30639;34704;15172
10/17/2016 13:36:9;33626;32833;33835;15065
10/17/2016 13:51:9;36498;29225;35636;15724
10/17/2016 14:6:9;34863;31931;34466;15703
10/17/2016 14:21:9;32330;35280;33105;15052
10/17/2016 14:36:9;31612;36130;32484;14791
10/17/2016 14:51:9;35368;31032;35075;15693
10/17/2016 15:6:9;33783;34134;33940;15808
10/17/2016 15:21:9;33574;34472;33626;15779
10/17/2016 15:36:9;29715;42701;31204;15708
10/17/2016 15:51:9;30243;42555;31663;16129
10/17/2016 16:6:9;30419;43929;31637;16788
10/17/2016 16:21:9;28221;49179;30369;16569
10/17/2016 16:36:9;27284;51391;29740;16402
10/17/2016 16:51:9;26916;53357;29439;16653
10/17/2016 17:6:9;24823;59405;28221;16394
10/17/2016 17:21:9;23545;62874;27456;16082
10/17/2016 17:36:9;22848;66335;26965;16263
10/17/2016 17:51:9;22369;67805;26793;16151
10/17/2016 18:6:9;21891;69256;26378;16026
10/17/2016 18:21:9;21485;70755;26134;15973
10/17/2016 18:36:9;21103;72540;25963;15997
10/17/2016 18:51:9;20746;74030;25647;15971
10/17/2016 19:6:9;20365;75306;25331;15871
10/17/2016 19:21:9;20103;77224;25186;16011
10/17/2016 19:36:9;19770;79042;24944;16053
10/17/2016 19:51:9;19888;79249;25186;16209
10/17/2016 20:6:9;19960;78639;25186;16158
10/17/2016 20:21:9;19936;79051;25186;16217
10/17/2016 20:36:9;19888;79767;25210;16312
10/17/2016 20:51:9;19793;80057;25258;16276
10/17/2016 21:6:9;19722;80042;25089;16204
10/17/2016 21:21:9;19484;80863;25210;16132
10/17/2016 21:36:9;19674;80725;25283;16291
10/17/2016 21:51:9;19389;80689;25137;16005
10/17/2016 22:6:9;18842;81967;25453;15718
10/17/2016 22:21:9;19222;82405;25817;16173
10/17/2016 22:36:9;19341;81926;25574;16198
10/17/2016 22:51:9;19199;81742;25428;16023
10/17/2016 23:6:9;19199;82097;25598;16091
10/17/2016 23:21:9;19199;83352;26622;16329
10/17/2016 23:36:9;18985;84150;27456;16269
10/17/2016 23:51:9;18771;83853;26867;16004
10/18/2016 00:6:9;18675;84573;27998;16045
10/18/2016 00:21:9;18438;86107;29040;16093
10/18/2016 00:36:9;18604;86364;28742;16304
10/18/2016 00:51:9;18628;86490;28816;16350
10/18/2016 01:6:9;18699;85608;27481;16259
10/18/2016 01:21:9;18319;85520;28245;15869
10/18/2016 01:36:9;18057;86042;29040;15707
10/18/2016 01:51:9;17867;86624;30343;15626
10/18/2016 02:6:9;17772;87225;31535;15640
10/18/2016 02:21:9;17796;87326;31561;15682
10/18/2016 02:36:9;18152;87531;31970;16070
10/18/2016 02:51:9;18343;86737;30192;16114
10/18/2016 03:6:9;18176;87082;31535;16013
10/18/2016 03:21:9;18010;87377;32021;15902
10/18/2016 03:36:9;18081;87729;32639;16035
10/18/2016 03:51:9;18343;87744;32691;16295
10/18/2016 04:6:9;18414;87474;32355;16317
10/18/2016 04:21:9;18461;87438;32253;16358
10/18/2016 04:36:9;18461;87342;31996;16340
10/18/2016 04:51:9;18343;87313;32330;16218
10/18/2016 05:6:9;18295;87350;31944;16178
10/18/2016 05:21:9;18366;86983;31281;16182
10/18/2016 05:36:9;18509;86873;30697;16302
10/18/2016 05:51:9;18842;85763;29190;16428
10/18/2016 06:6:9;19698;86281;28196;17364
10/18/2016 06:21:9;21342;83684;26426;18491
10/18/2016 06:36:9;22657;77295;26622;18503
10/18/2016 06:51:9;22489;75432;26598;17951
10/18/2016 07:6:9;26109;64601;29015;18939
10/18/2016 07:21:9;27333;59482;29815;18768
10/18/2016 07:36:9;24847;65393;28270;17936
10/18/2016 07:51:9;29991;58769;31637;21063
10/18/2016 08:6:9;34071;47717;34097;21425
10/18/2016 08:21:9;35555;47121;34969;22569
10/18/2016 08:36:9;36796;42996;35931;22180
10/18/2016 08:51:9;38170;42277;36742;23133
10/18/2016 09:6:9;39346;37821;37563;22337
10/18/2016 09:21:9;41268;35887;38700;23159
10/18/2016 09:36:9;41707;34078;38840;22685
10/18/2016 09:51:9;42684;31115;39403;22031
10/18/2016 10:6:9;44411;27330;40688;21375
10/18/2016 10:21:9;46067;26958;41795;22547
10/18/2016 10:36:9;44688;24239;40862;19659
10/18/2016 10:51:9;45719;26098;41590;21722
10/18/2016 11:6:9;47385;25680;42445;22851
10/18/2016 11:21:9;33783;37461;33809;17272
10/18/2016 11:36:9;34176;35592;34097;16810
10/18/2016 11:51:9;33992;37059;34071;17287
10/18/2016 12:6:9;34202;34671;34255;16419
10/18/2016 12:21:9;30748;39700;31944;15493
10/18/2016 12:36:9;34757;32355;34519;15817
10/18/2016 12:51:9;34730;31956;34466;15600
10/18/2016 13:6:9;35422;31327;35022;15887
10/18/2016 13:21:9;33105;34358;33469;15318
10/18/2016 13:36:9;31893;35769;32665;14883
10/18/2016 13:51:9;33365;33669;33678;15229
10/18/2016 14:6:9;30444;39358;31842;15088
10/18/2016 14:21:9;29315;41059;31077;14738
10/18/2016 14:36:9;29240;41699;30900;14911
10/18/2016 14:51:9;29190;41625;30925;14839
10/18/2016 15:6:9;31306;37361;32098;15042
10/18/2016 15:21:9;31001;38376;32098;15189
10/18/2016 15:36:9;30369;41137;31740;15711
10/18/2016 15:51:9;29540;43830;31281;15959
10/18/2016 16:6:9;28816;47941;30798;16712
10/18/2016 16:21:9;27456;51671;29690;16646
10/18/2016 16:36:9;26061;58089;28916;17200
10/18/2016 16:51:9;25914;59633;28916;17478
10/18/2016 17:6:9;24581;65054;27974;17601
10/18/2016 17:21:9;23761;68682;27579;17682
10/18/2016 17:36:9;23112;70269;27210;17424
10/18/2016 17:51:9;22896;72606;27087;17736
10/18/2016 18:6:9;22369;73691;26671;17464
10/18/2016 18:21:9;21843;75708;26158;17385
10/18/2016 18:36:9;21509;77301;26085;17391
10/18/2016 18:51:9;21127;78701;25939;17305
10/18/2016 19:6:9;20913;78734;25890;17103
10/18/2016 19:21:9;20460;79396;25623;16795
10/18/2016 19:36:9;20174;79854;25598;16607
10/18/2016 19:51:9;19936;80294;25404;16462
10/18/2016 20:6:9;19888;80258;25355;16408
10/18/2016 20:21:9;19793;80494;25477;16362
10/18/2016 20:36:9;19651;80258;25162;16176
10/18/2016 20:51:9;19460;80525;25113;16043
10/18/2016 21:6:9;19413;80643;25186;16020
10/18/2016 21:21:9;19460;80371;25162;16013
10/18/2016 21:36:9;19365;80402;25113;15926
10/18/2016 21:51:9;18842;81360;25186;15601
10/18/2016 22:6:9;18509;82271;25210;15450
10/18/2016 22:21:9;18295;82900;25647;15360
10/18/2016 22:36:9;18152;83440;25939;15321
10/18/2016 22:51:9;18010;83581;25987;15208
10/18/2016 23:6:9;17962;83818;26353;15205
10/18/2016 23:21:9;17843;84087;26524;15139
10/18/2016 23:36:9;17701;84448;26989;15065
10/18/2016 23:51:9;18010;85009;27579;15472
10/19/2016 00:6:9;18343;84127;26451;15636
10/19/2016 00:21:9;18461;83585;26182;15651
10/19/2016 00:36:9;18414;83474;26061;15584
10/19/2016 00:51:9;18366;83662;26231;15572
10/19/2016 01:6:9;18485;83739;26061;15703
10/19/2016 01:21:9;18247;83486;25841;15423
10/19/2016 01:36:9;17796;84641;27014;15194
10/19/2016 01:51:9;17819;85452;27776;15366
10/19/2016 02:6:9;17819;85501;28147;15375
10/19/2016 02:21:9;17605;85451;27850;15156
10/19/2016 02:36:9;17463;86336;28965;15176
10/19/2016 02:51:9;17701;86969;29941;15524
10/19/2016 03:6:9;17796;86943;30243;15613
10/19/2016 03:21:9;17724;86831;29640;15523
10/19/2016 03:36:9;17249;86717;29140;15034
10/19/2016 03:51:9;16987;87133;29890;14851
10/19/2016 04:6:9;17106;87565;31179;15045
10/19/2016 04:21:9;17296;87943;31255;15300
10/19/2016 04:36:9;17272;88008;31128;15288
10/19/2016 04:51:9;17058;88051;31077;15084
10/19/2016 05:6:9;17082;88434;31561;15175
10/19/2016 05:21:9;17629;88708;32484;15763
10/19/2016 05:36:9;17915;88613;32717;16028
10/19/2016 05:51:9;18461;88367;32433;16524
10/19/2016 06:6:9;19103;86820;31842;16878
10/19/2016 06:21:9;20246;82783;26280;17246
10/19/2016 06:36:9;22369;75949;26012;17944
10/19/2016 06:51:9;22393;73475;26304;17441
10/19/2016 07:6:9;27382;61111;29815;19248
10/19/2016 07:21:9;29715;53098;31433;19163
10/19/2016 07:36:9;26671;56316;29389;17279
10/19/2016 07:51:9;24412;62657;27924;16847
10/19/2016 08:6:9;26965;53013;29565;16597
10/19/2016 08:21:9;25987;56311;28941;16641
10/19/2016 08:36:9;27210;51767;29715;16449
10/19/2016 08:51:9;27776;50487;29966;16575
10/19/2016 09:6:9;28568;47647;30495;16388
10/19/2016 09:21:9;29315;46148;31077;16565
10/19/2016 09:36:9;29590;45045;31128;16433
10/19/2016 09:51:9;30142;43594;31561;16417
10/19/2016 10:6:9;30900;41056;32098;16155
10/19/2016 10:21:9;31255;41471;32304;16631
10/19/2016 10:36:9;32433;39040;33131;16729
10/19/2016 10:51:9;32587;37766;33183;16344
10/19/2016 11:6:9;32536;37481;33157;16179
10/19/2016 11:21:9;33914;34858;33992;16251
10/19/2016 11:36:9;34572;33346;34492;16129
10/19/2016 11:51:9;34545;33988;34519;16406
10/19/2016 12:6:9;34757;33290;34519;16264
10/19/2016 12:21:9;36444;31339;35662;16774
10/19/2016 12:36:9;36281;31034;35502;16481
10/19/2016 12:51:9;33783;33348;33914;15444
10/19/2016 13:6:9;36525;30252;35662;16289
10/19/2016 13:21:9;34916;31936;34730;15751
10/19/2016 13:36:9;34942;32443;34492;16021
10/19/2016 13:51:9;36525;30106;35689;16213
10/19/2016 14:6:9;34413;32829;34387;15747
10/19/2016 14:21:9;32665;35982;33417;15653
10/19/2016 14:36:9;31306;38059;32150;15330
10/19/2016 14:51:9;31637;37324;32458;15320
10/19/2016 15:6:9;32047;37118;32794;15595
10/19/2016 15:21:9;32613;35942;33183;15591
10/19/2016 15:36:9;29941;42997;31459;16019
10/19/2016 15:51:9;29540;44838;31230;16316
10/19/2016 16:6:9;27456;51382;29765;16557
10/19/2016 16:21:9;26671;55314;29265;16994
10/19/2016 16:36:9;25671;59931;28692;17329
10/19/2016 16:51:9;24871;62732;28245;17299
10/19/2016 17:6:9;24315;65244;27776;17395
10/19/2016 17:21:9;23593;67935;27505;17348
10/19/2016 17:36:9;23040;70058;27112;17308
10/19/2016 17:51:9;22681;71229;27014;17225
10/19/2016 18:6:9;22345;74697;26426;17657
10/19/2016 18:21:9;21819;76751;26304;17578
10/19/2016 18:36:9;21366;78619;26036;17520
10/19/2016 18:51:9;21103;78879;25890;17317
10/19/2016 19:6:9;20746;80235;25890;17239
10/19/2016 19:21:9;20579;80329;25720;17095
10/19/2016 19:36:9;20555;81173;25914;17237
10/19/2016 19:51:9;20531;81398;26036;17258
10/19/2016 20:6:9;20531;82036;26304;17381
10/19/2016 20:21:9;20365;82709;26622;17348
10/19/2016 20:36:9;20341;82602;26426;17304
10/19/2016 20:51:9;20079;83099;26671;17143
10/19/2016 21:6:9;20055;83144;26695;17128
10/19/2016 21:21:9;19888;82981;26378;16934
10/19/2016 21:36:9;19722;83320;26500;16836
10/19/2016 21:51:9;19698;83540;26720;16854
10/19/2016 22:6:9;19365;83938;27063;16603
10/19/2016 22:21:9;18985;84471;27358;16329
10/19/2016 22:36:9;18747;85155;27949;16222
10/19/2016 22:51:9;18652;85426;28122;16179
10/19/2016 23:6:9;18652;85646;28394;16219
10/19/2016 23:21:9;18699;85901;28816;16313
10/19/2016 23:36:9;18889;85799;28742;16481
10/19/2016 23:51:9;19032;84901;27554;16456
10/20/2016 00:6:9;19008;84748;27382;16404
10/20/2016 00:21:9;18771;84988;27604;16215
10/20/2016 00:36:9;18747;85497;28221;16285
10/20/2016 00:51:9;18366;86138;28841;16029
10/20/2016 01:6:9;18200;87088;30268;16037
10/20/2016 01:21:9;18200;87662;31382;16140
10/20/2016 01:36:9;18390;87229;29740;16250
10/20/2016 01:51:9;18152;86788;29365;15936
10/20/2016 02:6:9;17986;87539;30748;15907
10/20/2016 02:21:9;17677;87631;30646;15619
10/20/2016 02:36:9;17463;88314;31433;15529
10/20/2016 02:51:9;17510;88797;31893;15662
10/20/2016 03:6:9;17677;89025;31970;15866
10/20/2016 03:21:9;17701;88961;31919;15878
10/20/2016 03:36:9;17701;88820;31816;15853
10/20/2016 03:51:9;17748;88643;31689;15869
10/20/2016 04:6:9;17701;88254;31052;15753
10/20/2016 04:21:9;17677;88390;31281;15754
10/20/2016 04:36:9;17701;88702;31893;15833
10/20/2016 04:51:9;17605;89031;32150;15797
10/20/2016 05:6:9;17653;89371;32227;15903
10/20/2016 05:21:9;17843;89418;32201;16099
10/20/2016 05:36:9;17986;88890;31944;16147
10/20/2016 05:51:9;18509;88022;30950;16509
10/20/2016 06:6:9;18985;86283;28072;16663
10/20/2016 06:21:9;19413;84544;27014;16763
10/20/2016 06:36:9;20531;79515;24847;16888
10/20/2016 06:51:9;20531;79099;25016;16805
10/20/2016 07:6:9;21867;73456;25404;16930
10/20/2016 07:21:9;21700;72129;26182;16482
10/20/2016 07:36:9;23448;66409;27382;16852
10/20/2016 07:51:9;23713;65347;27604;16849
10/20/2016 08:6:9;24532;63064;28023;17063
10/20/2016 08:21:9;25671;58677;28816;16995
10/20/2016 08:36:9;26524;54884;29340;16735
10/20/2016 08:51:9;26989;54918;29439;17177
10/20/2016 09:6:9;26134;55864;29040;16651
10/20/2016 09:21:9;28320;49713;30495;16830
10/20/2016 09:36:9;30091;45906;31637;17187
10/20/2016 09:51:9;31255;41300;32381;16566
10/20/2016 10:6:9;31484;41632;32717;16898
10/20/2016 10:21:9;31433;40494;32536;16415
10/20/2016 10:36:9;31637;41717;32742;17067
10/20/2016 10:51:9;33079;37288;33626;16578
10/20/2016 11:6:9;34360;34328;34360;16401
10/20/2016 11:21:9;32949;36643;33548;16189
10/20/2016 11:36:9;37563;31722;36389;17933
10/20/2016 11:51:9;35689;32507;35128;16699
10/20/2016 12:6:9;31689;38305;32691;15770
10/20/2016 12:21:9;37370;28262;36308;15944
10/20/2016 12:36:9;35288;31026;34863;15620
10/20/2016 12:51:9;33365;34453;33730;15588
10/20/2016 13:6:9;38728;26806;37124;16265
10/20/2016 13:21:9;40429;24676;38254;16393
10/20/2016 13:36:9;39601;24620;37590;15666
10/20/2016 13:51:9;32021;34969;32820;14644
10/20/2016 14:6:9;32098;35224;32872;14824
10/20/2016 14:21:9;32587;33636;33209;14536
10/20/2016 14:36:9;37976;26975;36661;15728
10/20/2016 14:51:9;37178;27213;36146;15190
10/20/2016 15:6:9;35102;29336;34704;14588
10/20/2016 15:21:9;36769;27627;35931;15078
10/20/2016 15:36:9;36092;27355;35422;14350
10/20/2016 15:51:9;35850;28074;35235;14546
10/20/2016 16:6:9;34624;29518;34519;14275
10/20/2016 16:21:9;33027;31453;33600;13881
10/20/2016 16:36:9;31816;34738;32717;14362
10/20/2016 16:51:9;29490;41726;31204;15145
10/20/2016 17:6:9;27456;53080;29941;17070
10/20/2016 17:21:9;25453;60627;28593;17307
10/20/2016 17:36:9;24677;64038;28270;17443
10/20/2016 17:51:9;23881;68589;27825;17776
10/20/2016 18:6:9;23136;71061;27186;17625
10/20/2016 18:21:9;22585;73595;26818;17651
10/20/2016 18:36:9;22058;75536;26280;17556
10/20/2016 18:51:9;21891;75826;26134;17455
10/20/2016 19:6:9;21700;77100;25939;17535
10/20/2016 19:21:9;21437;78766;25768;17619
10/20/2016 19:36:9;21246;78883;25671;17457
10/20/2016 19:51:9;20913;80271;25647;17409
10/20/2016 20:6:9;20770;80653;25695;17345
10/20/2016 20:21:9;20650;81424;25890;17379
10/20/2016 20:36:9;20579;81893;25963;17400
10/20/2016 20:51:9;20650;81935;26207;17478
10/20/2016 21:6:9;20484;82355;26256;17397
10/20/2016 21:21:9;20293;82895;26353;17314
10/20/2016 21:36:9;20317;82648;26158;17290
10/20/2016 21:51:9;20293;82895;26207;17314
10/20/2016 22:6:9;20222;82677;26231;17202
10/20/2016 22:21:9;20103;83154;26475;17177
10/20/2016 22:36:9;20055;83570;26867;17209
10/20/2016 22:51:9;19912;83788;26989;17110
10/20/2016 23:6:9;19817;84315;27727;17116
10/20/2016 23:21:9;19817;84587;27998;17167
10/20/2016 23:36:9;19817;84687;27974;17186
10/20/2016 23:51:9;19841;84692;28097;17210
10/21/2016 00:6:9;19793;84953;28394;17212
10/21/2016 00:21:9;19793;84953;28419;17212
10/21/2016 00:36:9;19746;84917;27850;17159
10/21/2016 00:51:9;19318;85213;28444;16794
10/21/2016 01:6:9;19056;86325;30192;16741
10/21/2016 01:21:9;19032;86876;30722;16818
10/21/2016 01:36:9;19080;87441;31281;16967
10/21/2016 01:51:9;19127;87308;30925;16990
10/21/2016 02:6:9;19080;87201;30167;16924
10/21/2016 02:21:9;19080;86887;29991;16867
10/21/2016 02:36:9;19080;86451;28916;16787
10/21/2016 02:51:9;19127;85512;28023;16662
10/21/2016 03:6:9;19175;85425;28245;16693
10/21/2016 03:21:9;19151;85420;28419;16668
10/21/2016 03:36:9;19222;85681;28642;16787
10/21/2016 03:51:9;19199;86090;29340;16838
10/21/2016 04:6:9;19222;85877;28667;16822
10/21/2016 04:21:9;19127;85243;28048;16612
10/21/2016 04:36:9;18628;86345;31103;16324
10/21/2016 04:51:9;18533;87239;31893;16392
10/21/2016 05:6:9;18580;87610;31740;16506
10/21/2016 05:21:9;18771;87703;31689;16710
10/21/2016 05:36:9;19008;87520;31128;16911
10/21/2016 05:51:9;19484;86547;28617;17203
10/21/2016 06:6:9;19722;84887;26940;17130
10/21/2016 06:21:9;20007;83434;26158;17137
10/21/2016 06:36:9;20126;83135;26304;17196
10/21/2016 06:51:9;20650;80962;25598;17289
10/21/2016 07:6:9;21151;78627;25307;17313
10/21/2016 07:21:9;21676;76935;25550;17478
10/21/2016 07:36:9;22441;74498;26061;17707
10/21/2016 07:51:9;23424;71030;27407;17895
10/21/2016 08:6:9;25404;64720;28667;18300
10/21/2016 08:21:9;25939;62364;29065;18214
10/21/2016 08:36:9;27382;58255;29865;18481
10/21/2016 08:51:9;28692;54141;30748;18529
10/21/2016 09:6:9;30824;48088;32201;18592
10/21/2016 09:21:9;31996;44580;32820;18444
10/21/2016 09:36:9;31663;45788;32639;18571
10/21/2016 09:51:9;34229;40092;34202;18749
10/21/2016 10:6:9;30900;45129;32278;17648
10/21/2016 10:21:9;31408;45826;32458;18353
10/21/2016 10:36:9;32924;41546;33469;18153
10/21/2016 10:51:9;34545;38448;34492;18360
10/21/2016 11:6:9;34942;37221;34572;18194
10/21/2016 11:21:9;37645;33180;36417;18722
10/21/2016 11:36:9;38504;31727;36933;18748
10/21/2016 11:51:9;40602;27986;38337;18535
10/21/2016 12:6:9;41619;26640;38896;18607
10/21/2016 12:21:9;35743;33160;35128;17060
10/21/2016 12:36:9;33992;37411;34045;17436
10/21/2016 12:51:9;39573;28355;37673;17870
10/21/2016 13:6:9;39177;28436;37508;17579
10/21/2016 13:21:9;39149;27581;37288;17071
10/21/2016 13:36:9;36498;30396;35662;16340
10/21/2016 13:51:9;36417;29659;35689;15885
10/21/2016 14:6:9;35931;31514;35288;16420
10/21/2016 14:21:9;35342;33628;34889;16932
10/21/2016 14:36:9;30369;43315;31765;16520
10/21/2016 14:51:9;29090;51338;30925;18048
10/21/2016 15:6:9;29439;50442;31306;18088
10/21/2016 15:21:9;31740;45158;32794;18419
10/21/2016 15:36:9;29515;50907;31357;18304
10/21/2016 15:51:9;28097;55768;30369;18450
10/21/2016 16:6:9;25939;62544;28891;18260
10/21/2016 16:21:9;25671;62741;28791;18057
10/21/2016 16:36:9;25647;62797;28742;18048
10/21/2016 16:51:9;25162;64473;28369;18009
10/21/2016 17:6:9;24702;66159;28171;17983
10/21/2016 17:21:9;24363;67176;28023;17905
10/21/2016 17:36:9;24002;69695;27776;18146
10/21/2016 17:51:9;23545;71137;27505;18034
10/21/2016 18:6:9;23184;71742;27259;17823
10/21/2016 18:21:9;22872;73348;26891;17875
10/21/2016 18:36:9;22417;74575;26695;17700
10/21/2016 18:51:9;21867;76359;26134;17543
10/21/2016 19:6:9;21604;76787;26061;17378
10/21/2016 19:21:9;21485;76549;25963;17213
10/21/2016 19:36:9;21151;78101;25890;17207
10/21/2016 19:51:9;21127;77461;25841;17053
10/21/2016 20:6:9;20793;76035;25501;16437
10/21/2016 20:21:9;20412;77763;25283;16421
10/21/2016 20:36:9;20150;79305;25162;16475
10/21/2016 20:51:9;20103;80818;25501;16727
10/21/2016 21:6:9;20055;81396;25574;16793
10/21/2016 21:21:9;19888;81945;25720;16736
10/21/2016 21:36:9;19793;82657;26012;16779
10/21/2016 21:51:9;19746;82773;25987;16755
10/21/2016 22:6:9;19770;83155;26304;16851
10/21/2016 22:21:9;19817;83116;26256;16890
10/21/2016 22:36:9;19817;83191;26158;16904
10/21/2016 22:51:9;19674;83460;26353;16815
10/21/2016 23:6:9;19508;83846;26720;16725
10/21/2016 23:21:9;19460;84134;26842;16733
10/21/2016 23:36:9;19341;83833;26451;16560
10/21/2016 23:51:9;19199;84545;27382;16553
10/22/2016 00:6:9;19127;85267;27924;16617
10/22/2016 00:21:9;19127;84972;27431;16562
10/22/2016 00:36:9;19008;85240;27751;16495
10/22/2016 00:51:9;19056;85765;28468;16638
10/22/2016 01:6:9;19199;85773;28593;16780
10/22/2016 01:21:9;19222;86023;28990;16849
10/22/2016 01:36:9;19270;86058;29040;16903
10/22/2016 01:51:9;19199;86552;30293;16923
10/22/2016 02:6:9;18937;87767;31893;16885
10/22/2016 02:21:9;18842;88720;31663;16962
10/22/2016 02:36:9;18842;89311;31179;17067
10/22/2016 02:51:9;18675;89576;30874;16949
10/22/2016 03:6:9;18652;89804;30646;16966
10/22/2016 03:21:9;18675;89904;30495;17007
10/22/2016 03:36:9;18580;90067;30469;16942
10/22/2016 03:51:9;18604;90166;30293;16983
10/22/2016 04:6:9;18509;90236;29540;16901
10/22/2016 04:21:9;18390;90299;29389;16794
10/22/2016 04:36:9;18343;90357;28916;16757
10/22/2016 04:51:9;18224;90397;29490;16647
10/22/2016 05:6:9;18271;90409;30142;16696
10/22/2016 05:21:9;18366;90433;30672;16794
10/22/2016 05:36:9;18485;90416;31077;16909
10/22/2016 05:51:9;18747;90388;31944;17163
10/22/2016 06:6:9;19222;90086;33261;17580
10/22/2016 06:21:9;19984;87536;29290;17875
10/22/2016 06:36:9;20722;82078;25647;17576
10/22/2016 06:51:9;21008;79121;24774;17273
10/22/2016 07:6:9;20889;80240;25210;17379
10/22/2016 07:21:9;21676;77866;25137;17669
10/22/2016 07:36:9;21772;76473;25137;17475
10/22/2016 07:51:9;22011;75310;25113;17463
10/22/2016 08:6:9;22417;73453;25647;17459
10/22/2016 08:21:9;25234;61439;28543;17312
10/22/2016 08:36:9;26671;56316;29414;17279
10/22/2016 08:51:9;26867;55875;29715;17336
10/22/2016 09:6:9;26207;57926;29240;17292
10/22/2016 09:21:9;27677;52663;30192;17150
10/22/2016 09:36:9;27530;54836;30117;17655
10/22/2016 09:51:9;29490;48748;31433;17591
10/22/2016 10:6:9;29240;50156;31052;17814
10/22/2016 10:21:9;29490;50644;31331;18198
10/22/2016 10:36:9;30495;48741;31919;18507
10/22/2016 10:51:9;30874;45361;32150;17707
10/22/2016 11:6:9;30369;47999;31842;18147
10/22/2016 11:21:9;28692;50476;30646;17413
10/22/2016 11:36:9;31382;43563;32665;17524
10/22/2016 11:51:9;31510;42455;32433;17230
10/22/2016 12:6:9;29916;45585;31535;16916
10/22/2016 12:21:9;29690;44922;31433;16481
10/22/2016 12:36:9;29690;44587;31382;16363
10/22/2016 12:51:9;31433;42003;32665;16992
10/22/2016 13:6:9;31153;42246;32330;16832
10/22/2016 13:21:9;30874;43066;32047;16884
10/22/2016 13:36:9;32253;41234;33131;17433
10/22/2016 13:51:9;33313;38536;33704;17305
10/22/2016 14:6:9;33730;38158;34045;17518
10/22/2016 14:21:9;31306;41887;32381;16834
10/22/2016 14:36:9;33809;36866;34097;17042
10/22/2016 14:51:9;33574;37019;33809;16900
10/22/2016 15:6:9;29715;43917;31331;16148
10/22/2016 15:21:9;34308;37336;34281;17683
10/22/2016 15:36:9;29165;46429;31077;16524
10/22/2016 15:51:9;28097;47787;30394;16005
10/22/2016 16:6:9;28270;49250;30520;16638
10/22/2016 16:21:9;27677;52567;30016;17122
10/22/2016 16:36:9;26280;57720;29215;17304
10/22/2016 16:51:9;25744;59607;28816;17312
10/22/2016 17:6:9;25089;61868;28419;17285
10/22/2016 17:21:9;24436;66754;27974;17873
10/22/2016 17:36:9;23088;71668;27235;17714
10/22/2016 17:51:9;22561;72929;26867;17484
10/22/2016 18:6:9;22298;75475;26353;17775
10/22/2016 18:21:9;21772;77434;25963;17673
10/22/2016 18:36:9;21223;77348;25501;17123
10/22/2016 18:51:9;20770;79826;25525;17181
10/22/2016 19:6:9;20579;80380;25453;17105
10/22/2016 19:21:9;20484;79946;25331;16927
10/22/2016 19:36:9;20269;80262;25720;16780
10/22/2016 19:51:9;20126;80926;25939;16771
10/22/2016 20:6:9;19936;81828;25939;16760
10/22/2016 20:21:9;19698;82762;26426;16706
10/22/2016 20:36:9;19532;83077;26524;16603
10/22/2016 20:51:9;19413;82673;26158;16410
10/22/2016 21:6:9;19532;82423;25841;16479
10/22/2016 21:21:9;19651;82550;25987;16619
10/22/2016 21:36:9;19722;82717;26134;16721
10/22/2016 21:51:9;19698;83039;26402;16759
10/22/2016 22:6:9;19603;83368;26695;16728
10/22/2016 22:21:9;19674;83535;26940;16830
10/22/2016 22:36:9;19508;84368;27751;16823
10/22/2016 22:51:9;19555;84106;27530;16821
10/22/2016 23:6:9;19532;84076;27702;16792
10/22/2016 23:21:9;19222;85583;29015;16768
10/22/2016 23:36:9;18794;86312;29414;16481
10/22/2016 23:51:9;18794;86940;30469;16596
10/23/2016 00:6:9;18842;86589;30142;16579
10/23/2016 00:21:9;18319;86635;29890;16072
10/23/2016 00:36:9;18366;86887;30192;16165
10/23/2016 00:51:9;18176;86986;30773;15995
10/23/2016 01:6:9;17819;87594;31179;15753
10/23/2016 01:21:9;17534;88119;31561;15565
10/23/2016 01:36:9;17558;88455;31612;15648
10/23/2016 01:51:9;17391;88580;31586;15506
10/23/2016 02:6:9;17249;88780;31561;15400
10/23/2016 02:21:9;17320;89102;31612;15527
10/23/2016 02:36:9;17201;89166;31689;15421
10/23/2016 02:51:9;17296;89283;32021;15535
10/23/2016 03:6:9;17439;89365;32278;15691
10/23/2016 03:21:9;17582;89306;32458;15822
10/23/2016 03:36:9;17558;89207;32562;15781
10/23/2016 03:51:9;17486;89330;32510;15732
10/23/2016 04:6:9;17320;89545;32304;15605
10/23/2016 04:21:9;17296;89563;32510;15584
10/23/2016 04:36:9;17296;89376;32665;15552
10/23/2016 04:51:9;17201;89399;32639;15462
10/23/2016 05:6:9;17153;89481;32536;15429
10/23/2016 05:21:9;17439;89598;32717;15732
10/23/2016 05:36:9;17701;89078;32872;15899
10/23/2016 05:51:9;18152;88126;31996;16176
10/23/2016 06:6:9;19103;84523;27899;16455
10/23/2016 06:21:9;19413;84346;27899;16726
10/23/2016 06:36:9;20579;79525;25501;16936
10/23/2016 06:51:9;21604;74089;25113;16812
10/23/2016 07:6:9;22609;70289;26646;16946
10/23/2016 07:21:9;23905;64706;27850;16875
10/23/2016 07:36:9;24484;62639;28023;16911
10/23/2016 07:51:9;24532;61779;28221;16738
10/23/2016 08:6:9;25623;56040;29040;16225
10/23/2016 08:21:9;26304;55136;29265;16603
10/23/2016 08:36:9;27038;52641;29765;16553
10/23/2016 08:51:9;27063;52516;29815;16539
10/23/2016 09:6:9;28072;49681;30520;16594
10/23/2016 09:21:9;28916;48315;30824;16925
10/23/2016 09:36:9;29115;46655;31179;16556
10/23/2016 09:51:9;29690;44788;31535;16434
10/23/2016 10:6:9;30217;41736;31868;15801
10/23/2016 10:21:9;31663;37291;32587;15329
10/23/2016 10:36:9;32691;36020;33469;15693
10/23/2016 10:51:9;32820;33657;33600;14748
10/23/2016 11:6:9;32691;30596;33365;13165
10/23/2016 11:21:9;33600;30344;33887;13821
10/23/2016 11:36:9;34097;31434;33966;14796
10/23/2016 11:51:9;33574;34614;34229;15844
10/23/2016 12:6:9;32124;38000;33027;16031
10/23/2016 12:21:9;32536;42464;32975;18154
10/23/2016 12:36:9;32047;43093;32820;17950
10/23/2016 12:51:9;31919;42943;32794;17779
10/23/2016 13:6:9;30596;46099;31944;17711
10/23/2016 13:21:9;31561;43956;32536;17827
10/23/2016 13:36:9;31357;42983;32381;17288
10/23/2016 13:51:9;27481;54291;29815;17451
10/23/2016 14:6:9;30520;46890;31970;17913
10/23/2016 14:21:9;30444;46748;31816;17795
10/23/2016 14:36:9;31128;44751;32304;17721
10/23/2016 14:51:9;29690;51060;31357;18513
10/23/2016 15:6:9;26426;59344;29140;17881
10/23/2016 15:21:9;24557;67355;28072;18131
10/23/2016 15:36:9;23232;72253;27235;17982
10/23/2016 15:51:9;22250;73503;26646;17309
10/23/2016 16:6:9;21867;72714;26426;16770
10/23/2016 16:21:9;19888;84157;28866;17157
10/23/2016 16:36:9;19389;86839;32639;17162
10/23/2016 16:51:9;19318;87498;32846;17212
10/23/2016 17:6:9;19603;87566;32949;17505
10/23/2016 17:21:9;19793;87153;32613;17618
10/23/2016 17:36:9;19603;85549;29290;17136
10/23/2016 17:51:9;19508;85992;31153;17124
10/23/2016 18:6:9;19413;87617;33652;17327
10/23/2016 18:21:9;19365;88228;33730;17390
10/23/2016 18:36:9;19270;88515;34229;17348
10/23/2016 18:51:9;19127;88718;34019;17243
10/23/2016 19:6:9;19127;88505;33678;17205
10/23/2016 19:21:9;19246;88009;33600;17233
10/23/2016 19:36:9;19222;88337;34097;17269
10/23/2016 19:51:9;19175;88421;34071;17237
10/23/2016 20:6:9;19222;88647;34466;17324
10/23/2016 20:21:9;19270;88634;34413;17369
10/23/2016 20:36:9;19294;88497;33992;17368
10/23/2016 20:51:9;19365;88061;33261;17360
10/23/2016 21:6:9;19365;87941;33730;17339
10/23/2016 21:21:9;19294;88044;33704;17287
10/23/2016 21:36:9;19294;88569;34492;17381
10/23/2016 21:51:9;19222;88884;34387;17367
10/23/2016 22:6:9;19199;88807;33887;17330
10/23/2016 22:21:9;19246;88605;34071;17340
10/23/2016 22:36:9;19199;88522;33861;17279
10/23/2016 22:51:9;19056;87963;33235;17038
10/23/2016 23:6:9;18842;87768;33027;16792
10/23/2016 23:21:9;18747;87673;32665;16681
10/23/2016 23:36:9;18652;87866;32898;16622
10/23/2016 23:51:9;18580;88420;33809;16651
10/24/2016 00:6:9;18533;88692;33861;16652
10/24/2016 00:21:9;18461;88793;33730;16600
10/24/2016 00:36:9;18652;88769;33757;16783
10/24/2016 00:51:9;18652;88080;32613;16660
10/24/2016 01:6:9;18652;87579;32098;16570
10/24/2016 01:21:9;18652;87675;32433;16588
10/24/2016 01:36:9;18580;87082;30824;16411
10/24/2016 01:51:9;18390;87397;32150;16280
10/24/2016 02:6:9;18081;88156;32846;16111
10/24/2016 02:21:9;17867;88719;33209;16000
10/24/2016 02:36:9;17701;89055;33209;15895
10/24/2016 02:51:9;17510;89219;33131;15736
10/24/2016 03:6:9;17510;89476;32639;15781
10/24/2016 03:21:9;17415;89592;33001;15707
10/24/2016 03:36:9;17368;89743;32872;15686
10/24/2016 03:51:9;17272;90021;32175;15641
10/24/2016 04:6:9;17249;90293;31663;15664
10/24/2016 04:21:9;17249;90454;31230;15692
10/24/2016 04:36:9;17130;90586;31535;15597
10/24/2016 04:51:9;17082;90689;31459;15568
10/24/2016 05:6:9;17058;90752;31408;15555
10/24/2016 05:21:9;17201;90811;31868;15707
10/24/2016 05:36:9;17320;90680;31970;15802
10/24/2016 05:51:9;17772;90238;33574;16172
10/24/2016 06:6:9;18461;88486;31637;16545
10/24/2016 06:21:9;18961;84663;26989;16341
10/24/2016 06:36:9;20031;81033;25113;16699
10/24/2016 06:51:9;19984;80946;25016;16635
10/24/2016 07:6:9;21270;76879;25137;17073
10/24/2016 07:21:9;21413;74731;24508;16764
10/24/2016 07:36:9;22465;71885;25162;17164
10/24/2016 07:51:9;24871;63000;28394;17367
10/24/2016 08:6:9;23424;66550;27382;16862
10/24/2016 08:21:9;24098;61710;27924;16311
10/24/2016 08:36:9;26329;53752;29265;16226
10/24/2016 08:51:9;26989;51417;29590;16138
10/24/2016 09:6:9;27014;51066;29715;16054
10/24/2016 09:21:9;26549;51295;29414;15695
10/24/2016 09:36:9;26916;49891;29740;15599
10/24/2016 09:51:9;26940;50121;29540;15693
10/24/2016 10:6:9;29490;44127;31459;16020
10/24/2016 10:21:9;30243;40918;31637;15515
10/24/2016 10:36:9;30041;41580;31689;15585
10/24/2016 10:51:9;29290;42959;31204;15419
10/24/2016 11:6:9;30495;39018;32021;14998
10/24/2016 11:21:9;30495;39777;31996;15298
10/24/2016 11:36:9;31077;38175;32562;15175
10/24/2016 11:51:9;30444;38736;31919;14841
10/24/2016 12:6:9;31893;35840;32846;14913
10/24/2016 12:21:9;30824;37593;32047;14712
10/24/2016 12:36:9;30369;38140;31893;14533
10/24/2016 12:51:9;33521;34609;33861;15796
10/24/2016 13:6:9;33495;32750;33887;14912
10/24/2016 13:21:9;35904;27046;35262;14014
10/24/2016 13:36:9;32742;31753;33261;13780
10/24/2016 13:51:9;31204;36302;32227;14506
10/24/2016 14:6:9;32484;33484;33131;14376
10/24/2016 14:21:9;33809;30868;34019;14266
10/24/2016 14:36:9;31944;33757;32898;14031
10/24/2016 14:51:9;31204;38188;32175;15293
10/24/2016 15:6:9;30066;38560;31689;14434
10/24/2016 15:21:9;29991;40344;31612;15069
10/24/2016 15:36:9;28766;44180;30748;15385
10/24/2016 15:51:9;28394;45906;30469;15647
10/24/2016 16:6:9;27677;47539;29815;15541
10/24/2016 16:21:9;27161;47869;29615;15178
10/24/2016 16:36:9;25963;49866;28990;14717
10/24/2016 16:51:9;25550;50971;28717;14677
10/24/2016 17:6:9;25065;52533;28345;14698
10/24/2016 17:21:9;24002;56921;27850;14958
10/24/2016 17:36:9;23376;58514;27382;14802
10/24/2016 17:51:9;22968;60480;27235;14932
10/24/2016 18:6:9;22441;64314;26867;15392
10/24/2016 18:21:9;21891;67549;26549;15635
10/24/2016 18:36:9;21509;69553;26280;15728
10/24/2016 18:51:9;21127;71855;25963;15871
10/24/2016 19:6:9;20770;73681;25550;15920
10/24/2016 19:21:9;20484;75973;24968;16124
10/24/2016 19:36:9;20198;77138;24774;16086
10/24/2016 19:51:9;19817;79390;24823;16168
10/24/2016 20:6:9;19698;80705;24847;16310
10/24/2016 20:21:9;19722;80582;24895;16309
10/24/2016 20:36:9;19484;81348;25016;16226
10/24/2016 20:51:9;19318;82148;25501;16217
10/24/2016 21:6:9;18937;82793;26036;15968
10/24/2016 21:21:9;18604;83144;26207;15708
10/24/2016 21:36:9;18438;83678;26842;15645
10/24/2016 21:51:9;18390;84680;27825;15785
10/24/2016 22:6:9;18414;84513;27505;15777
10/24/2016 22:21:9;18105;83603;25817;15305
10/24/2016 22:36:9;17891;84687;27161;15296
10/24/2016 22:51:9;18033;84327;26671;15370
10/24/2016 23:6:9;18057;83864;25939;15307
10/24/2016 23:21:9;18176;83669;25793;15387
10/24/2016 23:36:9;18081;83894;26036;15336
10/24/2016 23:51:9;17938;84502;26891;15309
10/25/2016 00:6:9;17724;85479;28196;15278
10/25/2016 00:21:9;17629;86399;29890;15351
10/25/2016 00:36:9;17558;87030;30925;15395
10/25/2016 00:51:9;17510;87520;31791;15435
10/25/2016 01:6:9;17486;87823;32355;15466
10/25/2016 01:21:9;17344;88450;32820;15436
10/25/2016 01:36:9;17439;88850;32820;15600
10/25/2016 01:51:9;17510;88938;32949;15686
10/25/2016 02:6:9;17320;88727;33053;15461
10/25/2016 02:21:9;17534;89014;32975;15723
10/25/2016 02:36:9;17605;88891;32872;15772
10/25/2016 02:51:9;17439;88803;32846;15592
10/25/2016 03:6:9;17558;89067;33027;15756
10/25/2016 03:21:9;17368;89113;33027;15576
10/25/2016 03:36:9;17320;89335;32924;15568
10/25/2016 03:51:9;17486;89447;33001;15752
10/25/2016 04:6:9;17510;89242;33105;15740
10/25/2016 04:21:9;17677;88978;33079;15858
10/25/2016 04:36:9;17819;88896;33313;15984
10/25/2016 04:51:9;18010;88683;33131;16134
10/25/2016 05:6:9;18081;88441;33131;16162
10/25/2016 05:21:9;18176;88179;32949;16209
10/25/2016 05:36:9;18295;88161;32768;16323
10/25/2016 05:51:9;18319;88048;33235;16326
10/25/2016 06:6:9;18414;87952;32150;16403
10/25/2016 06:21:9;18842;86129;29240;16495
10/25/2016 06:36:9;18961;85376;28270;16473
10/25/2016 06:51:9;19175;85082;27974;16629
10/25/2016 07:6:9;19555;83932;26353;16788
10/25/2016 07:21:9;21581;77182;24871;17436
10/25/2016 07:36:9;22106;73804;24605;17235
10/25/2016 07:51:9;20531;81475;25890;17273
10/25/2016 08:6:9;20579;81178;25550;17261
10/25/2016 08:21:9;21127;79224;25525;17410
10/25/2016 08:36:9;21437;78371;25355;17539
10/25/2016 08:51:9;20627;85515;31689;18135
10/25/2016 09:6:9;21246;83914;28023;18441
10/25/2016 09:21:9;20507;82816;26842;17508
10/25/2016 09:36:9;20460;83234;27382;17542
10/25/2016 09:51:9;21987;78115;25453;18021
10/25/2016 10:6:9;23954;69430;27530;18039
10/25/2016 10:21:9;26182;61468;29240;18213
10/25/2016 10:36:9;26818;56868;29640;17570
10/25/2016 10:51:9;28468;52769;30824;17913
10/25/2016 11:6:9;26549;59638;29439;18075
10/25/2016 11:21:9;26818;59065;29615;18173
10/25/2016 11:36:9;28097;54757;30545;18158
10/25/2016 11:51:9;27751;53916;30243;17592
10/25/2016 12:6:9;27825;54117;30243;17719
10/25/2016 12:21:9;28866;52051;31103;18061
10/25/2016 12:36:9;31510;46173;32639;18566
10/25/2016 12:51:9;32510;43008;33287;18334
10/25/2016 13:6:9;30192;48440;31714;18132
10/25/2016 13:21:9;31306;45310;32665;18080
10/25/2016 13:36:9;28617;52211;30849;17881
10/25/2016 13:51:9;29665;49589;31357;18023
10/25/2016 14:6:9;29414;49460;31179;17753
10/25/2016 14:21:9;28023;52517;30343;17425
10/25/2016 14:36:9;26451;58487;29315;17673
10/25/2016 14:51:9;27702;54512;30091;17720
10/25/2016 15:6:9;26720;59235;29439;18127
10/25/2016 15:21:9;25234;62850;28717;17672
10/25/2016 15:36:9;25113;63843;28468;17807
10/25/2016 15:51:9;25283;63425;28593;17863
10/25/2016 16:6:9;24750;67243;28171;18289
10/25/2016 16:21:9;23857;70547;27801;18201
10/25/2016 16:36:9;23376;72391;27333;18151
10/25/2016 16:51:9;22920;74346;26867;18136
10/25/2016 17:6:9;22489;75784;26378;18025
10/25/2016 17:21:9;21724;78114;26231;17765
10/25/2016 17:36:9;21199;80177;26304;17669
10/25/2016 17:51:9;20865;81163;26378;17538
10/25/2016 18:6:9;20770;81245;26378;17461
10/25/2016 18:21:9;20555;82193;26818;17435
10/25/2016 18:36:9;20269;82965;27136;17304
10/25/2016 18:51:9;20150;83767;27998;17340
10/25/2016 19:6:9;19984;84477;28742;17310
10/25/2016 19:21:9;19841;84742;29015;17220
10/25/2016 19:36:9;19984;84576;28816;17329
10/25/2016 19:51:9;19912;84758;28717;17293
10/25/2016 20:6:9;19508;84170;27825;16786
10/25/2016 20:21:9;19222;85142;28965;16687
10/25/2016 20:36:9;19151;85591;29565;16700
10/25/2016 20:51:9;19127;86171;30293;16783
10/25/2016 21:6:9;19175;85817;30142;16765
10/25/2016 21:21:9;19008;85534;29590;16549
10/25/2016 21:36:9;18794;86433;31230;16503
10/25/2016 21:51:9;18866;86522;31433;16590
10/25/2016 22:6:9;18842;86565;31459;16574
10/25/2016 22:21:9;18747;86736;31842;16512
10/25/2016 22:36:9;18533;87071;31996;16362
10/25/2016 22:51:9;18461;87533;32794;16375
10/25/2016 23:6:9;18438;87575;32846;16359
10/25/2016 23:21:9;18224;87715;32717;16173
10/25/2016 23:36:9;18081;87895;33131;16065
10/25/2016 23:51:9;18105;88067;33027;16119
10/26/2016 00:6:9;18081;87919;32846;16069
10/26/2016 00:21:9;18129;87859;32742;16105
10/26/2016 00:36:9;18200;87662;32536;16140
10/26/2016 00:51:9;18176;87345;31842;16060
10/26/2016 01:6:9;17962;87366;32278;15853
10/26/2016 01:21:9;17962;87652;32433;15904
10/26/2016 01:36:9;18010;87640;32691;15949
10/26/2016 01:51:9;17843;87743;32742;15803
10/26/2016 02:6:9;17796;88040;33157;15809
10/26/2016 02:21:9;17819;87903;32562;15808
10/26/2016 02:36:9;17867;87772;32536;15832
10/26/2016 02:51:9;17701;88159;33261;15737
10/26/2016 03:6:9;17629;88614;33495;15747
10/26/2016 03:21:9;17463;88949;33548;15641
10/26/2016 03:36:9;17439;89318;33365;15683
10/26/2016 03:51:9;17534;89528;33417;15813
10/26/2016 04:6:9;17510;89569;34255;15797
10/26/2016 04:21:9;17653;89744;34492;15969
10/26/2016 04:36:9;17701;89826;33678;16030
10/26/2016 04:51:9;17819;89832;33730;16148
10/26/2016 05:6:9;17867;89704;33783;16173
10/26/2016 05:21:9;18081;89523;33914;16353
10/26/2016 05:36:9;18247;88765;33313;16383
10/26/2016 05:51:9;18343;87409;31689;16235
10/26/2016 06:6:9;18723;86392;30192;16426
10/26/2016 06:21:9;20031;80828;25428;16659
10/26/2016 06:36:9;20889;77439;25089;16817
10/26/2016 06:51:9;22202;72391;24895;17021
10/26/2016 07:6:9;22776;69359;26744;16897
10/26/2016 07:21:9;22513;71113;26451;17039
10/26/2016 07:36:9;23665;67603;27677;17339
10/26/2016 07:51:9;25162;59944;28742;16854
10/26/2016 08:6:9;24871;59229;28419;16392
10/26/2016 08:21:9;25939;56771;29140;16723
10/26/2016 08:36:9;24968;59853;28518;16648
10/26/2016 08:51:9;26036;56037;29190;16609
10/26/2016 09:6:9;27308;50233;29890;16066
10/26/2016 09:21:9;27235;51610;29941;16423
10/26/2016 09:36:9;28518;48003;30824;16460
10/26/2016 09:51:9;29590;44038;31459;16078
10/26/2016 10:6:9;30142;41455;31740;15628
10/26/2016 10:21:9;30697;38276;32330;14879
10/26/2016 10:36:9;31612;37321;32665;15296
10/26/2016 10:51:9;31842;37274;33053;15479
10/26/2016 11:6:9;32924;34058;33548;15023
10/26/2016 11:21:9;33079;33358;33626;14836
10/26/2016 11:36:9;34071;32081;33992;15090
10/26/2016 11:51:9;34097;31795;34308;14974
10/26/2016 12:6:9;34334;30513;34440;14539
10/26/2016 12:21:9;34492;30308;34519;14570
10/26/2016 12:36:9;34942;29725;34757;14656
10/26/2016 12:51:9;34783;29311;34651;14302
10/26/2016 13:6:9;34995;29693;34757;14685
10/26/2016 13:21:9;35155;29705;34810;14828
10/26/2016 13:36:9;35395;29140;35102;14735
10/26/2016 13:51:9;36688;28285;35958;15375
10/26/2016 14:6:9;35102;29519;34916;14685
10/26/2016 14:21:9;35529;29004;35049;14777
10/26/2016 14:36:9;35797;28437;35342;14699
10/26/2016 14:51:9;34413;30156;34466;14425
10/26/2016 15:6:9;32381;33511;33105;14299
10/26/2016 15:21:9;32175;33813;33105;14258
10/26/2016 15:36:9;32768;33081;33521;14436
10/26/2016 15:51:9;31893;34108;32717;14146
10/26/2016 16:6:9;30722;35449;32124;13715
10/26/2016 16:21:9;29991;35907;31561;13269
10/26/2016 16:36:9;28196;39472;30369;13131
10/26/2016 16:51:9;27161;42218;29740;13236
10/26/2016 17:6:9;26256;45125;29090;13441
10/26/2016 17:21:9;24798;50552;28245;13858
10/26/2016 17:36:9;23905;56072;27825;14634
10/26/2016 17:51:9;23256;59681;27431;14996
10/26/2016 18:6:9;22729;61312;27136;14919
10/26/2016 18:21:9;22202;63570;26818;14984
10/26/2016 18:36:9;21652;65231;26353;14864
10/26/2016 18:51:9;21246;67207;26182;14942
10/26/2016 19:6:9;20841;70049;25890;15199
10/26/2016 19:21:9;20388;72568;25501;15315
10/26/2016 19:36:9;19984;74719;25016;15380
10/26/2016 19:51:9;19651;76311;24726;15387
10/26/2016 20:6:9;19365;77625;24532;15377
10/26/2016 20:21:9;19103;79212;24581;15438
10/26/2016 20:36:9;18842;80953;24992;15523
10/26/2016 20:51:9;18628;82147;25574;15543
10/26/2016 21:6:9;18366;83364;26500;15517
10/26/2016 21:21:9;18081;84191;27456;15391
10/26/2016 21:36:9;17915;84497;27628;15284
10/26/2016 21:51:9;17772;84562;27505;15156
10/26/2016 22:6:9;17653;84535;27382;15035
10/26/2016 22:21:9;17582;84763;27604;15007
10/26/2016 22:36:9;17415;85406;28543;14961
10/26/2016 22:51:9;17249;85924;29414;14891
10/26/2016 23:6:9;17130;86113;29140;14808
10/26/2016 23:21:9;17201;85720;28617;14807
10/26/2016 23:36:9;17225;85362;27825;14766
10/26/2016 23:51:9;17058;85565;28394;14639
10/27/2016 00:6:9;17153;86143;29340;14837
10/27/2016 00:21:9;16987;86224;29290;14688
10/27/2016 00:36:9;16749;86981;30925;14589
10/27/2016 00:51:9;16606;87540;31612;14548
10/27/2016 01:6:9;16582;88053;32304;14615
10/27/2016 01:21:9;16677;88218;32433;14738
10/27/2016 01:36:9;16796;86586;28742;14566
10/27/2016 01:51:9;16915;85677;28444;14519
10/27/2016 02:6:9;16892;86441;30091;14633
10/27/2016 02:21:9;16868;87295;31791;14762
10/27/2016 02:36:9;16725;87497;31996;14658
10/27/2016 02:51:9;16701;87846;32253;14696
10/27/2016 03:6:9;16773;87651;31919;14732
10/27/2016 03:21:9;16773;87746;32073;14748
10/27/2016 03:36:9;16606;88177;32691;14660
10/27/2016 03:51:9;16534;88535;33053;14653
10/27/2016 04:6:9;16558;88821;33105;14726
10/27/2016 04:21:9;16749;89008;33235;14947
10/27/2016 04:36:9;17011;88768;32846;15163
10/27/2016 04:51:9;17011;87661;31510;14968
10/27/2016 05:6:9;17034;87619;32150;14984
10/27/2016 05:21:9;17201;87707;32253;15164
10/27/2016 05:36:9;17558;86983;30874;15386
10/27/2016 05:51:9;17962;86261;29765;15654
10/27/2016 06:6:9;18580;85141;28419;16056
10/27/2016 06:21:9;19151;83442;26646;16299
10/27/2016 06:36:9;19532;82196;25695;16435
10/27/2016 06:51:9;20031;80956;25380;16684
10/27/2016 07:6:9;20865;77169;24895;16739
10/27/2016 07:21:9;21270;76131;24968;16918
10/27/2016 07:36:9;21032;77017;25113;16870
10/27/2016 07:51:9;23232;66864;27333;16753
10/27/2016 08:6:9;25574;58724;28990;16916
10/27/2016 08:21:9;26036;54784;29240;16253
10/27/2016 08:36:9;26793;49486;29640;15359
10/27/2016 08:51:9;27308;49844;29966;15944
10/27/2016 09:6:9;27727;46787;29966;15337
10/27/2016 09:21:9;28221;42604;30646;14329
10/27/2016 09:36:9;28941;41122;31179;14427
10/27/2016 09:51:9;29240;41188;31204;14719
10/27/2016 10:6:9;29290;41159;31331;14753
10/27/2016 10:21:9;29640;40991;31663;15003
10/27/2016 10:36:9;30293;38548;31919;14631
10/27/2016 10:51:9;30495;38949;31586;14971
10/27/2016 11:6:9;31689;36769;32381;15131
10/27/2016 11:21:9;31382;37927;32536;15344
10/27/2016 11:36:9;31893;34816;32898;14464
10/27/2016 11:51:9;31128;38736;32433;15448
10/27/2016 12:6:9;31459;37586;32407;15271
10/27/2016 12:21:9;33131;36026;33521;16082
10/27/2016 12:36:9;33105;34643;33704;15447
10/27/2016 12:51:9;32458;41187;33365;17599
10/27/2016 13:6:9;31306;44097;32587;17648
10/27/2016 13:21:9;30520;46056;32047;17627
10/27/2016 13:36:9;30091;47602;31689;17762
10/27/2016 13:51:9;29740;48516;31510;17744
10/27/2016 14:6:9;29540;49148;31433;17766
10/27/2016 14:21:9;29414;49460;31306;17753
10/27/2016 14:36:9;29365;49650;31408;17768
10/27/2016 14:51:9;29290;49967;31230;17800
10/27/2016 15:6:9;29140;50241;31179;17750
10/27/2016 15:21:9;28965;50381;31153;17634
10/27/2016 15:36:9;28791;50424;30900;17488
10/27/2016 15:51:9;28816;46354;31001;16182
10/27/2016 16:6:9;28891;44496;31026;15609
10/27/2016 16:21:9;28568;43889;30824;15103
10/27/2016 16:36:9;28345;44065;30596;14964
10/27/2016 16:51:9;28122;44307;30495;14848
10/27/2016 17:6:9;27899;45050;30369;14905
10/27/2016 17:21:9;27628;45484;30142;14808
10/27/2016 17:36:9;27333;46244;29890;14797
10/27/2016 17:51:9;27038;46407;29715;14584
10/27/2016 18:6:9;26720;47126;29565;14533
10/27/2016 18:21:9;26402;48689;29315;14749
10/27/2016 18:36:9;26134;50307;29215;15011
10/27/2016 18:51:9;25866;52260;29090;15357
10/27/2016 19:6:9;25598;53809;29015;15566
10/27/2016 19:21:9;25331;56682;28766;16132
10/27/2016 19:36:9;25065;57108;28543;16001
10/27/2016 19:51:9;24677;57760;28345;15817
10/27/2016 20:6:9;24363;59456;27924;15976
10/27/2016 20:21:9;24171;60669;27998;16112
10/27/2016 20:36:9;24098;61290;27949;16204
10/27/2016 20:51:9;23930;61952;27850;16214
10/27/2016 21:6:9;23689;62778;27702;16194
10/27/2016 21:21:9;23472;64133;27702;16325
10/27/2016 21:36:9;23328;65107;27505;16425
10/27/2016 21:51:9;23184;65666;27407;16423
10/27/2016 22:6:9;23016;66277;27308;16409
10/27/2016 22:21:9;22872;66888;27210;16416
10/27/2016 22:36:9;22729;67295;27112;16375
10/27/2016 22:51:9;22561;67782;26989;16328
10/27/2016 23:6:9;22441;68275;27063;16328
10/27/2016 23:21:9;22298;68534;26940;16250
10/27/2016 23:36:9;22106;68926;26695;16157
10/27/2016 23:51:9;21891;69453;26598;16071
10/28/2016 00:6:9;21724;70042;26329;16043
10/28/2016 00:21:9;21604;70721;26256;16080
10/28/2016 00:36:9;21485;71395;26329;16114
10/28/2016 00:51:9;21390;71849;26256;16122
10/28/2016 01:6:9;21294;72108;26134;16087
10/28/2016 01:21:9;21127;72380;26134;15985
10/28/2016 01:36:9;21127;72462;26109;16003
10/28/2016 01:51:9;21199;72200;26158;16015
10/28/2016 02:6:9;21079;72012;26061;15859
10/28/2016 02:21:9;20984;71717;26036;15704
10/28/2016 02:36:9;20889;71616;25890;15590
10/28/2016 02:51:9;20746;71921;25914;15519
10/28/2016 03:6:9;20650;72371;25817;15525
10/28/2016 03:21:9;20603;72335;25793;15471
10/28/2016 03:36:9;20555;72326;25817;15423
10/28/2016 03:51:9;20507;72344;25720;15381
10/28/2016 04:6:9;20341;72724;25501;15303
10/28/2016 04:21:9;20293;72550;25525;15219
10/28/2016 04:36:9;20150;73015;25428;15181
10/28/2016 04:51:9;20150;73506;25355;15286
10/28/2016 05:6:9;20174;73293;25453;15263
10/28/2016 05:21:9;20150;73696;25404;15326
10/28/2016 05:36:9;20293;75076;25453;15754
10/28/2016 05:51:9;21199;73026;26109;16193
10/28/2016 06:6:9;21819;71792;26475;16522
10/28/2016 06:21:9;20889;76081;25623;16539
10/28/2016 06:36:9;20269;77232;25137;16175
10/28/2016 06:51:9;20198;75380;25089;15725
10/28/2016 07:6:9;20341;74628;25307;15706
10/28/2016 07:21:9;22274;72099;26720;17027
10/28/2016 07:36:9;22393;70193;26842;16718
10/28/2016 07:51:9;22633;68993;27063;16676
10/28/2016 08:6:9;23016;67057;27259;16593
10/28/2016 08:21:9;23472;65365;27579;16625
10/28/2016 08:36:9;23978;63004;27850;16524
10/28/2016 08:51:9;24484;60385;28221;16333
10/28/2016 09:6:9;24968;57957;28543;16142
10/28/2016 09:21:9;25550;56434;28866;16267
10/28/2016 09:36:9;28369;45770;30621;15578
10/28/2016 09:51:9;29740;42059;31484;15494
10/28/2016 10:6:9;30798;40256;32253;15756
10/28/2016 10:21:9;32304;37108;33261;15818
10/28/2016 10:36:9;45279;20933;41414;17797
10/28/2016 10:51:9;52059;15865;45405;18796
10/28/2016 11:6:9;54983;14350;47092;19460
10/28/2016 11:21:9;54983;14148;47125;19231
10/28/2016 11:36:9;55213;13752;47417;18953
10/28/2016 11:51:9;40458;21643;38337;14371
10/28/2016 12:6:9;34281;29199;34387;13813
10/28/2016 12:21:9;35770;27257;35182;14021
10/28/2016 12:36:9;36065;26873;35422;14052
10/28/2016 12:51:9;35689;27251;35636;13949
10/28/2016 13:6:9;33495;29429;33757;13260
10/28/2016 13:21:9;36389;26415;35689;14060
10/28/2016 13:36:9;35797;25779;35288;13185
10/28/2016 13:51:9;36742;25473;34229;13798
10/28/2016 14:6:9;35529;25686;35075;12904
10/28/2016 14:21:9;34281;28542;34677;13463
10/28/2016 14:36:9;36606;27245;35850;14723
10/28/2016 14:51:9;36254;26108;35797;13766
10/28/2016 15:6:9;37015;26013;36173;14351
10/28/2016 15:21:9;35958;27197;35448;14146
10/28/2016 15:36:9;34334;29203;34360;13861
10/28/2016 15:51:9;33469;30515;33730;13795
10/28/2016 16:6:9;33365;31012;33704;13955
10/28/2016 16:21:9;32201;33673;32949;14216
10/28/2016 16:36:9;31128;35592;32381;14133
10/28/2016 16:51:9;29991;37998;31510;14140
10/28/2016 17:6:9;28419;41441;30495;14079
10/28/2016 17:21:9;27112;44559;29690;14022
10/28/2016 17:36:9;26280;47957;29190;14402
10/28/2016 17:51:9;25671;50344;28717;14597
10/28/2016 18:6:9;25162;52292;28369;14717
10/28/2016 18:21:9;24581;55174;28072;15012
10/28/2016 18:36:9;24146;57743;27850;15316
10/28/2016 18:51:9;23713;59417;27579;15356
10/28/2016 19:6:9;23232;62258;27382;15633
10/28/2016 19:21:9;22824;64876;27063;15891
10/28/2016 19:36:9;22393;67838;26818;16181
10/28/2016 19:51:9;21891;71081;26426;16435
10/28/2016 20:6:9;21509;73305;26085;16552
10/28/2016 20:21:9;21032;75895;25744;16639
10/28/2016 20:36:9;20627;77992;25453;16675
10/28/2016 20:51:9;20198;79808;25428;16621
10/28/2016 21:6:9;19841;81273;25501;16560
10/28/2016 21:21:9;19555;82705;26304;16556
10/28/2016 21:36:9;19270;83817;27284;16487
10/28/2016 21:51:9;19032;85049;28816;16483
10/28/2016 22:6:9;18794;86045;30268;16433
10/28/2016 22:21:9;18604;87016;31740;16422
10/28/2016 22:36:9;18628;87238;31663;16485
10/28/2016 22:51:9;18461;87006;30874;16280
10/28/2016 23:6:9;18081;87251;31255;15949
10/28/2016 23:21:9;18200;87518;31893;16114
10/28/2016 23:36:9;18081;86675;30167;15846
10/28/2016 23:51:9;18081;86699;30469;15850
10/29/2016 00:6:9;18033;86615;30621;15788
10/29/2016 00:21:9;17915;86948;31433;15731
10/29/2016 00:36:9;17938;87241;31996;15807
10/29/2016 00:51:9;17986;87324;31128;15869
10/29/2016 01:6:9;18057;86669;30748;15821
10/29/2016 01:21:9;18200;86389;29865;15911
10/29/2016 01:36:9;18081;86458;30293;15806
10/29/2016 01:51:9;18200;86607;30672;15950
10/29/2016 02:6:9;18200;86317;30142;15898
10/29/2016 02:21:9;18129;85816;28816;15736
10/29/2016 02:36:9;18081;85974;29615;15719
10/29/2016 02:51:9;18081;86313;29966;15780
10/29/2016 03:6:9;18010;86127;28891;15676
10/29/2016 03:21:9;17938;86785;31179;15725
10/29/2016 03:36:9;17938;87169;31306;15794
10/29/2016 03:51:9;17915;86972;30697;15735
10/29/2016 04:6:9;18010;87162;31153;15863
10/29/2016 04:21:9;17938;87313;31484;15820
10/29/2016 04:36:9;17748;88123;32742;15777
10/29/2016 04:51:9;17891;88300;32794;15949
10/29/2016 05:6:9;17915;88069;32820;15932
10/29/2016 05:21:9;17796;88277;32949;15851
10/29/2016 05:36:9;17891;88536;33313;15991
10/29/2016 05:51:9;18200;88351;32949;16263
10/29/2016 06:6:9;18771;86621;31637;16514
10/29/2016 06:21:9;19032;85539;28171;16573
10/29/2016 06:36:9;19508;83622;26622;16683
10/29/2016 06:51:9;21413;77175;25137;17272
10/29/2016 07:6:9;21700;75004;24677;17098
10/29/2016 07:21:9;23256;69276;27087;17337
10/29/2016 07:36:9;23617;67277;27554;17217
10/29/2016 07:51:9;24195;64842;27924;17183
10/29/2016 08:6:9;25113;61239;28419;17146
10/29/2016 08:21:9;26134;57172;29090;17016
10/29/2016 08:36:9;26744;56264;29439;17332
10/29/2016 08:51:9;27702;51929;30066;16951
10/29/2016 09:6:9;27875;51082;30192;16851
10/29/2016 09:21:9;28345;50106;30495;16978
10/29/2016 09:36:9;28916;48775;30900;17075
10/29/2016 09:51:9;29615;46715;31357;17030
10/29/2016 10:6:9;30243;43436;31714;16451
10/29/2016 10:21:9;30571;41774;31816;16132
10/29/2016 10:36:9;31052;39869;32227;15831
10/29/2016 10:51:9;31586;37807;32587;15475
10/29/2016 11:6:9;32639;35380;33417;15367
10/29/2016 11:21:9;32872;36671;33521;16133
10/29/2016 11:36:9;33365;35730;33704;16158
10/29/2016 11:51:9;33313;34448;33678;15541
10/29/2016 12:6:9;34440;32760;34466;15737
10/29/2016 12:21:9;34519;31144;34413;15016
10/29/2016 12:36:9;34572;29513;34360;14227
10/29/2016 12:51:9;35448;29947;35022;15206
10/29/2016 13:6:9;34836;29023;34572;14195
10/29/2016 13:21:9;35395;29359;34995;14852
10/29/2016 13:36:9;34624;29882;34492;14465
10/29/2016 13:51:9;33704;30063;33992;13767
10/29/2016 14:6:9;34995;29364;34810;14512
10/29/2016 14:21:9;35931;25862;35448;13348
10/29/2016 14:36:9;35797;24662;35182;12508
10/29/2016 14:51:9;34889;26381;34757;12773
10/29/2016 15:6:9;34730;29453;34624;14332
10/29/2016 15:21:9;31408;38868;32433;15749
10/29/2016 15:36:9;31970;37845;32846;15830
10/29/2016 15:51:9;29740;42127;31433;15519
10/29/2016 16:6:9;29941;43267;31510;16118
10/29/2016 16:21:9;28941;45771;30824;16096
10/29/2016 16:36:9;28916;46897;30773;16456
10/29/2016 16:51:9;28295;49579;30495;16765
10/29/2016 17:6:9;27382;52175;29790;16731
10/29/2016 17:21:9;26720;54312;29365;16751
10/29/2016 17:36:9;26182;57241;29040;17081
10/29/2016 17:51:9;25671;60114;28816;17377
10/29/2016 18:6:9;25113;64406;28369;17946
10/29/2016 18:21:9;24388;69309;28072;18426
10/29/2016 18:36:9;23617;73877;27382;18707
10/29/2016 18:51:9;23064;76250;27087;18680
10/29/2016 19:6:9;22657;77962;27014;18640
10/29/2016 19:21:9;22082;80444;27259;18583
10/29/2016 19:36:9;21843;81169;27308;18493
10/29/2016 19:51:9;21891;80740;27087;18455
10/29/2016 20:6:9;21819;80387;26842;18315
10/29/2016 20:21:9;21127;82802;28245;18112
10/29/2016 20:36:9;20913;83613;28692;18057
10/29/2016 20:51:9;20746;83676;28866;17906
10/29/2016 21:6:9;20365;84115;29090;17615
10/29/2016 21:21:9;20293;84199;28990;17561
10/29/2016 21:36:9;19936;85134;30394;17386
10/29/2016 21:51:9;19865;85659;31077;17413
10/29/2016 22:6:9;19746;85950;31561;17350
10/29/2016 22:21:9;19603;86087;31484;17235
10/29/2016 22:36:9;19460;86468;31842;17165
10/29/2016 22:51:9;19222;87114;32613;17048
10/29/2016 23:6:9;19270;87439;33287;17154
10/29/2016 23:21:9;19294;87107;32510;17117
10/29/2016 23:36:9;19318;86895;32433;17102
10/29/2016 23:51:9;19603;85230;28990;17077
10/30/2016 00:6:9;19770;84453;28245;17095
10/30/2016 00:21:9;19984;82725;26622;16979
10/30/2016 00:36:9;20031;82179;26646;16921
10/30/2016 00:51:9;19936;83067;27063;16997
10/30/2016 01:6:9;19960;82896;27136;16988
10/30/2016 01:21:9;19984;82220;26475;16882
10/30/2016 01:36:9;19627;84296;28345;16926
10/30/2016 01:51:9;19579;84682;28642;16952
10/30/2016 02:6:9;19365;84929;28941;16787
10/30/2016 02:21:9;19341;85218;29115;16818
10/30/2016 02:36:9;19413;85774;30318;16991
10/30/2016 02:51:9;19199;85969;30369;16816
10/30/2016 03:6:9;19032;86027;30697;16663
10/30/2016 03:21:9;18889;86479;31408;16605
10/30/2016 03:36:9;18842;86613;31204;16583
10/30/2016 03:51:9;18699;86725;31510;16463
10/30/2016 04:6:9;18557;86353;30318;16255
10/30/2016 04:21:9;18461;86427;30318;16175
10/30/2016 04:36:9;18271;86888;31791;16071
10/30/2016 04:51:9;18176;87513;32381;16090
10/30/2016 05:6:9;18105;87424;31128;16004
10/30/2016 05:21:9;18794;84502;28122;16148
10/30/2016 05:36:9;18818;84112;26965;16099
10/30/2016 05:51:9;19508;81480;25647;16275
10/30/2016 06:6:9;20150;77128;24823;16038
10/30/2016 06:21:9;21032;73048;24798;16038
10/30/2016 06:36:9;21795;70448;26109;16203
10/30/2016 06:51:9;22896;64976;27136;15984
10/30/2016 07:6:9;22082;68411;26524;16016
10/30/2016 07:21:9;22776;68506;26867;16701
10/30/2016 07:36:9;23448;65944;27431;16741
10/30/2016 07:51:9;23617;64980;27604;16668
10/30/2016 08:6:9;23112;67074;27136;16689
10/30/2016 08:21:9;23954;65037;27801;17002
10/30/2016 08:36:9;25428;61560;28717;17526
10/30/2016 08:51:9;25234;60563;28642;17085
10/30/2016 09:6:9;27014;57612;29740;17960
10/30/2016 09:21:9;27038;55491;29765;17387
10/30/2016 09:36:9;27358;53703;29840;17164
10/30/2016 09:51:9;27136;54244;29840;17118
10/30/2016 10:6:9;27186;54819;29840;17330
10/30/2016 10:21:9;27087;53857;29615;16959
10/30/2016 10:36:9;27382;52559;29916;16846
10/30/2016 10:51:9;28891;48049;31026;16815
10/30/2016 11:6:9;28742;48655;30824;16877
10/30/2016 11:21:9;29414;47155;31103;16996
10/30/2016 11:36:9;29015;47900;31077;16880
10/30/2016 11:51:9;30520;44008;31919;16907
10/30/2016 12:6:9;30192;45114;31765;17003
10/30/2016 12:21:9;30091;44431;31689;16671
10/30/2016 12:36:9;28717;46774;30748;16233
10/30/2016 12:51:9;30697;42537;32073;16530
10/30/2016 13:6:9;31842;40123;32742;16635
10/30/2016 13:21:9;30142;44336;31663;16683
10/30/2016 13:36:9;29115;46390;31128;16466
10/30/2016 13:51:9;31255;41505;32330;16644
10/30/2016 14:6:9;31791;39980;32665;16533
10/30/2016 14:21:9;29315;45281;31255;16266
10/30/2016 14:36:9;29414;44354;31382;16032
10/30/2016 14:51:9;31103;39978;32201;15919
10/30/2016 15:6:9;28419;46241;30571;15783
10/30/2016 15:21:9;30697;41480;32021;16135
10/30/2016 15:36:9;30041;43684;31637;16359
10/30/2016 15:51:9;29615;43636;31255;15957
10/30/2016 16:6:9;28196;46115;30444;15538
10/30/2016 16:21:9;27481;47810;29865;15450
10/30/2016 16:36:9;26549;50135;29290;15338
10/30/2016 16:51:9;25234;53317;28568;15085
10/30/2016 17:6:9;24557;55887;28048;15189
10/30/2016 17:21:9;23593;59490;27579;15262
10/30/2016 17:36:9;22992;62487;27112;15464
10/30/2016 17:51:9;22513;64998;27038;15625
10/30/2016 18:6:9;22106;68699;26793;16105
10/30/2016 18:21:9;21628;69490;26256;15828
10/30/2016 18:36:9;21270;70966;26036;15814
10/30/2016 18:51:9;20960;71962;25914;15734
10/30/2016 19:6:9;20650;74147;25623;15904
10/30/2016 19:21:9;20269;76410;25307;16007
10/30/2016 19:36:9;19984;78147;25162;16082
10/30/2016 19:51:9;19746;80098;25477;16238
10/30/2016 20:6:9;19532;81638;25914;16328
10/30/2016 20:21:9;19341;81164;25501;16051
10/30/2016 20:36:9;19127;81676;25671;15941
10/30/2016 20:51:9;18985;82377;26085;15935
10/30/2016 21:6:9;18842;83272;26720;15965
10/30/2016 21:21:9;18747;83996;27579;16007
10/30/2016 21:36:9;18580;84305;27924;15902
10/30/2016 21:51:9;18414;85053;29090;15877
10/30/2016 22:6:9;18224;85838;29765;15834
10/30/2016 22:21:9;18129;86155;29865;15798
10/30/2016 22:36:9;18200;85346;28444;15721
10/30/2016 22:51:9;18200;84906;28295;15640
10/30/2016 23:6:9;18081;85025;28345;15545
10/30/2016 23:21:9;18010;85277;28518;15521
10/30/2016 23:36:9;18010;85521;28791;15566
10/30/2016 23:51:9;17962;85777;29640;15566
10/31/2016 00:6:9;18081;86313;30419;15780
10/31/2016 00:21:9;18200;86123;30041;15863
10/31/2016 00:36:9;18081;85562;29315;15643
10/31/2016 00:51:9;18010;86441;30495;15733
10/31/2016 01:6:9;18152;85821;29215;15761
10/31/2016 01:21:9;18247;85625;29265;15818
10/31/2016 01:36:9;18057;85605;29265;15628
10/31/2016 01:51:9;17938;86593;30976;15690
10/31/2016 02:6:9;18057;87006;31382;15882
10/31/2016 02:21:9;17772;87321;31637;15657
10/31/2016 02:36:9;18129;87406;31128;16024
10/31/2016 02:51:9;18438;85840;29590;16044
10/31/2016 03:6:9;18390;85072;28048;15857
10/31/2016 03:21:9;18438;84420;27530;15783
10/31/2016 03:36:9;18461;85064;28593;15926
10/31/2016 03:51:9;18533;85764;29790;16124
10/31/2016 04:6:9;18557;86207;30394;16228
10/31/2016 04:21:9;18652;86181;30444;16317
10/31/2016 04:36:9;18723;86076;30293;16368
10/31/2016 04:51:9;18818;86050;30343;16457
10/31/2016 05:6:9;18699;86338;30925;16393
10/31/2016 05:21:9;18699;86459;31052;16415
10/31/2016 05:36:9;19056;85471;29414;16584
10/31/2016 05:51:9;19555;83683;27136;16741
10/31/2016 06:6:9;20007;81615;26304;16789
10/31/2016 06:21:9;20269;80828;26134;16891
10/31/2016 06:36:9;21533;76130;25623;17172
10/31/2016 06:51:9;21318;75307;25307;16793
10/31/2016 07:6:9;22154;73731;25720;17265
10/31/2016 07:21:9;23304;68886;27235;17293
10/31/2016 07:36:9;23809;65393;27702;16951
10/31/2016 07:51:9;24122;64948;27899;17140
10/31/2016 08:6:9;24944;59758;28345;16600
10/31/2016 08:21:9;23930;62520;27875;16357
10/31/2016 08:36:9;24581;61697;28196;16762
10/31/2016 08:51:9;25453;55235;28692;15840
10/31/2016 09:6:9;26549;53592;29464;16383
10/31/2016 09:21:9;25283;55929;28667;15877
10/31/2016 09:36:9;25939;53572;29040;15812
10/31/2016 09:51:9;26916;51407;29590;16068
10/31/2016 10:6:9;28072;46465;30495;15544
10/31/2016 10:21:9;26720;49574;29439;15320
10/31/2016 10:36:9;28568;46524;30849;16014
10/31/2016 10:51:9;29865;40673;31535;15084
10/31/2016 11:6:9;28072;44536;30444;14883
10/31/2016 11:21:9;29490;43015;31408;15620
10/31/2016 11:36:9;29464;40289;31230;14578
10/31/2016 11:51:9;29966;39344;31637;14657
10/31/2016 12:6:9;31816;36886;32846;15294
10/31/2016 12:21:9;31408;34524;32562;13909
10/31/2016 12:36:9;31306;36802;32665;14808
10/31/2016 12:51:9;31919;35207;32846;14659
10/31/2016 13:6:9;31535;35912;32587;14630
10/31/2016 13:21:9;31714;36139;32768;14885
10/31/2016 13:36:9;31255;37566;32458;15082
10/31/2016 13:51:9;32717;34323;33469;14963
10/31/2016 14:6:9;31637;36132;32510;14815
10/31/2016 14:21:9;31612;37531;32717;15383
10/31/2016 14:36:9;30167;39261;31689;14803
10/31/2016 14:51:9;29240;41154;31255;14707
10/31/2016 15:6:9;30900;38713;32098;15236
10/31/2016 15:21:9;30167;40602;31689;15326
10/31/2016 15:36:9;29565;41257;31484;15036
10/31/2016 15:51:9;28866;42066;31001;14712
10/31/2016 16:6:9;29389;40828;31230;14718
10/31/2016 16:21:9;28072;44402;30444;14836
10/31/2016 16:36:9;26671;47973;29439;14764
10/31/2016 16:51:9;26891;47967;29665;14963
10/31/2016 17:6:9;25890;52486;29040;15447
10/31/2016 17:21:9;24847;58828;28394;16263
10/31/2016 17:36:9;23978;65070;27875;17033
10/31/2016 17:51:9;23328;68290;27407;17178
10/31/2016 18:6:9;22848;69938;27087;17097
10/31/2016 18:21:9;22609;71690;27038;17258
10/31/2016 18:36:9;22274;72487;26695;17111
10/31/2016 18:51:9;22011;73785;26280;17139
10/31/2016 19:6:9;21604;75364;26012;17082
10/31/2016 19:21:9;21175;76966;25914;16998
10/31/2016 19:36:9;20841;78010;25695;16887
10/31/2016 19:51:9;20507;78571;25647;16676
10/31/2016 20:6:9;20174;78684;25283;16375
10/31/2016 20:21:9;19912;79617;25380;16305
10/31/2016 20:36:9;19579;81165;25574;16283
10/31/2016 20:51:9;19270;82264;26085;16193
10/31/2016 21:6:9;19103;82956;26256;16161
10/31/2016 21:21:9;19008;82634;26012;16007
10/31/2016 21:36:9;18842;83322;26622;15974
10/31/2016 21:51:9;18747;84071;27358;16021
10/31/2016 22:6:9;18723;84732;27924;16121
10/31/2016 22:21:9;18794;84674;27801;16180
10/31/2016 22:36:9;18628;84956;28171;16069
10/31/2016 22:51:9;18604;85708;29165;16184
10/31/2016 23:6:9;18414;85688;28965;15993
10/31/2016 23:21:9;18247;86013;29740;15889
10/31/2016 23:36:9;18390;86265;30016;16075
10/31/2016 23:51:9;18438;86228;29740;16115
11/01/2016 00:6:9;18461;85650;29015;16033
11/01/2016 00:21:9;18533;84884;27727;15962
11/01/2016 00:36:9;18628;84266;27579;15941
11/01/2016 00:51:9;18628;84808;28072;16042
11/01/2016 01:6:9;18580;84280;27186;15897
11/01/2016 01:21:9;18461;84376;27333;15798
11/01/2016 01:36:9;18224;85205;28270;15718
11/01/2016 01:51:9;18129;85840;29265;15741
11/01/2016 02:6:9;18033;85939;29540;15665
11/01/2016 02:21:9;18081;86047;29290;15732
11/01/2016 02:36:9;18152;85603;29065;15721
11/01/2016 02:51:9;18010;86030;29464;15659
11/01/2016 03:6:9;18010;86224;29941;15694
11/01/2016 03:21:9;18033;85915;29165;15661
11/01/2016 03:36:9;17891;85760;29065;15493
11/01/2016 03:51:9;17701;86633;30167;15464
11/01/2016 04:6:9;17843;86185;29590;15523
11/01/2016 04:21:9;17891;86123;29414;15559
11/01/2016 04:36:9;17891;86437;30091;15615
11/01/2016 04:51:9;17701;86729;30343;15481
11/01/2016 05:6:9;17748;86932;30849;15564
11/01/2016 05:21:9;18081;85756;29115;15679
11/01/2016 05:36:9;18176;86505;30318;15908
11/01/2016 05:51:9;18747;84491;27875;16100
11/01/2016 06:6:9;18842;84661;28245;16224
11/01/2016 06:21:9;19817;82612;26744;16794
11/01/2016 06:36:9;20365;77753;25550;16373
11/01/2016 06:51:9;21652;74207;25283;16883
11/01/2016 07:6:9;21294;74626;25234;16626
11/01/2016 07:21:9;22154;72382;25744;16973
11/01/2016 07:36:9;22274;70873;26353;16756
11/01/2016 07:51:9;23232;66546;27358;16678
11/01/2016 08:6:9;24171;63184;28023;16751
11/01/2016 08:21:9;24074;63790;27875;16810
11/01/2016 08:36:9;24243;60257;28023;16073
11/01/2016 08:51:9;24171;60367;28023;16033
11/01/2016 09:6:9;24653;59592;28394;16284
11/01/2016 09:21:9;24968;57125;28543;15915
11/01/2016 09:36:9;25744;53038;28891;15475
11/01/2016 09:51:9;26012;54024;29165;16012
11/01/2016 10:6:9;26134;51753;29165;15452
11/01/2016 10:21:9;27850;46769;30419;15443
11/01/2016 10:36:9;27431;48459;30066;15616
11/01/2016 10:51:9;27702;46553;30117;15236
11/01/2016 11:6:9;27014;48374;29865;15207
11/01/2016 11:21:9;28543;45024;30849;15479
11/01/2016 11:36:9;27284;47261;29916;15091
11/01/2016 11:51:9;27530;46367;30142;15017
11/01/2016 12:6:9;29215;42239;31179;15089
11/01/2016 12:21:9;29165;41759;31179;14866
11/01/2016 12:36:9;29615;40339;31357;14731
11/01/2016 12:51:9;29240;41597;31179;14873
11/01/2016 13:6:9;30268;38649;31765;14649
11/01/2016 13:21:9;28891;41185;31103;14406
11/01/2016 13:36:9;30243;39545;31765;14982
11/01/2016 13:51:9;28493;42398;30798;14499
11/01/2016 14:6:9;29665;39761;31433;14552
11/01/2016 14:21:9;30293;37820;31919;14335
11/01/2016 14:36:9;27825;44908;30217;14789
11/01/2016 14:51:9;30293;40615;31765;15444
11/01/2016 15:6:9;32021;35675;33001;14954
11/01/2016 15:21:9;29640;41060;31459;15029
11/01/2016 15:36:9;31204;36792;32407;14714
11/01/2016 15:51:9;29215;40160;31153;14306
11/01/2016 16:6:9;30343;40174;31996;15318
11/01/2016 16:21:9;28990;41944;31179;14778
11/01/2016 16:36:9;27924;46579;30192;15447
11/01/2016 16:51:9;26573;49264;29365;15087
11/01/2016 17:6:9;25113;53805;28568;15115
11/01/2016 17:21:9;23833;55845;27850;14504
11/01/2016 17:36:9;23208;60879;27456;15260
11/01/2016 17:51:9;22800;63610;27161;15560
11/01/2016 18:6:9;22226;68777;26793;16237
11/01/2016 18:21:9;21700;72875;26769;16643
11/01/2016 18:36:9;21032;75331;25793;16521
11/01/2016 18:51:9;20627;77279;25380;16531
11/01/2016 19:6:9;20365;79168;25695;16657
11/01/2016 19:21:9;20293;78002;25380;16353
11/01/2016 19:36:9;19793;79255;25331;16118
11/01/2016 19:51:9;19413;80155;25137;15925
11/01/2016 20:6:9;19151;80663;25089;15768
11/01/2016 20:21:9;18985;80780;25089;15629
11/01/2016 20:36:9;18771;81395;25089;15538
11/01/2016 20:51:9;18533;82653;25477;15546
11/01/2016 21:6:9;18390;83816;26207;15624
11/01/2016 21:21:9;18247;84475;26646;15607
11/01/2016 21:36:9;18010;85326;27161;15530
11/01/2016 21:51:9;17819;85937;27702;15455
11/01/2016 22:6:9;17701;86489;28667;15438
11/01/2016 22:21:9;17605;86802;29015;15400
11/01/2016 22:36:9;17510;87162;29615;15371
11/01/2016 22:51:9;17510;87019;29590;15346
11/01/2016 23:6:9;17534;86977;29215;15362
11/01/2016 23:21:9;17510;87639;29815;15456
11/01/2016 23:36:9;17558;87888;30293;15548
11/01/2016 23:51:9;17463;88054;30343;15483
11/02/2016 00:6:9;17629;88378;30824;15705
11/02/2016 00:21:9;17582;88036;30394;15597
11/02/2016 00:36:9;17486;88155;30419;15525
11/02/2016 00:51:9;17534;88638;30722;15657
11/02/2016 01:6:9;17439;88662;30243;15567
11/02/2016 01:21:9;17391;88932;30444;15568
11/02/2016 01:36:9;17320;88821;30318;15478
11/02/2016 01:51:9;17201;88510;30142;15306
11/02/2016 02:6:9;17486;88438;30369;15575
11/02/2016 02:21:9;17724;87690;30066;15677
11/02/2016 02:36:9;17724;87524;30066;15647
11/02/2016 02:51:9;17605;87686;30016;15559
11/02/2016 03:6:9;17605;87733;30142;15567
11/02/2016 03:21:9;17748;87601;30217;15684
11/02/2016 03:36:9;17867;86792;29315;15656
11/02/2016 03:51:9;17986;85758;27974;15586
11/02/2016 04:6:9;17962;85583;27825;15530
11/02/2016 04:21:9;17938;86062;28419;15594
11/02/2016 04:36:9;18057;86283;28766;15751
11/02/2016 04:51:9;18081;86458;29190;15806
11/02/2016 05:6:9;18176;86311;29165;15873
11/02/2016 05:21:9;18842;84290;27751;16156
11/02/2016 05:36:9;20365;77911;25817;16405
11/02/2016 05:51:9;21461;74469;25428;16754
11/02/2016 06:6:9;20865;76610;25380;16625
11/02/2016 06:21:9;21223;73905;25162;16405
11/02/2016 06:36:9;22298;70793;25914;16761
11/02/2016 06:51:9;22393;69601;26500;16585
11/02/2016 07:6:9;23521;65081;27653;16601
11/02/2016 07:21:9;22800;66962;27186;16365
11/02/2016 07:36:9;22082;70810;26524;16558
11/02/2016 07:51:9;22657;67627;27038;16384
11/02/2016 08:6:9;23737;61323;27825;15872
11/02/2016 08:21:9;24605;58731;28245;16010
11/02/2016 08:36:9;26769;51645;29615;16005
11/02/2016 08:51:9;26207;51890;29265;15561
11/02/2016 09:6:9;26036;52856;29040;15692
11/02/2016 09:21:9;26134;51432;29040;15355
11/02/2016 09:36:9;27063;48315;29941;15233
11/02/2016 09:51:9;28394;43432;30950;14784
11/02/2016 10:6:9;29165;41009;31281;14585
11/02/2016 10:21:9;30091;38632;31612;14485
11/02/2016 10:36:9;30394;38350;31944;14640
11/02/2016 10:51:9;30545;38573;32175;14865
11/02/2016 11:6:9;31408;37406;32381;15151
11/02/2016 11:21:9;31179;37733;32407;15084
11/02/2016 11:36:9;31382;37648;32355;15229
11/02/2016 11:51:9;31612;36761;32820;15060
11/02/2016 12:6:9;32278;34922;33183;14848
11/02/2016 12:21:9;31740;34873;32846;14354
11/02/2016 12:36:9;31919;35877;32846;14952
11/02/2016 12:51:9;32150;34060;33287;14348
11/02/2016 13:6:9;32381;34719;33235;14848
11/02/2016 13:21:9;32639;33213;33495;14385
11/02/2016 13:36:9;32587;33672;33495;14552
11/02/2016 13:51:9;32949;32201;33783;14176
11/02/2016 14:6:9;32924;33059;32846;14560
11/02/2016 14:21:9;32355;33793;33235;14406
11/02/2016 14:36:9;32124;34270;33183;14421
11/02/2016 14:51:9;32098;33415;32820;14008
11/02/2016 15:6:9;31714;35259;32639;14502
11/02/2016 15:21:9;31052;37511;32355;14880
11/02/2016 15:36:9;30976;38339;32433;15152
11/02/2016 15:51:9;30217;39955;31791;15121
11/02/2016 16:6:9;30142;41659;31816;15705
11/02/2016 16:21:9;28916;43221;30950;15178
11/02/2016 16:36:9;26402;49469;29290;14995
11/02/2016 16:51:9;25331;52538;28444;14946
11/02/2016 17:6:9;24750;54854;28468;15079
11/02/2016 17:21:9;23208;60036;27382;15043
11/02/2016 17:36:9;22824;62371;27259;15276
11/02/2016 17:51:9;22369;62386;26916;14850
11/02/2016 18:6:9;22058;66314;26646;15506
11/02/2016 18:21:9;21485;69125;26426;15608
11/02/2016 18:36:9;21151;71027;26207;15713
11/02/2016 18:51:9;20698;74617;25695;16049
11/02/2016 19:6:9;20365;75332;25525;15876
11/02/2016 19:21:9;20150;77841;25137;16182
11/02/2016 19:36:9;19984;79035;25355;16260
11/02/2016 19:51:9;19912;80005;25331;16382
11/02/2016 20:6:9;19841;80119;25331;16335
11/02/2016 20:21:9;19603;80428;25137;16163
11/02/2016 20:36:9;19341;81444;25355;16105
11/02/2016 20:51:9;19151;81504;25137;15931
11/02/2016 21:6:9;19389;81378;25380;16139
11/02/2016 21:21:9;19365;81728;25550;16183
11/02/2016 21:36:9;19294;80001;24992;15779
11/02/2016 21:51:9;19199;81133;25137;15906
11/02/2016 22:6:9;19222;81596;25453;16018
11/02/2016 22:21:9;19056;82443;25598;16017
11/02/2016 22:36:9;19103;82579;25817;16090
11/02/2016 22:51:9;19103;82328;25793;16042
11/02/2016 23:6:9;19151;82263;25793;16076
11/02/2016 23:21:9;19008;83160;26231;16107
11/02/2016 23:36:9;18889;83532;26280;16060
11/02/2016 23:51:9;18842;83919;26720;16086
11/03/2016 00:6:9;19008;84229;27038;16307
11/03/2016 00:21:9;19032;84359;27235;16355
11/03/2016 00:36:9;19103;84696;27974;16488
11/03/2016 00:51:9;19103;84671;27924;16483
11/03/2016 01:6:9;19151;84830;28072;16559
11/03/2016 01:21:9;19103;84967;28097;16538
11/03/2016 01:36:9;19056;85398;28568;16571
11/03/2016 01:51:9;19080;85575;28791;16627
11/03/2016 02:6:9;19103;85702;29015;16674
11/03/2016 02:21:9;19175;85278;28568;16665
11/03/2016 02:36:9;19103;84868;27949;16520
11/03/2016 02:51:9;18961;85620;28766;16518
11/03/2016 03:6:9;18794;85728;28717;16375
11/03/2016 03:21:9;18675;86453;29365;16390
11/03/2016 03:36:9;18747;87073;30343;16573
11/03/2016 03:51:9;18652;87243;30672;16510
11/03/2016 04:6:9;18699;87925;31230;16679
11/03/2016 04:21:9;18842;87576;31179;16757
11/03/2016 04:36:9;19127;87308;31052;16990
11/03/2016 04:51:9;19008;86798;30192;16780
11/03/2016 05:6:9;18842;87192;30722;16688
11/03/2016 05:21:9;19698;83315;27186;16811
11/03/2016 05:36:9;19341;84578;27751;16699
11/03/2016 05:51:9;19270;85153;28543;16736
11/03/2016 06:6:9;19841;83096;26989;16909
11/03/2016 06:21:9;21127;78675;25963;17299
11/03/2016 06:36:9;20913;78472;25768;17050
11/03/2016 06:51:9;21294;77522;25768;17228
11/03/2016 07:6:9;21867;75632;25623;17392
11/03/2016 07:21:9;22154;75121;25720;17562
11/03/2016 07:36:9;22393;74951;25866;17757
11/03/2016 07:51:9;22896;73655;25963;17965
11/03/2016 08:6:9;22776;75787;26109;18304
11/03/2016 08:21:9;25453;66550;28766;18792
11/03/2016 08:36:9;24798;67773;28122;18460
11/03/2016 08:51:9;24412;68884;28122;18351
11/03/2016 09:6:9;23713;73288;27136;18672
11/03/2016 09:21:9;24122;69745;27924;18272
11/03/2016 09:36:9;27308;58770;30217;18553
11/03/2016 09:51:9;26304;61850;29389;18426
11/03/2016 10:6:9;24508;68126;28072;18266
11/03/2016 10:21:9;25574;64423;29040;18387
11/03/2016 10:36:9;25307;64822;28518;18233
11/03/2016 10:51:9;25113;67191;28617;18622
11/03/2016 11:6:9;24532;70161;28245;18760
11/03/2016 11:21:9;25477;69275;28568;19460
11/03/2016 11:36:9;27038;59099;29840;18389
11/03/2016 11:51:9;26720;60429;29540;18446
11/03/2016 12:6:9;24315;70913;27850;18723
11/03/2016 12:21:9;25525;66153;29090;18765
11/03/2016 12:36:9;21652;82359;27407;18539
11/03/2016 12:51:9;23424;77023;27259;19190
11/03/2016 13:6:9;25404;67937;28692;19077
11/03/2016 13:21:9;27579;56102;30318;18064
11/03/2016 13:36:9;25963;61856;29190;18106
11/03/2016 13:51:9;26353;59853;29439;17949
11/03/2016 14:6:9;27333;57783;30041;18305
11/03/2016 14:21:9;27727;54199;30343;17652
11/03/2016 14:36:9;28667;51444;30874;17691
11/03/2016 14:51:9;26916;54592;29640;17014
11/03/2016 15:6:9;24774;59611;28444;16403
11/03/2016 15:21:9;24871;61442;28493;16971
11/03/2016 15:36:9;25210;60164;28742;16957
11/03/2016 15:51:9;24992;62032;28568;17236
11/03/2016 16:6:9;24895;62377;28493;17232
11/03/2016 16:21:9;23954;66438;27899;17339
11/03/2016 16:36:9;23352;68294;27554;17202
11/03/2016 16:51:9;23088;70039;27284;17349
11/03/2016 17:6:9;22657;71727;27063;17313
11/03/2016 17:21:9;21891;73625;26451;16989
11/03/2016 17:36:9;21533;74266;26109;16780
11/03/2016 17:51:9;21366;75101;25841;16795
11/03/2016 18:6:9;20936;77077;25671;16790
11/03/2016 18:21:9;20865;78015;25817;16911
11/03/2016 18:36:9;20388;78990;25647;16644
11/03/2016 18:51:9;19936;79881;25355;16381
11/03/2016 19:6:9;19651;81155;25574;16351
11/03/2016 19:21:9;19413;82144;25720;16309
11/03/2016 19:36:9;19151;82565;25914;16134
11/03/2016 19:51:9;18961;82824;25914;15997
11/03/2016 20:6:9;18842;83147;25890;15941
11/03/2016 20:21:9;18675;83334;26207;15814
11/03/2016 20:36:9;18461;84352;26891;15794
11/03/2016 20:51:9;18366;84944;27456;15810
11/03/2016 21:6:9;18461;84745;27014;15867
11/03/2016 21:21:9;18414;84611;27063;15795
11/03/2016 21:36:9;18295;85099;27407;15769
11/03/2016 21:51:9;18461;85015;27481;15917
11/03/2016 22:6:9;18533;85423;28245;16062
11/03/2016 22:21:9;18557;85916;28866;16175
11/03/2016 22:36:9;18461;85650;28468;16033
11/03/2016 22:51:9;18438;86325;29340;16133
11/03/2016 23:6:9;18461;86934;30117;16267
11/03/2016 23:21:9;18580;86745;29715;16350
11/03/2016 23:36:9;18557;85746;28171;16144
11/03/2016 23:51:9;18271;85557;27998;15829
11/04/2016 00:6:9;18081;86337;29315;15784
11/04/2016 00:21:9;18343;86929;30243;16149
11/04/2016 00:36:9;18414;86850;29916;16205
11/04/2016 00:51:9;18366;86066;28766;16016
11/04/2016 01:6:9;18105;86729;29916;15879
11/04/2016 01:21:9;18033;87431;30571;15935
11/04/2016 01:36:9;17867;87128;30091;15717
11/04/2016 01:51:9;17748;87410;30469;15650
11/04/2016 02:6:9;17677;87750;30925;15640
11/04/2016 02:21:9;17629;88237;30976;15680
11/04/2016 02:36:9;17605;87947;30217;15605
11/04/2016 02:51:9;17653;87435;30419;15561
11/04/2016 03:6:9;17605;88089;30950;15630
11/04/2016 03:21:9;17748;88454;31535;15836
11/04/2016 03:36:9;17843;88501;31433;15938
11/04/2016 03:51:9;18010;88329;31281;16072
11/04/2016 04:6:9;18224;87834;31052;16194
11/04/2016 04:21:9;18081;87943;31382;16073
11/04/2016 04:36:9;18081;88062;31484;16094
11/04/2016 04:51:9;18010;88281;31408;16063
11/04/2016 05:6:9;17938;88240;31179;15985
11/04/2016 05:21:9;18842;86589;29389;16579
11/04/2016 05:36:9;19199;84198;26573;16488
11/04/2016 05:51:9;19056;84734;27505;16448
11/04/2016 06:6:9;19413;83551;26573;16576
11/04/2016 06:21:9;19603;82262;25817;16518
11/04/2016 06:36:9;20698;78375;24944;16822
11/04/2016 06:51:9;21413;75137;24677;16849
11/04/2016 07:6:9;22393;71035;25089;16907
11/04/2016 07:21:9;22561;71290;25283;17124
11/04/2016 07:36:9;23232;68445;27382;17123
11/04/2016 07:51:9;24726;61900;28493;16951
11/04/2016 08:6:9;23737;64325;27801;16623
11/04/2016 08:21:9;25671;56670;29140;16446
11/04/2016 08:36:9;25963;55527;29190;16397
11/04/2016 08:51:9;27456;51285;30217;16528
11/04/2016 09:6:9;26182;53700;29340;16075
11/04/2016 09:21:9;27481;50061;30268;16170
11/04/2016 09:36:9;28692;47794;31153;16550
11/04/2016 09:51:9;28891;47059;31204;16487
11/04/2016 10:6:9;29590;42653;31637;15578
11/04/2016 10:21:9;30369;41581;31919;15879
11/04/2016 10:36:9;30318;42223;31970;16074
11/04/2016 10:51:9;28419;45776;30798;15625
11/04/2016 11:6:9;28816;43917;31230;15337
11/04/2016 11:21:9;30369;39695;32098;15154
11/04/2016 11:36:9;29916;42180;31689;15696
11/04/2016 11:51:9;31001;38723;32458;15330
11/04/2016 12:6:9;31842;37099;32898;15406
11/04/2016 12:21:9;31459;37481;32742;15227
11/04/2016 12:36:9;29665;40378;31331;14791
11/04/2016 12:51:9;31408;37651;32820;15252
11/04/2016 13:6:9;32330;35634;33313;15207
11/04/2016 13:21:9;29414;40249;31153;14518
11/04/2016 13:36:9;30874;36551;32330;14321
11/04/2016 13:51:9;29815;39845;31689;14719
11/04/2016 14:6:9;31001;37750;32381;14934
11/04/2016 14:21:9;30293;38790;32047;14728
11/04/2016 14:36:9;30900;39024;32381;15361
11/04/2016 14:51:9;30621;40478;32227;15684
11/04/2016 15:6:9;30722;38695;32021;15071
11/04/2016 15:21:9;29665;41506;31510;15220
11/04/2016 15:36:9;29389;41783;31331;15077
11/04/2016 15:51:9;29615;40270;31561;14705
11/04/2016 16:6:9;28742;43639;30874;15171
11/04/2016 16:21:9;27998;43253;30419;14363
11/04/2016 16:36:9;26646;51693;29615;15906
11/04/2016 16:51:9;25113;57702;28642;16208
11/04/2016 17:6:9;24122;61444;27974;16266
11/04/2016 17:21:9;23016;65521;27333;16229
11/04/2016 17:36:9;22345;66045;26940;15716
11/04/2016 17:51:9;21819;66676;26622;15364
11/04/2016 18:6:9;21413;68120;26280;15311
11/04/2016 18:21:9;21032;70643;26085;15513
11/04/2016 18:36:9;20650;69929;25866;14990
11/04/2016 18:51:9;20269;73475;24412;15394
11/04/2016 19:6:9;19984;75738;24532;15592
11/04/2016 19:21:9;19793;77793;24677;15826
11/04/2016 19:36:9;19532;79769;25040;15965
11/04/2016 19:51:9;19341;80499;25113;15922
11/04/2016 20:6:9;19151;81326;25210;15897
11/04/2016 20:21:9;18961;81741;25210;15790
11/04/2016 20:36:9;18699;82890;25890;15753
11/04/2016 20:51:9;18628;83722;26353;15840
11/04/2016 21:6:9;18461;84475;26965;15817
11/04/2016 21:21:9;18295;85075;27308;15764
11/04/2016 21:36:9;18224;85156;27407;15709
11/04/2016 21:51:9;18081;85025;27161;15545
11/04/2016 22:6:9;17986;85296;27530;15501
11/04/2016 22:21:9;17819;86131;28568;15490
11/04/2016 22:36:9;17748;86740;29140;15530
11/04/2016 22:51:9;17819;86661;28692;15586
11/04/2016 23:6:9;17938;86833;28965;15734
11/04/2016 23:21:9;18105;86536;28766;15844
11/04/2016 23:36:9;18414;86198;28369;16086
11/04/2016 23:51:9;18557;85526;27628;16104
11/05/2016 00:6:9;18723;84239;26182;16029
11/05/2016 00:21:9;18699;83489;25623;15866
11/05/2016 00:36:9;18628;84143;26109;15918
11/05/2016 00:51:9;18533;83948;26012;15789
11/05/2016 01:6:9;18557;84102;26061;15841
11/05/2016 01:21:9;18438;83926;26061;15691
11/05/2016 01:36:9;18390;84113;26158;15680
11/05/2016 01:51:9;18247;84327;26109;15579
11/05/2016 02:6:9;18010;85302;27481;15526
11/05/2016 02:21:9;18033;85258;27259;15541
11/05/2016 02:36:9;18152;84944;26671;15600
11/05/2016 02:51:9;18224;84911;26842;15664
11/05/2016 03:6:9;18247;84622;26329;15634
11/05/2016 03:21:9;18200;84783;26720;15617
11/05/2016 03:36:9;18176;84508;26280;15543
11/05/2016 03:51:9;18200;84906;26500;15640
11/05/2016 04:6:9;18081;84976;26744;15536
11/05/2016 04:21:9;18081;85221;27014;15581
11/05/2016 04:36:9;18010;84764;26353;15427
11/05/2016 04:51:9;17891;84932;26378;15341
11/05/2016 05:6:9;17843;85263;26916;15355
11/05/2016 05:21:9;17962;85291;26793;15477
11/05/2016 05:36:9;19603;78877;24508;15858
11/05/2016 05:51:9;20246;76936;24653;16091
11/05/2016 06:6:9;20627;75519;24388;16168
11/05/2016 06:21:9;21772;71588;24291;16432
11/05/2016 06:36:9;20150;76412;24388;15892
11/05/2016 06:51:9;21867;70462;25355;16274
11/05/2016 07:6:9;22657;66735;27112;16175
11/05/2016 07:21:9;23040;64824;27382;16084
11/05/2016 07:36:9;23136;64077;27456;15993
11/05/2016 07:51:9;22824;64905;27259;15898
11/05/2016 08:6:9;24002;60098;28023;15805
11/05/2016 08:21:9;24847;58124;28568;16074
11/05/2016 08:36:9;24339;59148;28270;15872
11/05/2016 08:51:9;24484;57824;28270;15654
11/05/2016 09:6:9;25841;52320;29140;15353
11/05/2016 09:21:9;27751;48139;30394;15805
11/05/2016 09:36:9;28295;46259;30596;15677
11/05/2016 09:51:9;28841;43078;31204;15059
11/05/2016 10:6:9;27899;45549;30520;15076
11/05/2016 10:21:9;28468;44849;30950;15350
11/05/2016 10:36:9;30117;41520;31842;15630
11/05/2016 10:51:9;28742;45047;31077;15666
11/05/2016 11:6:9;29490;42574;31791;15459
11/05/2016 11:21:9;28916;43154;31306;15153
11/05/2016 11:36:9;30976;39136;32484;15473
11/05/2016 11:51:9;31281;37429;32742;15048
11/05/2016 12:6:9;29464;40973;31535;14839
11/05/2016 12:21:9;31408;37267;32691;15093
11/05/2016 12:36:9;30748;38524;32175;15025
11/05/2016 12:51:9;31306;38128;32691;15359
11/05/2016 13:6:9;29115;42195;31281;14983
11/05/2016 13:21:9;30016;40312;31868;15080
11/05/2016 13:36:9;30925;38403;32124;15133
11/05/2016 13:51:9;27554;44976;30243;14567
11/05/2016 14:6:9;29590;39684;31612;14455
11/05/2016 14:21:9;30066;39182;31714;14682
11/05/2016 14:36:9;31842;36327;32924;15078
11/05/2016 14:51:9;29815;39707;31586;14665
11/05/2016 15:6:9;28394;43163;30849;14687
11/05/2016 15:21:9;29991;40481;31816;15122
11/05/2016 15:36:9;28766;44079;31077;15350
11/05/2016 15:51:9;27308;47691;29991;15254
11/05/2016 16:6:9;28097;45406;30596;15206
11/05/2016 16:21:9;26524;49776;29615;15204
11/05/2016 16:36:9;25404;53340;28816;15249
11/05/2016 16:51:9;25210;54574;28642;15426
11/05/2016 17:6:9;24267;58680;27998;15680
11/05/2016 17:21:9;23352;61830;27653;15638
11/05/2016 17:36:9;22800;63285;27210;15480
11/05/2016 17:51:9;22465;63937;27136;15323
11/05/2016 18:6:9;22274;63552;26989;15048
11/05/2016 18:21:9;21939;68072;26671;15802
11/05/2016 18:36:9;21676;70454;26500;16089
11/05/2016 18:51:9;20746;76613;25525;16510
11/05/2016 19:6:9;20246;77808;25283;16268
11/05/2016 19:21:9;19841;78118;24944;15938
11/05/2016 19:36:9;19579;78976;24992;15854
11/05/2016 19:51:9;19389;79247;24702;15723
11/05/2016 20:6:9;19270;80202;24653;15795
11/05/2016 20:21:9;19127;81524;24944;15911
11/05/2016 20:36:9;19080;82196;25137;15994
11/05/2016 20:51:9;19056;82216;25210;15974
11/05/2016 21:6:9;18842;82897;25550;15894
11/05/2016 21:21:9;18699;83290;25623;15829
11/05/2016 21:36:9;18509;84140;26231;15801
11/05/2016 21:51:9;18295;85221;27186;15791
11/05/2016 22:6:9;18129;85864;27776;15745
11/05/2016 22:21:9;18081;86289;28097;15776
11/05/2016 22:36:9;18129;86034;27801;15776
11/05/2016 22:51:9;18271;85849;27530;15883
11/05/2016 23:6:9;18247;85357;27112;15769
11/05/2016 23:21:9;18295;85221;26940;15791
11/05/2016 23:36:9;18414;84390;26231;15754
11/05/2016 23:51:9;18438;84764;26646;15847
11/06/2016 00:6:9;18438;84666;26378;15829
11/06/2016 00:21:9;18461;84376;26256;15798
11/06/2016 00:36:9;18414;84833;26646;15836
11/06/2016 00:51:9;18343;84841;26695;15768
11/06/2016 01:6:9;18343;85306;27382;15853
11/06/2016 01:21:9;18200;85881;27899;15818
11/06/2016 01:36:9;18176;85778;27677;15776
11/06/2016 01:51:9;18200;85443;27136;15738
11/06/2016 02:6:9;18247;85454;27407;15787
11/06/2016 02:21:9;18057;85799;27751;15663
11/06/2016 02:36:9;18081;86434;28221;15802
11/06/2016 02:51:9;18081;85829;27431;15692
11/06/2016 03:6:9;17915;85693;27481;15504
11/06/2016 03:21:9;17629;86760;28568;15416
11/06/2016 03:36:9;17748;87076;28941;15590
11/06/2016 03:51:9;17748;87124;28941;15599
11/06/2016 04:6:9;17534;87645;29464;15481
11/06/2016 04:21:9;17629;87429;29065;15536
11/06/2016 04:36:9;17701;87256;28518;15575
11/06/2016 04:51:9;17534;86497;28023;15275
11/06/2016 05:6:9;17415;86421;28320;15145
11/06/2016 05:21:9;17463;86984;29414;15293
11/06/2016 05:36:9;17629;87239;29590;15502
11/06/2016 05:51:9;18295;85343;27431;15814
11/06/2016 06:6:9;18485;84947;27235;15927
11/06/2016 06:21:9;20103;78956;24653;16360
11/06/2016 06:36:9;20436;75374;24026;15954
11/06/2016 06:51:9;20841;73285;23545;15905
11/06/2016 07:6:9;21461;71530;22585;16121
11/06/2016 07:21:9;21008;72632;23737;15925
11/06/2016 07:36:9;21318;72278;23593;16147
11/06/2016 07:51:9;22393;68864;23785;16417
11/06/2016 08:6:9;23040;66397;27284;16460
11/06/2016 08:21:9;23497;63813;26353;16269
11/06/2016 08:36:9;24581;59277;28493;16133
11/06/2016 08:51:9;23930;60691;28023;15891
11/06/2016 09:6:9;25113;56402;28742;15851
11/06/2016 09:21:9;25890;55516;29190;16326
11/06/2016 09:36:9;25768;54400;29015;15895
11/06/2016 09:51:9;27333;50527;30192;16181
11/06/2016 10:6:9;28221;47967;30596;16177
11/06/2016 10:21:9;28791;47113;31153;16415
11/06/2016 10:36:9;28468;48850;31001;16690
11/06/2016 10:51:9;28245;47048;30646;15896
11/06/2016 11:6:9;28270;46256;30697;15653
11/06/2016 11:21:9;28717;45944;31052;15953
11/06/2016 11:36:9;29015;43805;31179;15477
11/06/2016 11:51:9;27825;45972;30495;15153
